runner,row,session,index,scored,status,detail,request_hex,expected_hex,response_hex,bytes_received,stale_before_send_hex,rtt_us
custom-runner,0,0,0,no,OK,,00 00 11 00 00 22 ff ff,00 00 11 00 22 00 00 00,00 00 11 00 22 00 00 00,8,,2689.52
custom-runner,1,0,1,no,OK,,00 01 22 ff ff 11 00 00,00 01 22 00 11 00 00 00,00 01 22 00 11 00 00 00,8,,16939.58
custom-runner,2,0,2,no,OK,,00 02 11 00 00 22 ff ff,00 02 11 00 22 00 00 00,00 02 11 00 22 00 00 00,8,,16805.10
custom-runner,3,0,3,no,OK,,00 03 22 ff ff 11 00 00,00 03 22 00 11 00 00 00,00 03 22 00 11 00 00 00,8,,17078.51
custom-runner,4,0,4,no,OK,,00 04 11 00 00 22 ff ff,00 04 11 00 22 00 00 00,00 04 11 00 22 00 00 00,8,,17006.51
custom-runner,5,0,5,no,OK,,00 05 22 ff ff 11 00 00,00 05 22 00 11 00 00 00,00 05 22 00 11 00 00 00,8,,16898.46
custom-runner,6,0,6,no,OK,,00 06 11 00 00 22 ff ff,00 06 11 00 22 00 00 00,00 06 11 00 22 00 00 00,8,,16958.28
custom-runner,7,0,7,no,OK,,00 07 22 ff ff 11 00 00,00 07 22 00 11 00 00 00,00 07 22 00 11 00 00 00,8,,16803.15
custom-runner,8,0,8,no,OK,,00 08 11 00 00 22 ff ff,00 08 11 00 22 00 00 00,00 08 11 00 22 00 00 00,8,,16895.19
custom-runner,9,0,9,no,OK,,00 09 22 ff ff 11 00 00,00 09 22 00 11 00 00 00,00 09 22 00 11 00 00 00,8,,17064.41
custom-runner,10,0,10,no,OK,,00 0a 11 00 00 22 ff ff,00 0a 11 00 22 00 00 00,00 0a 11 00 22 00 00 00,8,,16877.43
custom-runner,11,0,11,no,OK,,00 0b 22 ff ff 11 00 00,00 0b 22 00 11 00 00 00,00 0b 22 00 11 00 00 00,8,,17008.17
custom-runner,12,0,12,no,OK,,00 0c 11 00 00 22 ff ff,00 0c 11 00 22 00 00 00,00 0c 11 00 22 00 00 00,8,,17086.11
custom-runner,13,0,13,no,OK,,00 0d 22 ff ff 11 00 00,00 0d 22 00 11 00 00 00,00 0d 22 00 11 00 00 00,8,,16890.84
custom-runner,14,0,14,no,OK,,00 0e 11 00 00 22 ff ff,00 0e 11 00 22 00 00 00,00 0e 11 00 22 00 00 00,8,,16796.72
custom-runner,15,0,15,no,OK,,00 0f 22 ff ff 11 00 00,00 0f 22 00 11 00 00 00,00 0f 22 00 11 00 00 00,8,,16950.53
custom-runner,16,0,16,yes,OK,,00 10 11 ff ff 22 00 00,00 10 11 02 22 01 00 00,00 10 11 02 22 01 00 00,8,,17028.24
custom-runner,17,0,17,yes,OK,,00 11 22 ff ff 11 00 00,00 11 22 02 11 01 00 00,00 11 22 02 11 01 00 00,8,,16868.68
custom-runner,18,0,18,yes,OK,,00 12 11 00 01 22 ff fe,00 12 11 01 22 02 00 00,00 12 11 01 22 02 00 00,8,,16888.52
custom-runner,19,0,19,yes,OK,,00 13 22 00 01 11 ff fe,00 13 22 01 11 02 00 00,00 13 22 01 11 02 00 00,8,,17045.33
custom-runner,20,0,20,yes,OK,,00 14 11 ff ff 22 00 00,00 14 11 02 22 01 00 00,00 14 11 02 22 01 00 00,8,,16850.35
custom-runner,21,0,21,yes,OK,,00 15 22 ff ff 11 00 00,00 15 22 02 11 01 00 00,00 15 22 02 11 01 00 00,8,,17102.32
custom-runner,22,0,22,yes,OK,,00 16 11 00 01 22 ff fe,00 16 11 01 22 02 00 00,00 16 11 01 22 02 00 00,8,,16821.01
custom-runner,23,0,23,yes,OK,,00 17 22 00 01 11 ff fe,00 17 22 01 11 02 00 00,00 17 22 01 11 02 00 00,8,,16979.24
custom-runner,24,0,24,yes,OK,,00 18 11 ff ff 22 00 00,00 18 11 02 22 01 00 00,00 18 11 02 22 01 00 00,8,,16977.21
custom-runner,25,0,25,yes,OK,,00 19 22 ff ff 11 00 00,00 19 22 02 11 01 00 00,00 19 22 02 11 01 00 00,8,,16986.28
custom-runner,26,0,26,yes,OK,,00 1a 11 00 01 22 ff fe,00 1a 11 01 22 02 00 00,00 1a 11 01 22 02 00 00,8,,17008.19
custom-runner,27,0,27,yes,OK,,00 1b 22 00 01 11 ff fe,00 1b 22 01 11 02 00 00,00 1b 22 01 11 02 00 00,8,,16726.07
custom-runner,28,0,28,yes,OK,,00 1c 11 ff ff 22 00 00,00 1c 11 02 22 01 00 00,00 1c 11 02 22 01 00 00,8,,17021.18
custom-runner,29,0,29,yes,OK,,00 1d 22 ff ff 11 00 00,00 1d 22 02 11 01 00 00,00 1d 22 02 11 01 00 00,8,,17176.62
custom-runner,30,0,30,yes,OK,,00 1e 11 00 01 22 ff fe,00 1e 11 01 22 02 00 00,00 1e 11 01 22 02 00 00,8,,16906.92
custom-runner,31,0,31,yes,OK,,00 1f 22 00 01 11 ff fe,00 1f 22 01 11 02 00 00,00 1f 22 01 11 02 00 00,8,,16794.58
custom-runner,32,0,32,yes,OK,,00 20 11 ff ff 22 00 00,00 20 11 02 22 01 00 00,00 20 11 02 22 01 00 00,8,,16876.18
custom-runner,33,0,33,yes,OK,,00 21 22 ff ff 11 00 00,00 21 22 02 11 01 00 00,00 21 22 02 11 01 00 00,8,,16913.47
custom-runner,34,0,34,yes,OK,,00 22 11 00 01 22 ff fe,00 22 11 01 22 02 00 00,00 22 11 01 22 02 00 00,8,,17112.48
custom-runner,35,0,35,yes,OK,,00 23 22 00 01 11 ff fe,00 23 22 01 11 02 00 00,00 23 22 01 11 02 00 00,8,,16940.83
custom-runner,36,0,36,yes,OK,,00 24 11 ff ff 22 00 00,00 24 11 02 22 01 00 00,00 24 11 02 22 01 00 00,8,,16899.55
custom-runner,37,0,37,yes,OK,,00 25 22 ff ff 11 00 00,00 25 22 02 11 01 00 00,00 25 22 02 11 01 00 00,8,,16915.83
custom-runner,38,0,38,yes,OK,,00 26 11 00 01 22 ff fe,00 26 11 01 22 02 00 00,00 26 11 01 22 02 00 00,8,,16987.40
custom-runner,39,0,39,yes,OK,,00 27 22 00 01 11 ff fe,00 27 22 01 11 02 00 00,00 27 22 01 11 02 00 00,8,,16854.17
custom-runner,40,0,40,yes,OK,,00 28 11 ff ff 22 00 00,00 28 11 02 22 01 00 00,00 28 11 02 22 01 00 00,8,,16982.16
custom-runner,41,0,41,yes,OK,,00 29 22 ff ff 11 00 00,00 29 22 02 11 01 00 00,00 29 22 02 11 01 00 00,8,,16914.07
custom-runner,42,0,42,yes,OK,,00 2a 11 00 01 22 ff fe,00 2a 11 01 22 02 00 00,00 2a 11 01 22 02 00 00,8,,17123.33
custom-runner,43,0,43,yes,OK,,00 2b 22 00 01 11 ff fe,00 2b 22 01 11 02 00 00,00 2b 22 01 11 02 00 00,8,,16939.49
custom-runner,44,0,44,yes,OK,,00 2c 11 ff ff 22 00 00,00 2c 11 02 22 01 00 00,00 2c 11 02 22 01 00 00,8,,16745.66
custom-runner,45,0,45,yes,OK,,00 2d 22 ff ff 11 00 00,00 2d 22 02 11 01 00 00,00 2d 22 02 11 01 00 00,8,,16895.04
custom-runner,46,0,46,yes,OK,,00 2e 11 00 01 22 ff fe,00 2e 11 01 22 02 00 00,00 2e 11 01 22 02 00 00,8,,16875.08
custom-runner,47,0,47,yes,OK,,00 2f 22 00 01 11 ff fe,00 2f 22 01 11 02 00 00,00 2f 22 01 11 02 00 00,8,,16973.59
custom-runner,48,0,48,yes,OK,,00 30 11 ff ff 22 00 00,00 30 11 02 22 01 00 00,00 30 11 02 22 01 00 00,8,,16838.15
custom-runner,49,0,49,yes,OK,,00 31 22 ff ff 11 00 00,00 31 22 02 11 01 00 00,00 31 22 02 11 01 00 00,8,,16970.07
custom-runner,50,0,50,yes,OK,,00 32 11 00 01 22 ff fe,00 32 11 01 22 02 00 00,00 32 11 01 22 02 00 00,8,,16960.71
custom-runner,51,0,51,yes,OK,,00 33 22 00 01 11 ff fe,00 33 22 01 11 02 00 00,00 33 22 01 11 02 00 00,8,,16853.03
custom-runner,52,0,52,yes,OK,,00 34 11 ff ff 22 00 00,00 34 11 02 22 01 00 00,00 34 11 02 22 01 00 00,8,,16909.16
custom-runner,53,0,53,yes,OK,,00 35 22 ff ff 11 00 00,00 35 22 02 11 01 00 00,00 35 22 02 11 01 00 00,8,,16980.44
custom-runner,54,0,54,yes,OK,,00 36 11 00 01 22 ff fe,00 36 11 01 22 02 00 00,00 36 11 01 22 02 00 00,8,,16896.69
custom-runner,55,0,55,yes,OK,,00 37 22 00 01 11 ff fe,00 37 22 01 11 02 00 00,00 37 22 01 11 02 00 00,8,,16945.90
custom-runner,56,0,56,yes,OK,,00 38 11 ff ff 22 00 00,00 38 11 02 22 01 00 00,00 38 11 02 22 01 00 00,8,,16932.68
custom-runner,57,0,57,yes,OK,,00 39 22 ff ff 11 00 00,00 39 22 02 11 01 00 00,00 39 22 02 11 01 00 00,8,,16954.00
custom-runner,58,0,58,yes,OK,,00 3a 11 00 01 22 ff fe,00 3a 11 01 22 02 00 00,00 3a 11 01 22 02 00 00,8,,16819.25
custom-runner,59,0,59,yes,OK,,00 3b 22 00 01 11 ff fe,00 3b 22 01 11 02 00 00,00 3b 22 01 11 02 00 00,8,,17041.59
custom-runner,60,0,60,yes,OK,,00 3c 11 ff ff 22 00 00,00 3c 11 02 22 01 00 00,00 3c 11 02 22 01 00 00,8,,16934.67
custom-runner,61,0,61,yes,OK,,00 3d 22 ff ff 11 00 00,00 3d 22 02 11 01 00 00,00 3d 22 02 11 01 00 00,8,,16866.87
custom-runner,62,0,62,yes,OK,,00 3e 11 00 01 22 ff fe,00 3e 11 01 22 02 00 00,00 3e 11 01 22 02 00 00,8,,17022.78
custom-runner,63,0,63,yes,OK,,00 3f 22 00 01 11 ff fe,00 3f 22 01 11 02 00 00,00 3f 22 01 11 02 00 00,8,,16896.72
custom-runner,64,0,64,yes,OK,,00 40 11 ff ff 22 00 00,00 40 11 02 22 01 00 00,00 40 11 02 22 01 00 00,8,,16960.06
custom-runner,65,0,65,yes,OK,,00 41 22 ff ff 11 00 00,00 41 22 02 11 01 00 00,00 41 22 02 11 01 00 00,8,,17061.42
custom-runner,66,0,66,yes,OK,,00 42 11 00 01 22 ff fe,00 42 11 01 22 02 00 00,00 42 11 01 22 02 00 00,8,,16761.88
custom-runner,67,0,67,yes,OK,,00 43 22 00 01 11 ff fe,00 43 22 01 11 02 00 00,00 43 22 01 11 02 00 00,8,,16992.22
custom-runner,68,0,68,yes,OK,,00 44 11 ff ff 22 00 00,00 44 11 02 22 01 00 00,00 44 11 02 22 01 00 00,8,,17001.21
custom-runner,69,0,69,yes,OK,,00 45 22 ff ff 11 00 00,00 45 22 02 11 01 00 00,00 45 22 02 11 01 00 00,8,,16777.40
custom-runner,70,0,70,yes,OK,,00 46 11 00 01 22 ff fe,00 46 11 01 22 02 00 00,00 46 11 01 22 02 00 00,8,,17142.22
custom-runner,71,0,71,yes,OK,,00 47 22 00 01 11 ff fe,00 47 22 01 11 02 00 00,00 47 22 01 11 02 00 00,8,,16911.79
custom-runner,72,0,72,yes,OK,,00 48 11 ff ff 22 00 00,00 48 11 02 22 01 00 00,00 48 11 02 22 01 00 00,8,,17041.54
custom-runner,73,0,73,yes,OK,,00 49 22 ff ff 11 00 00,00 49 22 02 11 01 00 00,00 49 22 02 11 01 00 00,8,,16770.00
custom-runner,74,0,74,yes,OK,,00 4a 11 00 01 22 ff fe,00 4a 11 01 22 02 00 00,00 4a 11 01 22 02 00 00,8,,17164.71
custom-runner,75,0,75,yes,OK,,00 4b 22 00 01 11 ff fe,00 4b 22 01 11 02 00 00,00 4b 22 01 11 02 00 00,8,,16895.91
custom-runner,76,0,76,yes,OK,,00 4c 11 ff ff 22 00 00,00 4c 11 02 22 01 00 00,00 4c 11 02 22 01 00 00,8,,16997.13
custom-runner,77,0,77,yes,OK,,00 4d 22 ff ff 11 00 00,00 4d 22 02 11 01 00 00,00 4d 22 02 11 01 00 00,8,,16933.53
custom-runner,78,0,78,yes,OK,,00 4e 11 00 01 22 ff fe,00 4e 11 01 22 02 00 00,00 4e 11 01 22 02 00 00,8,,16727.95
custom-runner,79,0,79,yes,OK,,00 4f 22 00 01 11 ff fe,00 4f 22 01 11 02 00 00,00 4f 22 01 11 02 00 00,8,,16917.79
custom-runner,80,0,80,yes,OK,,00 50 11 ff ff 22 00 00,00 50 11 02 22 01 00 00,00 50 11 02 22 01 00 00,8,,17006.22
custom-runner,81,0,81,yes,OK,,00 51 22 ff ff 11 00 00,00 51 22 02 11 01 00 00,00 51 22 02 11 01 00 00,8,,16993.31
custom-runner,82,0,82,yes,OK,,00 52 11 00 01 22 ff fe,00 52 11 01 22 02 00 00,00 52 11 01 22 02 00 00,8,,17266.72
custom-runner,83,0,83,yes,OK,,00 53 22 00 01 11 ff fe,00 53 22 01 11 02 00 00,00 53 22 01 11 02 00 00,8,,16624.21
custom-runner,84,0,84,yes,OK,,00 54 11 ff ff 22 00 00,00 54 11 02 22 01 00 00,00 54 11 02 22 01 00 00,8,,16984.35
custom-runner,85,0,85,yes,OK,,00 55 22 ff ff 11 00 00,00 55 22 02 11 01 00 00,00 55 22 02 11 01 00 00,8,,16931.86
custom-runner,86,0,86,yes,OK,,00 56 11 00 01 22 ff fe,00 56 11 01 22 02 00 00,00 56 11 01 22 02 00 00,8,,16888.00
custom-runner,87,0,87,yes,OK,,00 57 22 00 01 11 ff fe,00 57 22 01 11 02 00 00,00 57 22 01 11 02 00 00,8,,16889.10
custom-runner,88,0,88,yes,OK,,00 58 11 ff ff 22 00 00,00 58 11 02 22 01 00 00,00 58 11 02 22 01 00 00,8,,17033.64
custom-runner,89,0,89,yes,OK,,00 59 22 ff ff 11 00 00,00 59 22 02 11 01 00 00,00 59 22 02 11 01 00 00,8,,16817.08
custom-runner,90,0,90,yes,OK,,00 5a 11 00 01 22 ff fe,00 5a 11 01 22 02 00 00,00 5a 11 01 22 02 00 00,8,,17102.82
custom-runner,91,0,91,yes,OK,,00 5b 22 00 01 11 ff fe,00 5b 22 01 11 02 00 00,00 5b 22 01 11 02 00 00,8,,16960.79
custom-runner,92,0,92,yes,OK,,00 5c 11 ff ff 22 00 00,00 5c 11 02 22 01 00 00,00 5c 11 02 22 01 00 00,8,,16894.57
custom-runner,93,0,93,yes,OK,,00 5d 22 ff ff 11 00 00,00 5d 22 02 11 01 00 00,00 5d 22 02 11 01 00 00,8,,17044.52
custom-runner,94,0,94,yes,OK,,00 5e 11 00 01 22 ff fe,00 5e 11 01 22 02 00 00,00 5e 11 01 22 02 00 00,8,,16896.08
custom-runner,95,0,95,yes,OK,,00 5f 22 00 01 11 ff fe,00 5f 22 01 11 02 00 00,00 5f 22 01 11 02 00 00,8,,16921.49
custom-runner,96,0,96,yes,OK,,00 60 11 ff ff 22 00 00,00 60 11 02 22 01 00 00,00 60 11 02 22 01 00 00,8,,16976.31
custom-runner,97,0,97,yes,OK,,00 61 22 ff ff 11 00 00,00 61 22 02 11 01 00 00,00 61 22 02 11 01 00 00,8,,16823.55
custom-runner,98,0,98,yes,OK,,00 62 11 00 01 22 ff fe,00 62 11 01 22 02 00 00,00 62 11 01 22 02 00 00,8,,16947.18
custom-runner,99,0,99,yes,OK,,00 63 22 00 01 11 ff fe,00 63 22 01 11 02 00 00,00 63 22 01 11 02 00 00,8,,16993.48
custom-runner,100,1,0,no,OK,,00 00 11 00 64 22 00 c8,00 00 11 00 22 00 00 00,00 00 11 00 22 00 00 00,8,,16731.75
custom-runner,101,1,1,no,OK,,00 01 11 00 64 22 00 c8,00 01 11 00 22 00 00 00,00 01 11 00 22 00 00 00,8,,17199.05
custom-runner,102,1,2,no,OK,,00 02 11 00 64 22 00 c8,00 02 11 00 22 00 00 00,00 02 11 00 22 00 00 00,8,,16729.41
custom-runner,103,1,3,no,OK,,00 03 11 00 64 22 00 c8,00 03 11 00 22 00 00 00,00 03 11 00 22 00 00 00,8,,16968.93
custom-runner,104,1,4,no,OK,,00 04 11 00 64 22 00 c8,00 04 11 00 22 00 00 00,00 04 11 00 22 00 00 00,8,,16975.53
custom-runner,105,1,5,no,OK,,00 05 11 00 64 22 00 c8,00 05 11 00 22 00 00 00,00 05 11 00 22 00 00 00,8,,16920.03
custom-runner,106,1,6,no,OK,,00 06 11 00 64 22 00 c8,00 06 11 00 22 00 00 00,00 06 11 00 22 00 00 00,8,,16956.44
custom-runner,107,1,7,no,OK,,00 07 11 00 64 22 00 c8,00 07 11 00 22 00 00 00,00 07 11 00 22 00 00 00,8,,16916.99
custom-runner,108,1,8,no,OK,,00 08 11 00 64 22 00 c8,00 08 11 00 22 00 00 00,00 08 11 00 22 00 00 00,8,,16958.69
custom-runner,109,1,9,no,OK,,00 09 11 00 64 22 00 c8,00 09 11 00 22 00 00 00,00 09 11 00 22 00 00 00,8,,16939.26
custom-runner,110,1,10,no,OK,,00 0a 11 00 64 22 00 c8,00 0a 11 00 22 00 00 00,00 0a 11 00 22 00 00 00,8,,16961.53
custom-runner,111,1,11,no,OK,,00 0b 11 00 64 22 00 c8,00 0b 11 00 22 00 00 00,00 0b 11 00 22 00 00 00,8,,16791.84
custom-runner,112,1,12,no,OK,,00 0c 11 00 64 22 00 c8,00 0c 11 00 22 00 00 00,00 0c 11 00 22 00 00 00,8,,17152.54
custom-runner,113,1,13,no,OK,,00 0d 11 00 64 22 00 c8,00 0d 11 00 22 00 00 00,00 0d 11 00 22 00 00 00,8,,16908.96
custom-runner,114,1,14,no,OK,,00 0e 11 00 64 22 00 c8,00 0e 11 00 22 00 00 00,00 0e 11 00 22 00 00 00,8,,16927.95
custom-runner,115,1,15,no,OK,,00 0f 11 00 64 22 00 c8,00 0f 11 00 22 00 00 00,00 0f 11 00 22 00 00 00,8,,16962.69
custom-runner,116,1,16,yes,OK,,00 10 11 00 64 22 00 c8,00 10 11 00 22 00 00 00,00 10 11 00 22 00 00 00,8,,17035.21
custom-runner,117,1,17,yes,OK,,00 11 11 00 64 22 00 c8,00 11 11 00 22 00 00 00,00 11 11 00 22 00 00 00,8,,16720.06
custom-runner,118,1,18,yes,OK,,00 12 11 00 64 22 00 c8,00 12 11 00 22 00 00 00,00 12 11 00 22 00 00 00,8,,17051.33
custom-runner,119,1,19,yes,OK,,00 13 11 00 64 22 00 c8,00 13 11 00 22 00 00 00,00 13 11 00 22 00 00 00,8,,16947.84
custom-runner,120,1,20,yes,OK,,00 14 11 00 64 22 00 c8,00 14 11 00 22 00 00 00,00 14 11 00 22 00 00 00,8,,16906.04
custom-runner,121,1,21,yes,OK,,00 15 11 00 64 22 00 c8,00 15 11 00 22 00 00 00,00 15 11 00 22 00 00 00,8,,16999.50
custom-runner,122,1,22,yes,OK,,00 16 11 00 64 22 00 c8,00 16 11 00 22 00 00 00,00 16 11 00 22 00 00 00,8,,17154.25
custom-runner,123,1,23,yes,OK,,00 17 11 00 64 22 00 c8,00 17 11 00 22 00 00 00,00 17 11 00 22 00 00 00,8,,16669.50
custom-runner,124,1,24,yes,OK,,00 18 11 00 64 22 00 c8,00 18 11 00 22 00 00 00,00 18 11 00 22 00 00 00,8,,16995.96
custom-runner,125,1,25,yes,OK,,00 19 11 00 64 22 00 c8,00 19 11 00 22 00 00 00,00 19 11 00 22 00 00 00,8,,16789.75
custom-runner,126,1,26,yes,OK,,00 1a 11 00 64 22 00 c8,00 1a 11 00 22 00 00 00,00 1a 11 00 22 00 00 00,8,,16840.69
custom-runner,127,1,27,yes,OK,,00 1b 11 00 64 22 00 c8,00 1b 11 00 22 00 00 00,00 1b 11 00 22 00 00 00,8,,17058.35
custom-runner,128,1,28,yes,OK,,00 1c 11 00 64 22 00 c8,00 1c 11 00 22 00 00 00,00 1c 11 00 22 00 00 00,8,,17087.86
custom-runner,129,1,29,yes,OK,,00 1d 11 00 64 22 00 c8,00 1d 11 00 22 00 00 00,00 1d 11 00 22 00 00 00,8,,16978.02
custom-runner,130,1,30,yes,OK,,00 1e 11 00 64 22 00 c8,00 1e 11 00 22 00 00 00,00 1e 11 00 22 00 00 00,8,,16834.24
custom-runner,131,1,31,yes,OK,,00 1f 11 00 64 22 00 c8,00 1f 11 00 22 00 00 00,00 1f 11 00 22 00 00 00,8,,16995.65
custom-runner,132,1,32,yes,OK,,00 20 11 00 64 22 00 c8,00 20 11 00 22 00 00 00,00 20 11 00 22 00 00 00,8,,16726.29
custom-runner,133,1,33,yes,OK,,00 21 11 00 64 22 00 c8,00 21 11 00 22 00 00 00,00 21 11 00 22 00 00 00,8,,17069.23
custom-runner,134,1,34,yes,OK,,00 22 11 00 64 22 00 c8,00 22 11 00 22 00 00 00,00 22 11 00 22 00 00 00,8,,17313.19
custom-runner,135,1,35,yes,OK,,00 23 11 00 64 22 00 c8,00 23 11 00 22 00 00 00,00 23 11 00 22 00 00 00,8,,16782.26
custom-runner,136,1,36,yes,OK,,00 24 11 00 64 22 00 c8,00 24 11 00 22 00 00 00,00 24 11 00 22 00 00 00,8,,16722.12
custom-runner,137,1,37,yes,OK,,00 25 11 00 64 22 00 c8,00 25 11 00 22 00 00 00,00 25 11 00 22 00 00 00,8,,16815.23
custom-runner,138,1,38,yes,OK,,00 26 11 00 64 22 00 c8,00 26 11 00 22 00 00 00,00 26 11 00 22 00 00 00,8,,17103.05
custom-runner,139,1,39,yes,OK,,00 27 11 00 64 22 00 c8,00 27 11 00 22 00 00 00,00 27 11 00 22 00 00 00,8,,17245.00
custom-runner,140,1,40,yes,OK,,00 28 11 00 64 22 00 c8,00 28 11 00 22 00 00 00,00 28 11 00 22 00 00 00,8,,17085.90
custom-runner,141,1,41,yes,OK,,00 29 11 00 64 22 00 c8,00 29 11 00 22 00 00 00,00 29 11 00 22 00 00 00,8,,16569.84
custom-runner,142,1,42,yes,OK,,00 2a 11 00 64 22 00 c8,00 2a 11 00 22 00 00 00,00 2a 11 00 22 00 00 00,8,,16941.60
custom-runner,143,1,43,yes,OK,,00 2b 11 00 64 22 00 c8,00 2b 11 00 22 00 00 00,00 2b 11 00 22 00 00 00,8,,16743.04
custom-runner,144,1,44,yes,OK,,00 2c 11 00 64 22 00 c8,00 2c 11 00 22 00 00 00,00 2c 11 00 22 00 00 00,8,,17014.13
custom-runner,145,1,45,yes,OK,,00 2d 11 00 64 22 00 c8,00 2d 11 00 22 00 00 00,00 2d 11 00 22 00 00 00,8,,16903.04
custom-runner,146,1,46,yes,OK,,00 2e 11 00 64 22 00 c8,00 2e 11 00 22 00 00 00,00 2e 11 00 22 00 00 00,8,,16917.30
custom-runner,147,1,47,yes,OK,,00 2f 11 00 64 22 00 c8,00 2f 11 00 22 00 00 00,00 2f 11 00 22 00 00 00,8,,16896.90
custom-runner,148,1,48,yes,OK,,00 30 11 00 64 22 00 c8,00 30 11 00 22 00 00 00,00 30 11 00 22 00 00 00,8,,16861.06
custom-runner,149,1,49,yes,OK,,00 31 11 00 64 22 00 c8,00 31 11 00 22 00 00 00,00 31 11 00 22 00 00 00,8,,17096.24
custom-runner,150,1,50,yes,OK,,00 32 11 00 64 22 00 c8,00 32 11 00 22 00 00 00,00 32 11 00 22 00 00 00,8,,16817.22
custom-runner,151,1,51,yes,OK,,00 33 11 00 64 22 00 c8,00 33 11 00 22 00 00 00,00 33 11 00 22 00 00 00,8,,17068.32
custom-runner,152,1,52,yes,OK,,00 34 11 00 64 22 00 c8,00 34 11 00 22 00 00 00,00 34 11 00 22 00 00 00,8,,16860.35
custom-runner,153,1,53,yes,OK,,00 35 11 00 64 22 00 c8,00 35 11 00 22 00 00 00,00 35 11 00 22 00 00 00,8,,16878.84
custom-runner,154,1,54,yes,OK,,00 36 11 00 64 22 00 c8,00 36 11 00 22 00 00 00,00 36 11 00 22 00 00 00,8,,16956.48
custom-runner,155,1,55,yes,OK,,00 37 11 00 64 22 00 c8,00 37 11 00 22 00 00 00,00 37 11 00 22 00 00 00,8,,17000.85
custom-runner,156,1,56,yes,OK,,00 38 11 00 64 22 00 c8,00 38 11 00 22 00 00 00,00 38 11 00 22 00 00 00,8,,16961.20
custom-runner,157,1,57,yes,OK,,00 39 11 00 64 22 00 c8,00 39 11 00 22 00 00 00,00 39 11 00 22 00 00 00,8,,16753.24
custom-runner,158,1,58,yes,OK,,00 3a 11 00 64 22 00 c8,00 3a 11 00 22 00 00 00,00 3a 11 00 22 00 00 00,8,,17117.42
custom-runner,159,1,59,yes,OK,,00 3b 11 00 64 22 00 c8,00 3b 11 00 22 00 00 00,00 3b 11 00 22 00 00 00,8,,16879.97
custom-runner,160,1,60,yes,OK,,00 3c 11 00 64 22 00 c8,00 3c 11 00 22 00 00 00,00 3c 11 00 22 00 00 00,8,,16913.17
custom-runner,161,1,61,yes,OK,,00 3d 11 00 64 22 00 c8,00 3d 11 00 22 00 00 00,00 3d 11 00 22 00 00 00,8,,16994.06
custom-runner,162,1,62,yes,OK,,00 3e 11 00 64 22 00 c8,00 3e 11 00 22 00 00 00,00 3e 11 00 22 00 00 00,8,,17015.05
custom-runner,163,1,63,yes,OK,,00 3f 11 00 64 22 00 c8,00 3f 11 00 22 00 00 00,00 3f 11 00 22 00 00 00,8,,16949.66
custom-runner,164,1,64,yes,OK,,00 40 11 00 64 22 00 c8,00 40 11 00 22 00 00 00,00 40 11 00 22 00 00 00,8,,16862.80
custom-runner,165,1,65,yes,OK,,00 41 11 00 64 22 00 c8,00 41 11 00 22 00 00 00,00 41 11 00 22 00 00 00,8,,16994.85
custom-runner,166,1,66,yes,OK,,00 42 11 00 64 22 00 c8,00 42 11 00 22 00 00 00,00 42 11 00 22 00 00 00,8,,16973.21
custom-runner,167,1,67,yes,OK,,00 43 11 00 64 22 00 c8,00 43 11 00 22 00 00 00,00 43 11 00 22 00 00 00,8,,17016.09
custom-runner,168,1,68,yes,OK,,00 44 11 00 64 22 00 c8,00 44 11 00 22 00 00 00,00 44 11 00 22 00 00 00,8,,16921.65
custom-runner,169,1,69,yes,OK,,00 45 11 00 64 22 00 c8,00 45 11 00 22 00 00 00,00 45 11 00 22 00 00 00,8,,16956.97
custom-runner,170,1,70,yes,OK,,00 46 11 00 64 22 00 c8,00 46 11 00 22 00 00 00,00 46 11 00 22 00 00 00,8,,16802.80
custom-runner,171,1,71,yes,OK,,00 47 11 00 64 22 00 c8,00 47 11 00 22 00 00 00,00 47 11 00 22 00 00 00,8,,16911.29
custom-runner,172,1,72,yes,OK,,00 48 11 00 64 22 00 c8,00 48 11 00 22 00 00 00,00 48 11 00 22 00 00 00,8,,17040.96
custom-runner,173,1,73,yes,OK,,00 49 11 00 64 22 00 c8,00 49 11 00 22 00 00 00,00 49 11 00 22 00 00 00,8,,17024.26
custom-runner,174,1,74,yes,OK,,00 4a 11 00 64 22 00 c8,00 4a 11 00 22 00 00 00,00 4a 11 00 22 00 00 00,8,,17030.84
custom-runner,175,1,75,yes,OK,,00 4b 11 00 64 22 00 c8,00 4b 11 00 22 00 00 00,00 4b 11 00 22 00 00 00,8,,16897.76
custom-runner,176,1,76,yes,OK,,00 4c 11 00 64 22 00 c8,00 4c 11 00 22 00 00 00,00 4c 11 00 22 00 00 00,8,,16951.44
custom-runner,177,1,77,yes,OK,,00 4d 11 00 64 22 00 c8,00 4d 11 00 22 00 00 00,00 4d 11 00 22 00 00 00,8,,16984.73
custom-runner,178,1,78,yes,OK,,00 4e 11 00 64 22 00 c8,00 4e 11 00 22 00 00 00,00 4e 11 00 22 00 00 00,8,,16901.17
custom-runner,179,1,79,yes,OK,,00 4f 11 00 64 22 00 c8,00 4f 11 00 22 00 00 00,00 4f 11 00 22 00 00 00,8,,16908.90
custom-runner,180,1,80,yes,OK,,00 50 11 00 64 22 00 c8,00 50 11 00 22 00 00 00,00 50 11 00 22 00 00 00,8,,16817.96
custom-runner,181,1,81,yes,OK,,00 51 11 00 64 22 00 c8,00 51 11 00 22 00 00 00,00 51 11 00 22 00 00 00,8,,17123.24
custom-runner,182,1,82,yes,OK,,00 52 11 00 64 22 00 c8,00 52 11 00 22 00 00 00,00 52 11 00 22 00 00 00,8,,16960.76
custom-runner,183,1,83,yes,OK,,00 53 11 00 64 22 00 c8,00 53 11 00 22 00 00 00,00 53 11 00 22 00 00 00,8,,17286.03
custom-runner,184,1,84,yes,OK,,00 54 11 00 64 22 00 c8,00 54 11 00 22 00 00 00,00 54 11 00 22 00 00 00,8,,16220.10
custom-runner,185,1,85,yes,OK,,00 55 11 00 64 22 00 c8,00 55 11 00 22 00 00 00,00 55 11 00 22 00 00 00,8,,16855.15
custom-runner,186,1,86,yes,OK,,00 56 11 00 64 22 00 c8,00 56 11 00 22 00 00 00,00 56 11 00 22 00 00 00,8,,17388.42
custom-runner,187,1,87,yes,OK,,00 57 11 00 64 22 00 c8,00 57 11 00 22 00 00 00,00 57 11 00 22 00 00 00,8,,17174.41
custom-runner,188,1,88,yes,OK,,00 58 11 00 64 22 00 c8,00 58 11 00 22 00 00 00,00 58 11 00 22 00 00 00,8,,16482.07
custom-runner,189,1,89,yes,OK,,00 59 11 00 64 22 00 c8,00 59 11 00 22 00 00 00,00 59 11 00 22 00 00 00,8,,17479.42
custom-runner,190,1,90,yes,OK,,00 5a 11 00 64 22 00 c8,00 5a 11 00 22 00 00 00,00 5a 11 00 22 00 00 00,8,,16861.75
custom-runner,191,1,91,yes,OK,,00 5b 11 00 64 22 00 c8,00 5b 11 00 22 00 00 00,00 5b 11 00 22 00 00 00,8,,16446.50
custom-runner,192,1,92,yes,OK,,00 5c 11 00 64 22 00 c8,00 5c 11 00 22 00 00 00,00 5c 11 00 22 00 00 00,8,,17474.86
custom-runner,193,1,93,yes,OK,,00 5d 11 00 64 22 00 c8,00 5d 11 00 22 00 00 00,00 5d 11 00 22 00 00 00,8,,16520.66
custom-runner,194,1,94,yes,OK,,00 5e 11 00 64 22 00 c8,00 5e 11 00 22 00 00 00,00 5e 11 00 22 00 00 00,8,,16887.10
custom-runner,195,1,95,yes,OK,,00 5f 11 00 64 22 00 c8,00 5f 11 00 22 00 00 00,00 5f 11 00 22 00 00 00,8,,16841.74
custom-runner,196,1,96,yes,OK,,00 60 11 00 64 22 00 c8,00 60 11 00 22 00 00 00,00 60 11 00 22 00 00 00,8,,16977.47
custom-runner,197,1,97,yes,OK,,00 61 11 00 64 22 00 c8,00 61 11 00 22 00 00 00,00 61 11 00 22 00 00 00,8,,16771.02
custom-runner,198,1,98,yes,OK,,00 62 11 00 64 22 00 c8,00 62 11 00 22 00 00 00,00 62 11 00 22 00 00 00,8,,17061.58
custom-runner,199,1,99,yes,OK,,00 63 11 00 64 22 00 c8,00 63 11 00 22 00 00 00,00 63 11 00 22 00 00 00,8,,16902.84
custom-runner,200,2,0,no,OK,,00 00 11 00 64 22 00 c8,00 00 11 00 22 00 00 00,00 00 11 00 22 00 00 00,8,,16944.24
custom-runner,201,2,1,no,OK,,00 01 22 00 c8 11 00 64,00 01 22 00 11 00 00 00,00 01 22 00 11 00 00 00,8,,17003.24
custom-runner,202,2,2,no,OK,,00 02 11 00 64 22 00 c8,00 02 11 00 22 00 00 00,00 02 11 00 22 00 00 00,8,,16929.83
custom-runner,203,2,3,no,OK,,00 03 22 00 c8 11 00 64,00 03 22 00 11 00 00 00,00 03 22 00 11 00 00 00,8,,16803.06
custom-runner,204,2,4,no,OK,,00 04 11 00 64 22 00 c8,00 04 11 00 22 00 00 00,00 04 11 00 22 00 00 00,8,,16939.20
custom-runner,205,2,5,no,OK,,00 05 22 00 c8 11 00 64,00 05 22 00 11 00 00 00,00 05 22 00 11 00 00 00,8,,16772.76
custom-runner,206,2,6,no,OK,,00 06 11 00 64 22 00 c8,00 06 11 00 22 00 00 00,00 06 11 00 22 00 00 00,8,,17031.51
custom-runner,207,2,7,no,OK,,00 07 22 00 c8 11 00 64,00 07 22 00 11 00 00 00,00 07 22 00 11 00 00 00,8,,16981.96
custom-runner,208,2,8,no,OK,,00 08 11 00 64 22 00 c8,00 08 11 00 22 00 00 00,00 08 11 00 22 00 00 00,8,,16801.59
custom-runner,209,2,9,no,OK,,00 09 22 00 c8 11 00 64,00 09 22 00 11 00 00 00,00 09 22 00 11 00 00 00,8,,17052.56
custom-runner,210,2,10,no,OK,,00 0a 11 00 64 22 00 c8,00 0a 11 00 22 00 00 00,00 0a 11 00 22 00 00 00,8,,16808.42
custom-runner,211,2,11,no,OK,,00 0b 22 00 c8 11 00 64,00 0b 22 00 11 00 00 00,00 0b 22 00 11 00 00 00,8,,17050.19
custom-runner,212,2,12,no,OK,,00 0c 11 00 64 22 00 c8,00 0c 11 00 22 00 00 00,00 0c 11 00 22 00 00 00,8,,16955.94
custom-runner,213,2,13,no,OK,,00 0d 22 00 c8 11 00 64,00 0d 22 00 11 00 00 00,00 0d 22 00 11 00 00 00,8,,16929.20
custom-runner,214,2,14,no,OK,,00 0e 11 00 64 22 00 c8,00 0e 11 00 22 00 00 00,00 0e 11 00 22 00 00 00,8,,17013.35
custom-runner,215,2,15,no,OK,,00 0f 22 00 c8 11 00 64,00 0f 22 00 11 00 00 00,00 0f 22 00 11 00 00 00,8,,16813.66
custom-runner,216,2,16,yes,OK,,00 10 11 00 64 22 00 c8,00 10 11 00 22 00 00 00,00 10 11 00 22 00 00 00,8,,16995.34
custom-runner,217,2,17,yes,OK,,00 11 22 00 c8 11 00 64,00 11 22 00 11 00 00 00,00 11 22 00 11 00 00 00,8,,16974.05
custom-runner,218,2,18,yes,OK,,00 12 11 00 64 22 00 c8,00 12 11 00 22 00 00 00,00 12 11 00 22 00 00 00,8,,16893.37
custom-runner,219,2,19,yes,OK,,00 13 22 00 c8 11 00 64,00 13 22 00 11 00 00 00,00 13 22 00 11 00 00 00,8,,16877.22
custom-runner,220,2,20,yes,OK,,00 14 11 00 64 22 00 c8,00 14 11 00 22 00 00 00,00 14 11 00 22 00 00 00,8,,17040.29
custom-runner,221,2,21,yes,OK,,00 15 22 00 c8 11 00 64,00 15 22 00 11 00 00 00,00 15 22 00 11 00 00 00,8,,16981.04
custom-runner,222,2,22,yes,OK,,00 16 11 00 64 22 00 c8,00 16 11 00 22 00 00 00,00 16 11 00 22 00 00 00,8,,17243.79
custom-runner,223,2,23,yes,OK,,00 17 22 00 c8 11 00 64,00 17 22 00 11 00 00 00,00 17 22 00 11 00 00 00,8,,16562.89
custom-runner,224,2,24,yes,OK,,00 18 11 00 64 22 00 c8,00 18 11 00 22 00 00 00,00 18 11 00 22 00 00 00,8,,17128.44
custom-runner,225,2,25,yes,OK,,00 19 22 00 c8 11 00 64,00 19 22 00 11 00 00 00,00 19 22 00 11 00 00 00,8,,16838.28
custom-runner,226,2,26,yes,OK,,00 1a 11 00 64 22 00 c8,00 1a 11 00 22 00 00 00,00 1a 11 00 22 00 00 00,8,,17062.09
custom-runner,227,2,27,yes,OK,,00 1b 22 00 c8 11 00 64,00 1b 22 00 11 00 00 00,00 1b 22 00 11 00 00 00,8,,16878.68
custom-runner,228,2,28,yes,OK,,00 1c 11 00 64 22 00 c8,00 1c 11 00 22 00 00 00,00 1c 11 00 22 00 00 00,8,,16748.68
custom-runner,229,2,29,yes,OK,,00 1d 22 00 c8 11 00 64,00 1d 22 00 11 00 00 00,00 1d 22 00 11 00 00 00,8,,17042.87
custom-runner,230,2,30,yes,OK,,00 1e 11 00 64 22 00 c8,00 1e 11 00 22 00 00 00,00 1e 11 00 22 00 00 00,8,,16913.34
custom-runner,231,2,31,yes,OK,,00 1f 22 00 c8 11 00 64,00 1f 22 00 11 00 00 00,00 1f 22 00 11 00 00 00,8,,16809.27
custom-runner,232,2,32,yes,OK,,00 20 11 00 64 22 00 c8,00 20 11 00 22 00 00 00,00 20 11 00 22 00 00 00,8,,17099.42
custom-runner,233,2,33,yes,OK,,00 21 22 00 c8 11 00 64,00 21 22 00 11 00 00 00,00 21 22 00 11 00 00 00,8,,17467.87
custom-runner,234,2,34,yes,OK,,00 22 11 00 64 22 00 c8,00 22 11 00 22 00 00 00,00 22 11 00 22 00 00 00,8,,16320.12
custom-runner,235,2,35,yes,OK,,00 23 22 00 c8 11 00 64,00 23 22 00 11 00 00 00,00 23 22 00 11 00 00 00,8,,17363.37
custom-runner,236,2,36,yes,OK,,00 24 11 00 64 22 00 c8,00 24 11 00 22 00 00 00,00 24 11 00 22 00 00 00,8,,16656.14
custom-runner,237,2,37,yes,OK,,00 25 22 00 c8 11 00 64,00 25 22 00 11 00 00 00,00 25 22 00 11 00 00 00,8,,17136.85
custom-runner,238,2,38,yes,OK,,00 26 11 00 64 22 00 c8,00 26 11 00 22 00 00 00,00 26 11 00 22 00 00 00,8,,17254.21
custom-runner,239,2,39,yes,OK,,00 27 22 00 c8 11 00 64,00 27 22 00 11 00 00 00,00 27 22 00 11 00 00 00,8,,16787.26
custom-runner,240,2,40,yes,OK,,00 28 11 00 64 22 00 c8,00 28 11 00 22 00 00 00,00 28 11 00 22 00 00 00,8,,16884.67
custom-runner,241,2,41,yes,OK,,00 29 22 00 c8 11 00 64,00 29 22 00 11 00 00 00,00 29 22 00 11 00 00 00,8,,16832.43
custom-runner,242,2,42,yes,OK,,00 2a 11 00 64 22 00 c8,00 2a 11 00 22 00 00 00,00 2a 11 00 22 00 00 00,8,,16627.58
custom-runner,243,2,43,yes,OK,,00 2b 22 00 c8 11 00 64,00 2b 22 00 11 00 00 00,00 2b 22 00 11 00 00 00,8,,16985.48
custom-runner,244,2,44,yes,OK,,00 2c 11 00 64 22 00 c8,00 2c 11 00 22 00 00 00,00 2c 11 00 22 00 00 00,8,,16710.18
custom-runner,245,2,45,yes,OK,,00 2d 22 00 c8 11 00 64,00 2d 22 00 11 00 00 00,00 2d 22 00 11 00 00 00,8,,16897.17
custom-runner,246,2,46,yes,OK,,00 2e 11 00 64 22 00 c8,00 2e 11 00 22 00 00 00,00 2e 11 00 22 00 00 00,8,,17056.25
custom-runner,247,2,47,yes,OK,,00 2f 22 00 c8 11 00 64,00 2f 22 00 11 00 00 00,00 2f 22 00 11 00 00 00,8,,16998.15
custom-runner,248,2,48,yes,OK,,00 30 11 00 64 22 00 c8,00 30 11 00 22 00 00 00,00 30 11 00 22 00 00 00,8,,16960.52
custom-runner,249,2,49,yes,OK,,00 31 22 00 c8 11 00 64,00 31 22 00 11 00 00 00,00 31 22 00 11 00 00 00,8,,16924.78
custom-runner,250,2,50,yes,OK,,00 32 11 00 64 22 00 c8,00 32 11 00 22 00 00 00,00 32 11 00 22 00 00 00,8,,16811.61
custom-runner,251,2,51,yes,OK,,00 33 22 00 c8 11 00 64,00 33 22 00 11 00 00 00,00 33 22 00 11 00 00 00,8,,17070.16
custom-runner,252,2,52,yes,OK,,00 34 11 00 64 22 00 c8,00 34 11 00 22 00 00 00,00 34 11 00 22 00 00 00,8,,16840.60
custom-runner,253,2,53,yes,OK,,00 35 22 00 c8 11 00 64,00 35 22 00 11 00 00 00,00 35 22 00 11 00 00 00,8,,16885.69
custom-runner,254,2,54,yes,OK,,00 36 11 00 64 22 00 c8,00 36 11 00 22 00 00 00,00 36 11 00 22 00 00 00,8,,16902.56
custom-runner,255,2,55,yes,OK,,00 37 22 00 c8 11 00 64,00 37 22 00 11 00 00 00,00 37 22 00 11 00 00 00,8,,16820.90
custom-runner,256,2,56,yes,OK,,00 38 11 00 64 22 00 c8,00 38 11 00 22 00 00 00,00 38 11 00 22 00 00 00,8,,17010.21
custom-runner,257,2,57,yes,OK,,00 39 22 00 c8 11 00 64,00 39 22 00 11 00 00 00,00 39 22 00 11 00 00 00,8,,16996.85
custom-runner,258,2,58,yes,OK,,00 3a 11 00 64 22 00 c8,00 3a 11 00 22 00 00 00,00 3a 11 00 22 00 00 00,8,,17001.11
custom-runner,259,2,59,yes,OK,,00 3b 22 00 c8 11 00 64,00 3b 22 00 11 00 00 00,00 3b 22 00 11 00 00 00,8,,16889.53
custom-runner,260,2,60,yes,OK,,00 3c 11 00 64 22 00 c8,00 3c 11 00 22 00 00 00,00 3c 11 00 22 00 00 00,8,,16980.46
custom-runner,261,2,61,yes,OK,,00 3d 22 00 c8 11 00 64,00 3d 22 00 11 00 00 00,00 3d 22 00 11 00 00 00,8,,16902.23
custom-runner,262,2,62,yes,OK,,00 3e 11 00 64 22 00 c8,00 3e 11 00 22 00 00 00,00 3e 11 00 22 00 00 00,8,,16983.33
custom-runner,263,2,63,yes,OK,,00 3f 22 00 c8 11 00 64,00 3f 22 00 11 00 00 00,00 3f 22 00 11 00 00 00,8,,16888.61
custom-runner,264,2,64,yes,OK,,00 40 11 00 64 22 00 c8,00 40 11 00 22 00 00 00,00 40 11 00 22 00 00 00,8,,17133.82
custom-runner,265,2,65,yes,OK,,00 41 22 00 c8 11 00 64,00 41 22 00 11 00 00 00,00 41 22 00 11 00 00 00,8,,16743.97
custom-runner,266,2,66,yes,OK,,00 42 11 00 64 22 00 c8,00 42 11 00 22 00 00 00,00 42 11 00 22 00 00 00,8,,16954.42
custom-runner,267,2,67,yes,OK,,00 43 22 00 c8 11 00 64,00 43 22 00 11 00 00 00,00 43 22 00 11 00 00 00,8,,16927.55
custom-runner,268,2,68,yes,OK,,00 44 11 00 64 22 00 c8,00 44 11 00 22 00 00 00,00 44 11 00 22 00 00 00,8,,16974.38
custom-runner,269,2,69,yes,OK,,00 45 22 00 c8 11 00 64,00 45 22 00 11 00 00 00,00 45 22 00 11 00 00 00,8,,16917.71
custom-runner,270,2,70,yes,OK,,00 46 11 00 64 22 00 c8,00 46 11 00 22 00 00 00,00 46 11 00 22 00 00 00,8,,17076.52
custom-runner,271,2,71,yes,OK,,00 47 22 00 c8 11 00 64,00 47 22 00 11 00 00 00,00 47 22 00 11 00 00 00,8,,16814.87
custom-runner,272,2,72,yes,OK,,00 48 11 00 64 22 00 c8,00 48 11 00 22 00 00 00,00 48 11 00 22 00 00 00,8,,16825.26
custom-runner,273,2,73,yes,OK,,00 49 22 00 c8 11 00 64,00 49 22 00 11 00 00 00,00 49 22 00 11 00 00 00,8,,17074.88
custom-runner,274,2,74,yes,OK,,00 4a 11 00 64 22 00 c8,00 4a 11 00 22 00 00 00,00 4a 11 00 22 00 00 00,8,,16813.19
custom-runner,275,2,75,yes,OK,,00 4b 22 00 c8 11 00 64,00 4b 22 00 11 00 00 00,00 4b 22 00 11 00 00 00,8,,17063.85
custom-runner,276,2,76,yes,OK,,00 4c 11 00 64 22 00 c8,00 4c 11 00 22 00 00 00,00 4c 11 00 22 00 00 00,8,,16947.49
custom-runner,277,2,77,yes,OK,,00 4d 22 00 c8 11 00 64,00 4d 22 00 11 00 00 00,00 4d 22 00 11 00 00 00,8,,17105.58
custom-runner,278,2,78,yes,OK,,00 4e 11 00 64 22 00 c8,00 4e 11 00 22 00 00 00,00 4e 11 00 22 00 00 00,8,,16725.43
custom-runner,279,2,79,yes,OK,,00 4f 22 00 c8 11 00 64,00 4f 22 00 11 00 00 00,00 4f 22 00 11 00 00 00,8,,16991.10
custom-runner,280,2,80,yes,OK,,00 50 11 00 64 22 00 c8,00 50 11 00 22 00 00 00,00 50 11 00 22 00 00 00,8,,17063.57
custom-runner,281,2,81,yes,OK,,00 51 22 00 c8 11 00 64,00 51 22 00 11 00 00 00,00 51 22 00 11 00 00 00,8,,16883.88
custom-runner,282,2,82,yes,OK,,00 52 11 00 64 22 00 c8,00 52 11 00 22 00 00 00,00 52 11 00 22 00 00 00,8,,16902.79
custom-runner,283,2,83,yes,OK,,00 53 22 00 c8 11 00 64,00 53 22 00 11 00 00 00,00 53 22 00 11 00 00 00,8,,17123.43
custom-runner,284,2,84,yes,OK,,00 54 11 00 64 22 00 c8,00 54 11 00 22 00 00 00,00 54 11 00 22 00 00 00,8,,16883.20
custom-runner,285,2,85,yes,OK,,00 55 22 00 c8 11 00 64,00 55 22 00 11 00 00 00,00 55 22 00 11 00 00 00,8,,17073.30
custom-runner,286,2,86,yes,OK,,00 56 11 00 64 22 00 c8,00 56 11 00 22 00 00 00,00 56 11 00 22 00 00 00,8,,16943.32
custom-runner,287,2,87,yes,OK,,00 57 22 00 c8 11 00 64,00 57 22 00 11 00 00 00,00 57 22 00 11 00 00 00,8,,17008.69
custom-runner,288,2,88,yes,OK,,00 58 11 00 64 22 00 c8,00 58 11 00 22 00 00 00,00 58 11 00 22 00 00 00,8,,17234.26
custom-runner,289,2,89,yes,OK,,00 59 22 00 c8 11 00 64,00 59 22 00 11 00 00 00,00 59 22 00 11 00 00 00,8,,16906.44
custom-runner,290,2,90,yes,OK,,00 5a 11 00 64 22 00 c8,00 5a 11 00 22 00 00 00,00 5a 11 00 22 00 00 00,8,,16226.38
custom-runner,291,2,91,yes,OK,,00 5b 22 00 c8 11 00 64,00 5b 22 00 11 00 00 00,00 5b 22 00 11 00 00 00,8,,17043.01
custom-runner,292,2,92,yes,OK,,00 5c 11 00 64 22 00 c8,00 5c 11 00 22 00 00 00,00 5c 11 00 22 00 00 00,8,,17542.44
custom-runner,293,2,93,yes,OK,,00 5d 22 00 c8 11 00 64,00 5d 22 00 11 00 00 00,00 5d 22 00 11 00 00 00,8,,16719.61
custom-runner,294,2,94,yes,OK,,00 5e 11 00 64 22 00 c8,00 5e 11 00 22 00 00 00,00 5e 11 00 22 00 00 00,8,,17135.04
custom-runner,295,2,95,yes,OK,,00 5f 22 00 c8 11 00 64,00 5f 22 00 11 00 00 00,00 5f 22 00 11 00 00 00,8,,16492.19
custom-runner,296,2,96,yes,OK,,00 60 11 00 64 22 00 c8,00 60 11 00 22 00 00 00,00 60 11 00 22 00 00 00,8,,16785.17
custom-runner,297,2,97,yes,OK,,00 61 22 00 c8 11 00 64,00 61 22 00 11 00 00 00,00 61 22 00 11 00 00 00,8,,16749.78
custom-runner,298,2,98,yes,OK,,00 62 11 00 64 22 00 c8,00 62 11 00 22 00 00 00,00 62 11 00 22 00 00 00,8,,17056.26
custom-runner,299,2,99,yes,OK,,00 63 22 00 c8 11 00 64,00 63 22 00 11 00 00 00,00 63 22 00 11 00 00 00,8,,17018.52
custom-runner,300,3,0,no,OK,,00 00 11 00 64 22 00 c8,00 00 11 00 22 00 00 00,00 00 11 00 22 00 00 00,8,,16955.35
custom-runner,301,3,1,no,OK,,00 01 22 00 c8 11 00 64,00 01 22 00 11 00 00 00,00 01 22 00 11 00 00 00,8,,16803.35
custom-runner,302,3,2,no,OK,,00 02 11 00 64 22 00 c8,00 02 11 00 22 00 00 00,00 02 11 00 22 00 00 00,8,,16793.18
custom-runner,303,3,3,no,OK,,00 03 22 00 c8 11 00 64,00 03 22 00 11 00 00 00,00 03 22 00 11 00 00 00,8,,16998.00
custom-runner,304,3,4,no,OK,,00 04 11 00 64 22 00 c8,00 04 11 00 22 00 00 00,00 04 11 00 22 00 00 00,8,,16990.78
custom-runner,305,3,5,no,OK,,00 05 22 00 c8 11 00 64,00 05 22 00 11 00 00 00,00 05 22 00 11 00 00 00,8,,16909.18
custom-runner,306,3,6,no,OK,,00 06 11 00 64 22 00 c8,00 06 11 00 22 00 00 00,00 06 11 00 22 00 00 00,8,,16975.52
custom-runner,307,3,7,no,OK,,00 07 22 00 c8 11 00 64,00 07 22 00 11 00 00 00,00 07 22 00 11 00 00 00,8,,17003.46
custom-runner,308,3,8,no,OK,,00 08 11 00 64 22 00 c8,00 08 11 00 22 00 00 00,00 08 11 00 22 00 00 00,8,,16961.49
custom-runner,309,3,9,no,OK,,00 09 22 00 c8 11 00 64,00 09 22 00 11 00 00 00,00 09 22 00 11 00 00 00,8,,16856.15
custom-runner,310,3,10,no,OK,,00 0a 11 00 64 22 00 c8,00 0a 11 00 22 00 00 00,00 0a 11 00 22 00 00 00,8,,17050.83
custom-runner,311,3,11,no,OK,,00 0b 22 00 c8 11 00 64,00 0b 22 00 11 00 00 00,00 0b 22 00 11 00 00 00,8,,16844.11
custom-runner,312,3,12,no,OK,,00 0c 11 00 64 22 00 c8,00 0c 11 00 22 00 00 00,00 0c 11 00 22 00 00 00,8,,16956.14
custom-runner,313,3,13,no,OK,,00 0d 22 00 c8 11 00 64,00 0d 22 00 11 00 00 00,00 0d 22 00 11 00 00 00,8,,16980.93
custom-runner,314,3,14,no,OK,,00 0e 11 00 64 22 00 c8,00 0e 11 00 22 00 00 00,00 0e 11 00 22 00 00 00,8,,16758.60
custom-runner,315,3,15,no,OK,,00 0f 22 00 c8 11 00 64,00 0f 22 00 11 00 00 00,00 0f 22 00 11 00 00 00,8,,16949.15
custom-runner,316,3,16,yes,OK,,00 10 11 00 66 22 00 c6,00 10 11 02 22 01 00 00,00 10 11 02 22 01 00 00,8,,17079.06
custom-runner,317,3,17,yes,OK,,00 11 22 00 c5 11 00 67,00 11 22 01 11 02 00 00,00 11 22 01 11 02 00 00,8,,17431.87
custom-runner,318,3,18,yes,OK,,00 12 11 00 63 22 00 c9,00 12 11 01 22 02 00 00,00 12 11 01 22 02 00 00,8,,16479.90
custom-runner,319,3,19,yes,OK,,00 13 22 00 ca 11 00 62,00 13 22 02 11 01 00 00,00 13 22 02 11 01 00 00,8,,17098.01
custom-runner,320,3,20,yes,OK,,00 14 11 00 66 22 00 c6,00 14 11 02 22 01 00 00,00 14 11 02 22 01 00 00,8,,16786.89
custom-runner,321,3,21,yes,OK,,00 15 22 00 c5 11 00 67,00 15 22 01 11 02 00 00,00 15 22 01 11 02 00 00,8,,16846.65
custom-runner,322,3,22,yes,OK,,00 16 11 00 63 22 00 c9,00 16 11 01 22 02 00 00,00 16 11 01 22 02 00 00,8,,16990.90
custom-runner,323,3,23,yes,OK,,00 17 22 00 ca 11 00 62,00 17 22 02 11 01 00 00,00 17 22 02 11 01 00 00,8,,16946.73
custom-runner,324,3,24,yes,OK,,00 18 11 00 66 22 00 c6,00 18 11 02 22 01 00 00,00 18 11 02 22 01 00 00,8,,16885.55
custom-runner,325,3,25,yes,OK,,00 19 22 00 c5 11 00 67,00 19 22 01 11 02 00 00,00 19 22 01 11 02 00 00,8,,17122.67
custom-runner,326,3,26,yes,OK,,00 1a 11 00 63 22 00 c9,00 1a 11 01 22 02 00 00,00 1a 11 01 22 02 00 00,8,,16722.21
custom-runner,327,3,27,yes,OK,,00 1b 22 00 ca 11 00 62,00 1b 22 02 11 01 00 00,00 1b 22 02 11 01 00 00,8,,17038.96
custom-runner,328,3,28,yes,OK,,00 1c 11 00 66 22 00 c6,00 1c 11 02 22 01 00 00,00 1c 11 02 22 01 00 00,8,,16920.69
custom-runner,329,3,29,yes,OK,,00 1d 22 00 c5 11 00 67,00 1d 22 01 11 02 00 00,00 1d 22 01 11 02 00 00,8,,16882.98
custom-runner,330,3,30,yes,OK,,00 1e 11 00 63 22 00 c9,00 1e 11 01 22 02 00 00,00 1e 11 01 22 02 00 00,8,,17001.11
custom-runner,331,3,31,yes,OK,,00 1f 22 00 ca 11 00 62,00 1f 22 02 11 01 00 00,00 1f 22 02 11 01 00 00,8,,16871.96
custom-runner,332,3,32,yes,OK,,00 20 11 00 66 22 00 c6,00 20 11 02 22 01 00 00,00 20 11 02 22 01 00 00,8,,17087.86
custom-runner,333,3,33,yes,OK,,00 21 22 00 c5 11 00 67,00 21 22 01 11 02 00 00,00 21 22 01 11 02 00 00,8,,16932.85
custom-runner,334,3,34,yes,OK,,00 22 11 00 63 22 00 c9,00 22 11 01 22 02 00 00,00 22 11 01 22 02 00 00,8,,17017.88
custom-runner,335,3,35,yes,OK,,00 23 22 00 ca 11 00 62,00 23 22 02 11 01 00 00,00 23 22 02 11 01 00 00,8,,16836.68
custom-runner,336,3,36,yes,OK,,00 24 11 00 66 22 00 c6,00 24 11 02 22 01 00 00,00 24 11 02 22 01 00 00,8,,17001.49
custom-runner,337,3,37,yes,OK,,00 25 22 00 c5 11 00 67,00 25 22 01 11 02 00 00,00 25 22 01 11 02 00 00,8,,16786.68
custom-runner,338,3,38,yes,OK,,00 26 11 00 63 22 00 c9,00 26 11 01 22 02 00 00,00 26 11 01 22 02 00 00,8,,16801.57
custom-runner,339,3,39,yes,OK,,00 27 22 00 ca 11 00 62,00 27 22 02 11 01 00 00,00 27 22 02 11 01 00 00,8,,16981.72
custom-runner,340,3,40,yes,OK,,00 28 11 00 66 22 00 c6,00 28 11 02 22 01 00 00,00 28 11 02 22 01 00 00,8,,16927.76
custom-runner,341,3,41,yes,OK,,00 29 22 00 c5 11 00 67,00 29 22 01 11 02 00 00,00 29 22 01 11 02 00 00,8,,16948.76
custom-runner,342,3,42,yes,OK,,00 2a 11 00 63 22 00 c9,00 2a 11 01 22 02 00 00,00 2a 11 01 22 02 00 00,8,,16877.07
custom-runner,343,3,43,yes,OK,,00 2b 22 00 ca 11 00 62,00 2b 22 02 11 01 00 00,00 2b 22 02 11 01 00 00,8,,17076.72
custom-runner,344,3,44,yes,OK,,00 2c 11 00 66 22 00 c6,00 2c 11 02 22 01 00 00,00 2c 11 02 22 01 00 00,8,,16870.34
custom-runner,345,3,45,yes,OK,,00 2d 22 00 c5 11 00 67,00 2d 22 01 11 02 00 00,00 2d 22 01 11 02 00 00,8,,17133.00
custom-runner,346,3,46,yes,OK,,00 2e 11 00 63 22 00 c9,00 2e 11 01 22 02 00 00,00 2e 11 01 22 02 00 00,8,,16845.64
custom-runner,347,3,47,yes,OK,,00 2f 22 00 ca 11 00 62,00 2f 22 02 11 01 00 00,00 2f 22 02 11 01 00 00,8,,16907.63
custom-runner,348,3,48,yes,OK,,00 30 11 00 66 22 00 c6,00 30 11 02 22 01 00 00,00 30 11 02 22 01 00 00,8,,16950.66
custom-runner,349,3,49,yes,OK,,00 31 22 00 c5 11 00 67,00 31 22 01 11 02 00 00,00 31 22 01 11 02 00 00,8,,16950.83
custom-runner,350,3,50,yes,OK,,00 32 11 00 63 22 00 c9,00 32 11 01 22 02 00 00,00 32 11 01 22 02 00 00,8,,16888.16
custom-runner,351,3,51,yes,OK,,00 33 22 00 ca 11 00 62,00 33 22 02 11 01 00 00,00 33 22 02 11 01 00 00,8,,16814.18
custom-runner,352,3,52,yes,OK,,00 34 11 00 66 22 00 c6,00 34 11 02 22 01 00 00,00 34 11 02 22 01 00 00,8,,17138.11
custom-runner,353,3,53,yes,OK,,00 35 22 00 c5 11 00 67,00 35 22 01 11 02 00 00,00 35 22 01 11 02 00 00,8,,16941.71
custom-runner,354,3,54,yes,OK,,00 36 11 00 63 22 00 c9,00 36 11 01 22 02 00 00,00 36 11 01 22 02 00 00,8,,16927.31
custom-runner,355,3,55,yes,OK,,00 37 22 00 ca 11 00 62,00 37 22 02 11 01 00 00,00 37 22 02 11 01 00 00,8,,16925.26
custom-runner,356,3,56,yes,OK,,00 38 11 00 66 22 00 c6,00 38 11 02 22 01 00 00,00 38 11 02 22 01 00 00,8,,16925.58
custom-runner,357,3,57,yes,OK,,00 39 22 00 c5 11 00 67,00 39 22 01 11 02 00 00,00 39 22 01 11 02 00 00,8,,16988.81
custom-runner,358,3,58,yes,OK,,00 3a 11 00 63 22 00 c9,00 3a 11 01 22 02 00 00,00 3a 11 01 22 02 00 00,8,,16824.85
custom-runner,359,3,59,yes,OK,,00 3b 22 00 ca 11 00 62,00 3b 22 02 11 01 00 00,00 3b 22 02 11 01 00 00,8,,17012.33
custom-runner,360,3,60,yes,OK,,00 3c 11 00 66 22 00 c6,00 3c 11 02 22 01 00 00,00 3c 11 02 22 01 00 00,8,,16721.58
custom-runner,361,3,61,yes,OK,,00 3d 22 00 c5 11 00 67,00 3d 22 01 11 02 00 00,00 3d 22 01 11 02 00 00,8,,17012.96
custom-runner,362,3,62,yes,OK,,00 3e 11 00 63 22 00 c9,00 3e 11 01 22 02 00 00,00 3e 11 01 22 02 00 00,8,,17141.51
custom-runner,363,3,63,yes,OK,,00 3f 22 00 ca 11 00 62,00 3f 22 02 11 01 00 00,00 3f 22 02 11 01 00 00,8,,16862.25
custom-runner,364,3,64,yes,OK,,00 40 11 00 66 22 00 c6,00 40 11 02 22 01 00 00,00 40 11 02 22 01 00 00,8,,16978.23
custom-runner,365,3,65,yes,OK,,00 41 22 00 c5 11 00 67,00 41 22 01 11 02 00 00,00 41 22 01 11 02 00 00,8,,16966.47
custom-runner,366,3,66,yes,OK,,00 42 11 00 63 22 00 c9,00 42 11 01 22 02 00 00,00 42 11 01 22 02 00 00,8,,16925.33
custom-runner,367,3,67,yes,OK,,00 43 22 00 ca 11 00 62,00 43 22 02 11 01 00 00,00 43 22 02 11 01 00 00,8,,16895.79
custom-runner,368,3,68,yes,OK,,00 44 11 00 66 22 00 c6,00 44 11 02 22 01 00 00,00 44 11 02 22 01 00 00,8,,17024.11
custom-runner,369,3,69,yes,OK,,00 45 22 00 c5 11 00 67,00 45 22 01 11 02 00 00,00 45 22 01 11 02 00 00,8,,17002.96
custom-runner,370,3,70,yes,OK,,00 46 11 00 63 22 00 c9,00 46 11 01 22 02 00 00,00 46 11 01 22 02 00 00,8,,16852.81
custom-runner,371,3,71,yes,OK,,00 47 22 00 ca 11 00 62,00 47 22 02 11 01 00 00,00 47 22 02 11 01 00 00,8,,17083.96
custom-runner,372,3,72,yes,OK,,00 48 11 00 66 22 00 c6,00 48 11 02 22 01 00 00,00 48 11 02 22 01 00 00,8,,16836.26
custom-runner,373,3,73,yes,OK,,00 49 22 00 c5 11 00 67,00 49 22 01 11 02 00 00,00 49 22 01 11 02 00 00,8,,16858.90
custom-runner,374,3,74,yes,OK,,00 4a 11 00 63 22 00 c9,00 4a 11 01 22 02 00 00,00 4a 11 01 22 02 00 00,8,,16908.59
custom-runner,375,3,75,yes,OK,,00 4b 22 00 ca 11 00 62,00 4b 22 02 11 01 00 00,00 4b 22 02 11 01 00 00,8,,17021.16
custom-runner,376,3,76,yes,OK,,00 4c 11 00 66 22 00 c6,00 4c 11 02 22 01 00 00,00 4c 11 02 22 01 00 00,8,,16984.25
custom-runner,377,3,77,yes,OK,,00 4d 22 00 c5 11 00 67,00 4d 22 01 11 02 00 00,00 4d 22 01 11 02 00 00,8,,16964.17
custom-runner,378,3,78,yes,OK,,00 4e 11 00 63 22 00 c9,00 4e 11 01 22 02 00 00,00 4e 11 01 22 02 00 00,8,,16924.99
custom-runner,379,3,79,yes,OK,,00 4f 22 00 ca 11 00 62,00 4f 22 02 11 01 00 00,00 4f 22 02 11 01 00 00,8,,16819.81
custom-runner,380,3,80,yes,OK,,00 50 11 00 66 22 00 c6,00 50 11 02 22 01 00 00,00 50 11 02 22 01 00 00,8,,17143.61
custom-runner,381,3,81,yes,OK,,00 51 22 00 c5 11 00 67,00 51 22 01 11 02 00 00,00 51 22 01 11 02 00 00,8,,16825.53
custom-runner,382,3,82,yes,OK,,00 52 11 00 63 22 00 c9,00 52 11 01 22 02 00 00,00 52 11 01 22 02 00 00,8,,17061.31
custom-runner,383,3,83,yes,OK,,00 53 22 00 ca 11 00 62,00 53 22 02 11 01 00 00,00 53 22 02 11 01 00 00,8,,16923.21
custom-runner,384,3,84,yes,OK,,00 54 11 00 66 22 00 c6,00 54 11 02 22 01 00 00,00 54 11 02 22 01 00 00,8,,16913.31
custom-runner,385,3,85,yes,OK,,00 55 22 00 c5 11 00 67,00 55 22 01 11 02 00 00,00 55 22 01 11 02 00 00,8,,16781.12
custom-runner,386,3,86,yes,OK,,00 56 11 00 63 22 00 c9,00 56 11 01 22 02 00 00,00 56 11 01 22 02 00 00,8,,17138.47
custom-runner,387,3,87,yes,OK,,00 57 22 00 ca 11 00 62,00 57 22 02 11 01 00 00,00 57 22 02 11 01 00 00,8,,16900.10
custom-runner,388,3,88,yes,OK,,00 58 11 00 66 22 00 c6,00 58 11 02 22 01 00 00,00 58 11 02 22 01 00 00,8,,16809.10
custom-runner,389,3,89,yes,OK,,00 59 22 00 c5 11 00 67,00 59 22 01 11 02 00 00,00 59 22 01 11 02 00 00,8,,17070.44
custom-runner,390,3,90,yes,OK,,00 5a 11 00 63 22 00 c9,00 5a 11 01 22 02 00 00,00 5a 11 01 22 02 00 00,8,,16853.58
custom-runner,391,3,91,yes,OK,,00 5b 22 00 ca 11 00 62,00 5b 22 02 11 01 00 00,00 5b 22 02 11 01 00 00,8,,16846.50
custom-runner,392,3,92,yes,OK,,00 5c 11 00 66 22 00 c6,00 5c 11 02 22 01 00 00,00 5c 11 02 22 01 00 00,8,,16827.34
custom-runner,393,3,93,yes,OK,,00 5d 22 00 c5 11 00 67,00 5d 22 01 11 02 00 00,00 5d 22 01 11 02 00 00,8,,17158.63
custom-runner,394,3,94,yes,OK,,00 5e 11 00 63 22 00 c9,00 5e 11 01 22 02 00 00,00 5e 11 01 22 02 00 00,8,,16934.77
custom-runner,395,3,95,yes,OK,,00 5f 22 00 ca 11 00 62,00 5f 22 02 11 01 00 00,00 5f 22 02 11 01 00 00,8,,16999.82
custom-runner,396,3,96,yes,OK,,00 60 11 00 66 22 00 c6,00 60 11 02 22 01 00 00,00 60 11 02 22 01 00 00,8,,16878.20
custom-runner,397,3,97,yes,OK,,00 61 22 00 c5 11 00 67,00 61 22 01 11 02 00 00,00 61 22 01 11 02 00 00,8,,16928.72
custom-runner,398,3,98,yes,OK,,00 62 11 00 63 22 00 c9,00 62 11 01 22 02 00 00,00 62 11 01 22 02 00 00,8,,16935.56
custom-runner,399,3,99,yes,OK,,00 63 22 00 ca 11 00 62,00 63 22 02 11 01 00 00,00 63 22 02 11 01 00 00,8,,16969.46
custom-runner,400,4,0,no,OK,,00 00 11 a3 b1 22 1c 80,00 00 11 00 22 00 00 00,00 00 11 00 22 00 00 00,8,,16847.78
custom-runner,401,4,1,no,OK,,00 01 11 bd d6 22 46 68,00 01 11 00 22 00 00 00,00 01 11 00 22 00 00 00,8,,16829.63
custom-runner,402,4,2,no,OK,,00 02 22 23 b8 11 39 24,00 02 22 00 11 00 00 00,00 02 22 00 11 00 00 00,8,,17037.78
custom-runner,403,4,3,no,OK,,00 03 22 ad 3c 11 1a 3d,00 03 22 00 11 00 00 00,00 03 22 00 11 00 00 00,8,,17037.44
custom-runner,404,4,4,no,OK,,00 04 11 e4 65 22 8b 9d,00 04 11 00 22 00 00 00,00 04 11 00 22 00 00 00,8,,16838.84
custom-runner,405,4,5,no,OK,,00 05 11 97 2a 22 6c 03,00 05 11 00 22 00 00 00,00 05 11 00 22 00 00 00,8,,16834.17
custom-runner,406,4,6,no,OK,,00 06 11 07 a0 22 17 fc,00 06 11 00 22 00 00 00,00 06 11 00 22 00 00 00,8,,16969.10
custom-runner,407,4,7,no,OK,,00 07 22 81 5e 11 3b 8f,00 07 22 00 11 00 00 00,00 07 22 00 11 00 00 00,8,,16964.96
custom-runner,408,4,8,no,OK,,00 08 11 06 cb 22 8f ad,00 08 11 00 22 00 00 00,00 08 11 00 22 00 00 00,8,,16950.82
custom-runner,409,4,9,no,OK,,00 09 22 a6 5e 11 b7 4d,00 09 22 00 11 00 00 00,00 09 22 00 11 00 00 00,8,,16960.12
custom-runner,410,4,10,no,OK,,00 0a 11 8b 81 22 6b 65,00 0a 11 00 22 00 00 00,00 0a 11 00 22 00 00 00,8,,16934.15
custom-runner,411,4,11,no,OK,,00 0b 11 72 ff 22 96 da,00 0b 11 00 22 00 00 00,00 0b 11 00 22 00 00 00,8,,16938.66
custom-runner,412,4,12,no,OK,,00 0c 11 cf 36 22 de 8a,00 0c 11 00 22 00 00 00,00 0c 11 00 22 00 00 00,8,,16848.96
custom-runner,413,4,13,no,OK,,00 0d 11 c2 41 22 ce 4a,00 0d 11 00 22 00 00 00,00 0d 11 00 22 00 00 00,8,,17031.48
custom-runner,414,4,14,no,OK,,00 0e 11 b2 b9 22 6c 30,00 0e 11 00 22 00 00 00,00 0e 11 00 22 00 00 00,8,,16949.69
custom-runner,415,4,15,no,OK,,00 0f 11 47 22 22 27 cd,00 0f 11 00 22 00 00 00,00 0f 11 00 22 00 00 00,8,,16875.07
custom-runner,416,4,16,yes,OK,,00 10 11 f5 0b 22 c3 74,00 10 11 02 22 02 00 00,00 10 11 02 22 02 00 00,8,,17042.88
custom-runner,417,4,17,yes,OK,,00 11 11 1a 2a 22 17 be,00 11 11 01 22 01 00 00,00 11 11 01 22 01 00 00,8,,16943.14
custom-runner,418,4,18,yes,OK,,00 12 22 5b e6 11 18 c2,00 12 22 01 11 01 00 00,00 12 22 01 11 01 00 00,8,,16832.27
custom-runner,419,4,19,yes,OK,,00 13 11 58 0d 22 9a 8d,00 13 11 01 22 02 00 00,00 13 11 01 22 02 00 00,8,,16900.15
custom-runner,420,4,20,yes,OK,,00 14 22 0b 1f 11 ce 9f,00 14 22 01 11 02 00 00,00 14 22 01 11 02 00 00,8,,17023.40
custom-runner,421,4,21,yes,OK,,00 15 11 75 9c 22 89 46,00 15 11 02 22 02 00 00,00 15 11 02 22 02 00 00,8,,16911.39
custom-runner,422,4,22,yes,OK,,00 16 11 f9 1e 22 ec 1b,00 16 11 02 22 02 00 00,00 16 11 02 22 02 00 00,8,,16955.69
custom-runner,423,4,23,yes,OK,,00 17 11 14 2c 22 8d 52,00 17 11 01 22 02 00 00,00 17 11 01 22 02 00 00,8,,16978.71
custom-runner,424,4,24,yes,OK,,00 18 22 a0 ee 11 d4 53,00 18 22 02 11 02 00 00,00 18 22 02 11 02 00 00,8,,16919.83
custom-runner,425,4,25,yes,OK,,00 19 11 e2 ac 22 dc 98,00 19 11 02 22 02 00 00,00 19 11 02 22 02 00 00,8,,16970.76
custom-runner,426,4,26,yes,OK,,00 1a 22 31 39 11 93 cd,00 1a 22 01 11 02 00 00,00 1a 22 01 11 02 00 00,8,,16905.44
custom-runner,427,4,27,yes,OK,,00 1b 22 0b bb 11 11 ce,00 1b 22 01 11 01 00 00,00 1b 22 01 11 01 00 00,8,,17014.44
custom-runner,428,4,28,yes,OK,,00 1c 11 3a 57 22 c5 e7,00 1c 11 01 22 02 00 00,00 1c 11 01 22 02 00 00,8,,17006.48
custom-runner,429,4,29,yes,OK,,00 1d 22 14 6d 11 fc 37,00 1d 22 01 11 02 00 00,00 1d 22 01 11 02 00 00,8,,16821.11
custom-runner,430,4,30,yes,OK,,00 1e 11 3b 98 22 dd d1,00 1e 11 01 22 02 00 00,00 1e 11 01 22 02 00 00,8,,16946.21
custom-runner,431,4,31,yes,OK,,00 1f 11 61 4f 22 47 29,00 1f 11 01 22 01 00 00,00 1f 11 01 22 01 00 00,8,,16964.91
custom-runner,432,4,32,yes,OK,,00 20 11 a2 bc 22 d5 88,00 20 11 02 22 02 00 00,00 20 11 02 22 02 00 00,8,,16785.13
custom-runner,433,4,33,yes,OK,,00 21 11 29 a3 22 5e c4,00 21 11 01 22 01 00 00,00 21 11 01 22 01 00 00,8,,16983.93
custom-runner,434,4,34,yes,OK,,00 22 11 35 a2 22 ab 90,00 22 11 01 22 02 00 00,00 22 11 01 22 02 00 00,8,,16968.64
custom-runner,435,4,35,yes,OK,,00 23 22 ef c8 11 b3 aa,00 23 22 02 11 02 00 00,00 23 22 02 11 02 00 00,8,,16977.20
custom-runner,436,4,36,yes,OK,,00 24 22 12 47 11 a5 e5,00 24 22 01 11 02 00 00,00 24 22 01 11 02 00 00,8,,16963.19
custom-runner,437,4,37,yes,OK,,00 25 22 2b cf 11 a2 8d,00 25 22 01 11 02 00 00,00 25 22 01 11 02 00 00,8,,16983.60
custom-runner,438,4,38,yes,OK,,00 26 11 ba a8 22 3e ab,00 26 11 02 22 01 00 00,00 26 11 02 22 01 00 00,8,,16885.10
custom-runner,439,4,39,yes,OK,,00 27 11 76 56 22 61 23,00 27 11 01 22 01 00 00,00 27 11 01 22 01 00 00,8,,16957.32
custom-runner,440,4,40,yes,OK,,00 28 22 ec e6 11 fd 51,00 28 22 02 11 02 00 00,00 28 22 02 11 02 00 00,8,,17032.22
custom-runner,441,4,41,yes,OK,,00 29 11 b0 2b 22 8e 94,00 29 11 02 22 02 00 00,00 29 11 02 22 02 00 00,8,,16949.21
custom-runner,442,4,42,yes,OK,,00 2a 22 53 04 11 af 42,00 2a 22 01 11 02 00 00,00 2a 22 01 11 02 00 00,8,,16905.05
custom-runner,443,4,43,yes,OK,,00 2b 11 c4 b0 22 c6 a7,00 2b 11 02 22 02 00 00,00 2b 11 02 22 02 00 00,8,,16847.42
custom-runner,444,4,44,yes,OK,,00 2c 11 3a a2 22 d2 61,00 2c 11 01 22 02 00 00,00 2c 11 01 22 02 00 00,8,,16957.31
custom-runner,445,4,45,yes,OK,,00 2d 11 ce 17 22 50 c1,00 2d 11 02 22 01 00 00,00 2d 11 02 22 01 00 00,8,,17054.69
custom-runner,446,4,46,yes,OK,,00 2e 11 44 8a 22 10 f1,00 2e 11 01 22 01 00 00,00 2e 11 01 22 01 00 00,8,,16816.41
custom-runner,447,4,47,yes,OK,,00 2f 22 f1 62 11 e9 c3,00 2f 22 02 11 02 00 00,00 2f 22 02 11 02 00 00,8,,16912.16
custom-runner,448,4,48,yes,OK,,00 30 11 e0 59 22 b7 c9,00 30 11 02 22 02 00 00,00 30 11 02 22 02 00 00,8,,17060.37
custom-runner,449,4,49,yes,OK,,00 31 11 36 6e 22 a7 ca,00 31 11 01 22 02 00 00,00 31 11 01 22 02 00 00,8,,16917.12
custom-runner,450,4,50,yes,OK,,00 32 22 e2 7a 11 65 48,00 32 22 02 11 01 00 00,00 32 22 02 11 01 00 00,8,,16973.97
custom-runner,451,4,51,yes,OK,,00 33 11 a4 91 22 75 77,00 33 11 02 22 01 00 00,00 33 11 02 22 01 00 00,8,,16912.92
custom-runner,452,4,52,yes,OK,,00 34 11 43 cf 22 23 be,00 34 11 01 22 01 00 00,00 34 11 01 22 01 00 00,8,,16878.07
custom-runner,453,4,53,yes,OK,,00 35 22 8f b5 11 be b7,00 35 22 02 11 02 00 00,00 35 22 02 11 02 00 00,8,,16955.45
custom-runner,454,4,54,yes,OK,,00 36 22 bf 3c 11 43 43,00 36 22 02 11 01 00 00,00 36 22 02 11 01 00 00,8,,16859.67
custom-runner,455,4,55,yes,OK,,00 37 22 e5 d7 11 6d ad,00 37 22 02 11 01 00 00,00 37 22 02 11 01 00 00,8,,16798.48
custom-runner,456,4,56,yes,OK,,00 38 11 66 3f 22 5c ab,00 38 11 01 22 01 00 00,00 38 11 01 22 01 00 00,8,,17044.08
custom-runner,457,4,57,yes,OK,,00 39 11 ff 50 22 ff 5e,00 39 11 02 22 02 00 00,00 39 11 02 22 02 00 00,8,,17002.09
custom-runner,458,4,58,yes,OK,,00 3a 11 82 70 22 7e 57,00 3a 11 01 22 01 00 00,00 3a 11 01 22 01 00 00,8,,16965.60
custom-runner,459,4,59,yes,OK,,00 3b 22 0c 0f 11 c1 7a,00 3b 22 01 11 02 00 00,00 3b 22 01 11 02 00 00,8,,16930.26
custom-runner,460,4,60,yes,OK,,00 3c 22 27 20 11 1c 11,00 3c 22 01 11 01 00 00,00 3c 22 01 11 01 00 00,8,,16846.99
custom-runner,461,4,61,yes,OK,,00 3d 22 ca c5 11 28 f4,00 3d 22 02 11 01 00 00,00 3d 22 02 11 01 00 00,8,,16994.11
custom-runner,462,4,62,yes,OK,,00 3e 11 6c 12 22 98 ae,00 3e 11 01 22 02 00 00,00 3e 11 01 22 02 00 00,8,,16993.31
custom-runner,463,4,63,yes,OK,,00 3f 22 61 b1 11 62 80,00 3f 22 01 11 01 00 00,00 3f 22 01 11 01 00 00,8,,16919.71
custom-runner,464,4,64,yes,OK,,00 40 22 77 d2 11 ff 01,00 40 22 01 11 02 00 00,00 40 22 01 11 02 00 00,8,,16862.84
custom-runner,465,4,65,yes,OK,,00 41 22 f8 98 11 40 5c,00 41 22 02 11 01 00 00,00 41 22 02 11 01 00 00,8,,17093.21
custom-runner,466,4,66,yes,OK,,00 42 11 dc 5c 22 f1 43,00 42 11 02 22 02 00 00,00 42 11 02 22 02 00 00,8,,16990.92
custom-runner,467,4,67,yes,OK,,00 43 11 ae 27 22 b8 81,00 43 11 02 22 02 00 00,00 43 11 02 22 02 00 00,8,,16847.04
custom-runner,468,4,68,yes,OK,,00 44 22 e2 81 11 ae 84,00 44 22 02 11 02 00 00,00 44 22 02 11 02 00 00,8,,16950.62
custom-runner,469,4,69,yes,OK,,00 45 22 44 4e 11 c0 39,00 45 22 01 11 02 00 00,00 45 22 01 11 02 00 00,8,,16926.51
custom-runner,470,4,70,yes,OK,,00 46 11 a4 16 22 57 15,00 46 11 02 22 01 00 00,00 46 11 02 22 01 00 00,8,,16851.72
custom-runner,471,4,71,yes,OK,,00 47 11 4b 22 22 6f 4c,00 47 11 01 22 01 00 00,00 47 11 01 22 01 00 00,8,,17204.28
custom-runner,472,4,72,yes,OK,,00 48 22 00 d4 11 74 27,00 48 22 01 11 01 00 00,00 48 22 01 11 01 00 00,8,,16769.08
custom-runner,473,4,73,yes,OK,,00 49 22 e0 37 11 b8 db,00 49 22 02 11 02 00 00,00 49 22 02 11 02 00 00,8,,17051.78
custom-runner,474,4,74,yes,OK,,00 4a 22 f8 cd 11 43 6d,00 4a 22 02 11 01 00 00,00 4a 22 02 11 01 00 00,8,,16965.61
custom-runner,475,4,75,yes,OK,,00 4b 22 2d bc 11 c3 0f,00 4b 22 01 11 02 00 00,00 4b 22 01 11 02 00 00,8,,16868.05
custom-runner,476,4,76,yes,OK,,00 4c 22 1b 3d 11 e9 a1,00 4c 22 01 11 02 00 00,00 4c 22 01 11 02 00 00,8,,17029.80
custom-runner,477,4,77,yes,OK,,00 4d 22 4c 66 11 a0 13,00 4d 22 01 11 02 00 00,00 4d 22 01 11 02 00 00,8,,16853.45
custom-runner,478,4,78,yes,OK,,00 4e 22 81 f6 11 a3 92,00 4e 22 01 11 02 00 00,00 4e 22 01 11 02 00 00,8,,16886.10
custom-runner,479,4,79,yes,OK,,00 4f 11 32 eb 22 27 20,00 4f 11 01 22 01 00 00,00 4f 11 01 22 01 00 00,8,,17014.98
custom-runner,480,4,80,yes,OK,,00 50 22 29 5b 11 c3 33,00 50 22 01 11 02 00 00,00 50 22 01 11 02 00 00,8,,16983.37
custom-runner,481,4,81,yes,OK,,00 51 22 c7 54 11 f4 18,00 51 22 02 11 02 00 00,00 51 22 02 11 02 00 00,8,,16897.21
custom-runner,482,4,82,yes,OK,,00 52 11 87 c5 22 eb 22,00 52 11 01 22 02 00 00,00 52 11 01 22 02 00 00,8,,17002.17
custom-runner,483,4,83,yes,OK,,00 53 11 99 54 22 52 fb,00 53 11 01 22 01 00 00,00 53 11 01 22 01 00 00,8,,16990.74
custom-runner,484,4,84,yes,OK,,00 54 22 1c a3 11 04 fc,00 54 22 01 11 01 00 00,00 54 22 01 11 01 00 00,8,,16910.85
custom-runner,485,4,85,yes,OK,,00 55 22 e0 f3 11 5c ec,00 55 22 02 11 01 00 00,00 55 22 02 11 01 00 00,8,,16742.45
custom-runner,486,4,86,yes,OK,,00 56 11 d4 e8 22 ce 88,00 56 11 02 22 02 00 00,00 56 11 02 22 02 00 00,8,,17163.03
custom-runner,487,4,87,yes,OK,,00 57 11 3d 4c 22 0e d4,00 57 11 01 22 01 00 00,00 57 11 01 22 01 00 00,8,,16944.33
custom-runner,488,4,88,yes,OK,,00 58 22 91 3e 11 e0 c5,00 58 22 02 11 02 00 00,00 58 22 02 11 02 00 00,8,,16847.31
custom-runner,489,4,89,yes,OK,,00 59 22 15 ed 11 14 29,00 59 22 01 11 01 00 00,00 59 22 01 11 01 00 00,8,,17016.38
custom-runner,490,4,90,yes,OK,,00 5a 11 7c 69 22 d0 e6,00 5a 11 01 22 02 00 00,00 5a 11 01 22 02 00 00,8,,16765.45
custom-runner,491,4,91,yes,OK,,00 5b 22 c2 b6 11 fa 5d,00 5b 22 02 11 02 00 00,00 5b 22 02 11 02 00 00,8,,17024.94
custom-runner,492,4,92,yes,OK,,00 5c 11 c4 0d 22 20 31,00 5c 11 02 22 01 00 00,00 5c 11 02 22 01 00 00,8,,16932.50
custom-runner,493,4,93,yes,OK,,00 5d 22 79 ac 11 a8 e5,00 5d 22 02 11 02 00 00,00 5d 22 02 11 02 00 00,8,,16943.34
custom-runner,494,4,94,yes,OK,,00 5e 11 8c bf 22 2a 45,00 5e 11 01 22 01 00 00,00 5e 11 01 22 01 00 00,8,,16892.69
custom-runner,495,4,95,yes,OK,,00 5f 22 df 57 11 87 15,00 5f 22 02 11 01 00 00,00 5f 22 02 11 01 00 00,8,,16933.57
custom-runner,496,4,96,yes,OK,,00 60 11 6c 52 22 f6 e0,00 60 11 01 22 02 00 00,00 60 11 01 22 02 00 00,8,,17079.35
custom-runner,497,4,97,yes,OK,,00 61 22 8a 0f 11 ed cd,00 61 22 02 11 02 00 00,00 61 22 02 11 02 00 00,8,,16569.19
custom-runner,498,4,98,yes,OK,,00 62 11 ba dc 22 b0 9b,00 62 11 02 22 02 00 00,00 62 11 02 22 02 00 00,8,,17111.33
custom-runner,499,4,99,yes,OK,,00 63 11 b6 83 22 4f cc,00 63 11 02 22 01 00 00,00 63 11 02 22 01 00 00,8,,16947.12
custom-runner,500,5,0,no,OK,,00 00 11 00 64 22 00 c8,00 00 11 00 22 00 00 00,00 00 11 00 22 00 00 00,8,,16951.97
custom-runner,501,5,1,no,OK,,00 01 22 00 c8 11 00 64,00 01 22 00 11 00 00 00,00 01 22 00 11 00 00 00,8,,16841.96
custom-runner,502,5,2,no,OK,,00 02 11 00 64 22 00 c8,00 02 11 00 22 00 00 00,00 02 11 00 22 00 00 00,8,,17010.36
custom-runner,503,5,3,no,OK,,00 03 22 00 c8 11 00 64,00 03 22 00 11 00 00 00,00 03 22 00 11 00 00 00,8,,17022.66
custom-runner,504,5,4,no,OK,,00 04 11 00 64 22 00 c8,00 04 11 00 22 00 00 00,00 04 11 00 22 00 00 00,8,,16833.77
custom-runner,505,5,5,no,OK,,00 05 22 00 c8 11 00 64,00 05 22 00 11 00 00 00,00 05 22 00 11 00 00 00,8,,16798.30
custom-runner,506,5,6,no,OK,,00 06 11 00 64 22 00 c8,00 06 11 00 22 00 00 00,00 06 11 00 22 00 00 00,8,,16923.85
custom-runner,507,5,7,no,OK,,00 07 22 00 c8 11 00 64,00 07 22 00 11 00 00 00,00 07 22 00 11 00 00 00,8,,16904.94
custom-runner,508,5,8,no,OK,,00 08 11 00 64 22 00 c8,00 08 11 00 22 00 00 00,00 08 11 00 22 00 00 00,8,,16887.74
custom-runner,509,5,9,no,OK,,00 09 22 00 c8 11 00 64,00 09 22 00 11 00 00 00,00 09 22 00 11 00 00 00,8,,17024.08
custom-runner,510,5,10,no,OK,,00 0a 11 00 64 22 00 c8,00 0a 11 00 22 00 00 00,00 0a 11 00 22 00 00 00,8,,16979.60
custom-runner,511,5,11,no,OK,,00 0b 22 00 c8 11 00 64,00 0b 22 00 11 00 00 00,00 0b 22 00 11 00 00 00,8,,17023.68
custom-runner,512,5,12,no,OK,,00 0c 11 00 64 22 00 c8,00 0c 11 00 22 00 00 00,00 0c 11 00 22 00 00 00,8,,16906.29
custom-runner,513,5,13,no,OK,,00 0d 22 00 c8 11 00 64,00 0d 22 00 11 00 00 00,00 0d 22 00 11 00 00 00,8,,16815.05
custom-runner,514,5,14,no,OK,,00 0e 11 00 64 22 00 c8,00 0e 11 00 22 00 00 00,00 0e 11 00 22 00 00 00,8,,17152.77
custom-runner,515,5,15,no,OK,,00 0f 22 00 c8 11 00 64,00 0f 22 00 11 00 00 00,00 0f 22 00 11 00 00 00,8,,16881.57
custom-runner,516,5,16,yes,OK,,00 10 11 00 66 22 00 c6,00 10 11 02 22 01 00 00,00 10 11 02 22 01 00 00,8,,16881.43
custom-runner,517,5,17,yes,OK,,00 11 22 00 c5 11 00 67,00 11 22 01 11 02 00 00,00 11 22 01 11 02 00 00,8,,16877.60
custom-runner,518,5,18,yes,OK,,00 12 11 00 63 22 00 c9,00 12 11 01 22 02 00 00,00 12 11 01 22 02 00 00,8,,17043.96
custom-runner,519,5,19,yes,OK,,00 13 22 00 ca 11 00 62,00 13 22 02 11 01 00 00,00 13 22 02 11 01 00 00,8,,16991.60
custom-runner,520,5,20,yes,OK,,00 14 11 00 66 22 00 c6,00 14 11 02 22 01 00 00,00 14 11 02 22 01 00 00,8,,17028.97
custom-runner,521,5,21,yes,OK,,00 15 22 00 c5 11 00 67,00 15 22 01 11 02 00 00,00 15 22 01 11 02 00 00,8,,16815.33
custom-runner,522,5,22,yes,OK,,00 16 11 00 63 22 00 c9,00 16 11 01 22 02 00 00,00 16 11 01 22 02 00 00,8,,16857.04
custom-runner,523,5,23,yes,OK,,00 17 22 00 ca 11 00 62,00 17 22 02 11 01 00 00,00 17 22 02 11 01 00 00,8,,16950.81
custom-runner,524,5,24,yes,OK,,00 18 11 00 66 22 00 c6,00 18 11 02 22 01 00 00,00 18 11 02 22 01 00 00,8,,16939.93
custom-runner,525,5,25,yes,OK,,00 19 22 00 c5 11 00 67,00 19 22 01 11 02 00 00,00 19 22 01 11 02 00 00,8,,17007.07
custom-runner,526,5,26,yes,OK,,00 1a 11 00 63 22 00 c9,00 1a 11 01 22 02 00 00,00 1a 11 01 22 02 00 00,8,,16836.07
custom-runner,527,5,27,yes,OK,,00 1b 22 00 ca 11 00 62,00 1b 22 02 11 01 00 00,00 1b 22 02 11 01 00 00,8,,16974.55
custom-runner,528,5,28,yes,OK,,00 1c 11 00 66 22 00 c6,00 1c 11 02 22 01 00 00,00 1c 11 02 22 01 00 00,8,,16989.31
custom-runner,529,5,29,yes,OK,,00 1d 22 00 c5 11 00 67,00 1d 22 01 11 02 00 00,00 1d 22 01 11 02 00 00,8,,16762.03
custom-runner,530,5,30,yes,OK,,00 1e 11 00 63 22 00 c9,00 1e 11 01 22 02 00 00,00 1e 11 01 22 02 00 00,8,,17144.31
custom-runner,531,5,31,yes,OK,,00 1f 22 00 ca 11 00 62,00 1f 22 02 11 01 00 00,00 1f 22 02 11 01 00 00,8,,16876.22
custom-runner,532,5,32,yes,OK,,00 20 11 00 66 22 00 c6,00 20 11 02 22 01 00 00,00 20 11 02 22 01 00 00,8,,16945.98
custom-runner,533,5,33,yes,OK,,00 21 22 00 c5 11 00 67,00 21 22 01 11 02 00 00,00 21 22 01 11 02 00 00,8,,17019.31
custom-runner,534,5,34,yes,OK,,00 22 11 00 63 22 00 c9,00 22 11 01 22 02 00 00,00 22 11 01 22 02 00 00,8,,16726.67
custom-runner,535,5,35,yes,OK,,00 23 22 00 ca 11 00 62,00 23 22 02 11 01 00 00,00 23 22 02 11 01 00 00,8,,16886.60
custom-runner,536,5,36,yes,OK,,00 24 11 00 66 22 00 c6,00 24 11 02 22 01 00 00,00 24 11 02 22 01 00 00,8,,16976.75
custom-runner,537,5,37,yes,OK,,00 25 22 00 c5 11 00 67,00 25 22 01 11 02 00 00,00 25 22 01 11 02 00 00,8,,16969.00
custom-runner,538,5,38,yes,OK,,00 26 11 00 63 22 00 c9,00 26 11 01 22 02 00 00,00 26 11 01 22 02 00 00,8,,16917.12
custom-runner,539,5,39,yes,OK,,00 27 22 00 ca 11 00 62,00 27 22 02 11 01 00 00,00 27 22 02 11 01 00 00,8,,17036.29
custom-runner,540,5,40,yes,OK,,00 28 11 00 66 22 00 c6,00 28 11 02 22 01 00 00,00 28 11 02 22 01 00 00,8,,16930.23
custom-runner,541,5,41,yes,OK,,00 29 22 00 c5 11 00 67,00 29 22 01 11 02 00 00,00 29 22 01 11 02 00 00,8,,16851.74
custom-runner,542,5,42,yes,OK,,00 2a 11 00 63 22 00 c9,00 2a 11 01 22 02 00 00,00 2a 11 01 22 02 00 00,8,,17051.09
custom-runner,543,5,43,yes,OK,,00 2b 22 00 ca 11 00 62,00 2b 22 02 11 01 00 00,00 2b 22 02 11 01 00 00,8,,16991.22
custom-runner,544,5,44,yes,OK,,00 2c 11 00 66 22 00 c6,00 2c 11 02 22 01 00 00,00 2c 11 02 22 01 00 00,8,,16820.22
custom-runner,545,5,45,yes,OK,,00 2d 22 00 c5 11 00 67,00 2d 22 01 11 02 00 00,00 2d 22 01 11 02 00 00,8,,17121.22
custom-runner,546,5,46,yes,OK,,00 2e 11 00 63 22 00 c9,00 2e 11 01 22 02 00 00,00 2e 11 01 22 02 00 00,8,,16850.46
custom-runner,547,5,47,yes,OK,,00 2f 22 00 ca 11 00 62,00 2f 22 02 11 01 00 00,00 2f 22 02 11 01 00 00,8,,16910.69
custom-runner,548,5,48,yes,OK,,00 30 11 00 66 22 00 c6,00 30 11 02 22 01 00 00,00 30 11 02 22 01 00 00,8,,16960.28
custom-runner,549,5,49,yes,OK,,00 31 22 00 c5 11 00 67,00 31 22 01 11 02 00 00,00 31 22 01 11 02 00 00,8,,16818.24
custom-runner,550,5,50,yes,OK,,00 32 11 00 63 22 00 c9,00 32 11 01 22 02 00 00,00 32 11 01 22 02 00 00,8,,16983.48
custom-runner,551,5,51,yes,OK,,00 33 22 00 ca 11 00 62,00 33 22 02 11 01 00 00,00 33 22 02 11 01 00 00,8,,17010.94
custom-runner,552,5,52,yes,OK,,00 34 11 00 66 22 00 c6,00 34 11 02 22 01 00 00,00 34 11 02 22 01 00 00,8,,16909.19
custom-runner,553,5,53,yes,OK,,00 35 22 00 c5 11 00 67,00 35 22 01 11 02 00 00,00 35 22 01 11 02 00 00,8,,16874.15
custom-runner,554,5,54,yes,OK,,00 36 11 00 63 22 00 c9,00 36 11 01 22 02 00 00,00 36 11 01 22 02 00 00,8,,17066.08
custom-runner,555,5,55,yes,OK,,00 37 22 00 ca 11 00 62,00 37 22 02 11 01 00 00,00 37 22 02 11 01 00 00,8,,16936.38
custom-runner,556,5,56,yes,OK,,00 38 11 00 66 22 00 c6,00 38 11 02 22 01 00 00,00 38 11 02 22 01 00 00,8,,16927.94
custom-runner,557,5,57,yes,OK,,00 39 22 00 c5 11 00 67,00 39 22 01 11 02 00 00,00 39 22 01 11 02 00 00,8,,16958.97
custom-runner,558,5,58,yes,OK,,00 3a 11 00 63 22 00 c9,00 3a 11 01 22 02 00 00,00 3a 11 01 22 02 00 00,8,,17017.26
custom-runner,559,5,59,yes,OK,,00 3b 22 00 ca 11 00 62,00 3b 22 02 11 01 00 00,00 3b 22 02 11 01 00 00,8,,16831.02
custom-runner,560,5,60,yes,OK,,00 3c 11 00 66 22 00 c6,00 3c 11 02 22 01 00 00,00 3c 11 02 22 01 00 00,8,,16963.53
custom-runner,561,5,61,yes,OK,,00 3d 22 00 c5 11 00 67,00 3d 22 01 11 02 00 00,00 3d 22 01 11 02 00 00,8,,17097.31
custom-runner,562,5,62,yes,OK,,00 3e 11 00 63 22 00 c9,00 3e 11 01 22 02 00 00,00 3e 11 01 22 02 00 00,8,,16848.61
custom-runner,563,5,63,yes,OK,,00 3f 22 00 ca 11 00 62,00 3f 22 02 11 01 00 00,00 3f 22 02 11 01 00 00,8,,17088.81
custom-runner,564,5,64,yes,OK,,00 40 11 00 66 22 00 c6,00 40 11 02 22 01 00 00,00 40 11 02 22 01 00 00,8,,16766.76
custom-runner,565,5,65,yes,OK,,00 41 22 00 c5 11 00 67,00 41 22 01 11 02 00 00,00 41 22 01 11 02 00 00,8,,16963.38
custom-runner,566,5,66,yes,OK,,00 42 11 00 63 22 00 c9,00 42 11 01 22 02 00 00,00 42 11 01 22 02 00 00,8,,16889.20
custom-runner,567,5,67,yes,OK,,00 43 22 00 ca 11 00 62,00 43 22 02 11 01 00 00,00 43 22 02 11 01 00 00,8,,17031.24
custom-runner,568,5,68,yes,OK,,00 44 11 00 66 22 00 c6,00 44 11 02 22 01 00 00,00 44 11 02 22 01 00 00,8,,16807.78
custom-runner,569,5,69,yes,OK,,00 45 22 00 c5 11 00 67,00 45 22 01 11 02 00 00,00 45 22 01 11 02 00 00,8,,17062.03
custom-runner,570,5,70,yes,OK,,00 46 11 00 63 22 00 c9,00 46 11 01 22 02 00 00,00 46 11 01 22 02 00 00,8,,16955.10
custom-runner,571,5,71,yes,OK,,00 47 22 00 ca 11 00 62,00 47 22 02 11 01 00 00,00 47 22 02 11 01 00 00,8,,16939.68
custom-runner,572,5,72,yes,OK,,00 48 11 00 66 22 00 c6,00 48 11 02 22 01 00 00,00 48 11 02 22 01 00 00,8,,16968.80
custom-runner,573,5,73,yes,OK,,00 49 22 00 c5 11 00 67,00 49 22 01 11 02 00 00,00 49 22 01 11 02 00 00,8,,16908.76
custom-runner,574,5,74,yes,OK,,00 4a 11 00 63 22 00 c9,00 4a 11 01 22 02 00 00,00 4a 11 01 22 02 00 00,8,,16986.74
custom-runner,575,5,75,yes,OK,,00 4b 22 00 ca 11 00 62,00 4b 22 02 11 01 00 00,00 4b 22 02 11 01 00 00,8,,16938.67
custom-runner,576,5,76,yes,OK,,00 4c 11 00 66 22 00 c6,00 4c 11 02 22 01 00 00,00 4c 11 02 22 01 00 00,8,,16886.85
custom-runner,577,5,77,yes,OK,,00 4d 22 00 c5 11 00 67,00 4d 22 01 11 02 00 00,00 4d 22 01 11 02 00 00,8,,16996.20
custom-runner,578,5,78,yes,OK,,00 4e 11 00 63 22 00 c9,00 4e 11 01 22 02 00 00,00 4e 11 01 22 02 00 00,8,,17048.24
custom-runner,579,5,79,yes,OK,,00 4f 22 00 ca 11 00 62,00 4f 22 02 11 01 00 00,00 4f 22 02 11 01 00 00,8,,16984.31
custom-runner,580,5,80,yes,OK,,00 50 11 00 66 22 00 c6,00 50 11 02 22 01 00 00,00 50 11 02 22 01 00 00,8,,16822.28
custom-runner,581,5,81,yes,OK,,00 51 22 00 c5 11 00 67,00 51 22 01 11 02 00 00,00 51 22 01 11 02 00 00,8,,16919.41
custom-runner,582,5,82,yes,OK,,00 52 11 00 63 22 00 c9,00 52 11 01 22 02 00 00,00 52 11 01 22 02 00 00,8,,16968.45
custom-runner,583,5,83,yes,OK,,00 53 22 00 ca 11 00 62,00 53 22 02 11 01 00 00,00 53 22 02 11 01 00 00,8,,16983.63
custom-runner,584,5,84,yes,OK,,00 54 11 00 66 22 00 c6,00 54 11 02 22 01 00 00,00 54 11 02 22 01 00 00,8,,16889.22
custom-runner,585,5,85,yes,OK,,00 55 22 00 c5 11 00 67,00 55 22 01 11 02 00 00,00 55 22 01 11 02 00 00,8,,16865.46
custom-runner,586,5,86,yes,OK,,00 56 11 00 63 22 00 c9,00 56 11 01 22 02 00 00,00 56 11 01 22 02 00 00,8,,17072.06
custom-runner,587,5,87,yes,OK,,00 57 22 00 ca 11 00 62,00 57 22 02 11 01 00 00,00 57 22 02 11 01 00 00,8,,16920.26
custom-runner,588,5,88,yes,OK,,00 58 11 00 66 22 00 c6,00 58 11 02 22 01 00 00,00 58 11 02 22 01 00 00,8,,16872.67
custom-runner,589,5,89,yes,OK,,00 59 22 00 c5 11 00 67,00 59 22 01 11 02 00 00,00 59 22 01 11 02 00 00,8,,17023.06
custom-runner,590,5,90,yes,OK,,00 5a 11 00 63 22 00 c9,00 5a 11 01 22 02 00 00,00 5a 11 01 22 02 00 00,8,,16825.13
custom-runner,591,5,91,yes,OK,,00 5b 22 00 ca 11 00 62,00 5b 22 02 11 01 00 00,00 5b 22 02 11 01 00 00,8,,17063.17
custom-runner,592,5,92,yes,OK,,00 5c 11 00 66 22 00 c6,00 5c 11 02 22 01 00 00,00 5c 11 02 22 01 00 00,8,,16846.84
custom-runner,593,5,93,yes,OK,,00 5d 22 00 c5 11 00 67,00 5d 22 01 11 02 00 00,00 5d 22 01 11 02 00 00,8,,16910.22
custom-runner,594,5,94,yes,OK,,00 5e 11 00 63 22 00 c9,00 5e 11 01 22 02 00 00,00 5e 11 01 22 02 00 00,8,,16917.16
custom-runner,595,5,95,yes,OK,,00 5f 22 00 ca 11 00 62,00 5f 22 02 11 01 00 00,00 5f 22 02 11 01 00 00,8,,16968.68
custom-runner,596,5,96,yes,OK,,00 60 11 00 66 22 00 c6,00 60 11 02 22 01 00 00,00 60 11 02 22 01 00 00,8,,16805.09
custom-runner,597,5,97,yes,OK,,00 61 22 00 c5 11 00 67,00 61 22 01 11 02 00 00,00 61 22 01 11 02 00 00,8,,16997.22
custom-runner,598,5,98,yes,OK,,00 62 11 00 63 22 00 c9,00 62 11 01 22 02 00 00,00 62 11 01 22 02 00 00,8,,16920.66
custom-runner,599,5,99,yes,OK,,00 63 22 00 ca 11 00 62,00 63 22 02 11 01 00 00,00 63 22 02 11 01 00 00,8,,17109.48
custom-runner,600,6,0,no,OK,,00 00 11 00 64 22 00 c8,00 00 11 00 22 00 00 00,00 00 11 00 22 00 00 00,8,,16788.65
custom-runner,601,6,1,no,OK,,00 01 22 00 c8 11 00 64,00 01 22 00 11 00 00 00,00 01 22 00 11 00 00 00,8,,16962.27
custom-runner,602,6,2,no,OK,,00 02 11 00 64 22 00 c8,00 02 11 00 22 00 00 00,00 02 11 00 22 00 00 00,8,,16985.98
custom-runner,603,6,3,no,OK,,00 03 22 00 c8 11 00 64,00 03 22 00 11 00 00 00,00 03 22 00 11 00 00 00,8,,16772.98
custom-runner,604,6,4,no,OK,,00 04 11 00 64 22 00 c8,00 04 11 00 22 00 00 00,00 04 11 00 22 00 00 00,8,,17013.60
custom-runner,605,6,5,no,OK,,00 05 22 00 c8 11 00 64,00 05 22 00 11 00 00 00,00 05 22 00 11 00 00 00,8,,16895.04
custom-runner,606,6,6,no,OK,,00 06 11 00 64 22 00 c8,00 06 11 00 22 00 00 00,00 06 11 00 22 00 00 00,8,,16928.36
custom-runner,607,6,7,no,OK,,00 07 22 00 c8 11 00 64,00 07 22 00 11 00 00 00,00 07 22 00 11 00 00 00,8,,16938.51
custom-runner,608,6,8,no,OK,,00 08 11 00 64 22 00 c8,00 08 11 00 22 00 00 00,00 08 11 00 22 00 00 00,8,,16969.74
custom-runner,609,6,9,no,OK,,00 09 22 00 c8 11 00 64,00 09 22 00 11 00 00 00,00 09 22 00 11 00 00 00,8,,16881.00
custom-runner,610,6,10,no,OK,,00 0a 11 00 64 22 00 c8,00 0a 11 00 22 00 00 00,00 0a 11 00 22 00 00 00,8,,16933.18
custom-runner,611,6,11,no,OK,,00 0b 22 00 c8 11 00 64,00 0b 22 00 11 00 00 00,00 0b 22 00 11 00 00 00,8,,16968.35
custom-runner,612,6,12,no,OK,,00 0c 11 00 64 22 00 c8,00 0c 11 00 22 00 00 00,00 0c 11 00 22 00 00 00,8,,17058.95
custom-runner,613,6,13,no,OK,,00 0d 22 00 c8 11 00 64,00 0d 22 00 11 00 00 00,00 0d 22 00 11 00 00 00,8,,16883.87
custom-runner,614,6,14,no,OK,,00 0e 11 00 64 22 00 c8,00 0e 11 00 22 00 00 00,00 0e 11 00 22 00 00 00,8,,16918.69
custom-runner,615,6,15,no,OK,,00 0f 22 00 c8 11 00 64,00 0f 22 00 11 00 00 00,00 0f 22 00 11 00 00 00,8,,16935.77
custom-runner,616,6,16,yes,OK,,00 10 11 00 64 22 00 c8,00 10 11 00 22 00 00 00,00 10 11 00 22 00 00 00,8,,16974.42
custom-runner,617,6,17,yes,OK,,00 11 22 00 c8 11 00 64,00 11 22 00 11 00 00 00,00 11 22 00 11 00 00 00,8,,16950.98
custom-runner,618,6,18,yes,OK,,00 12 11 00 64 22 00 c8,00 12 11 00 22 00 00 00,00 12 11 00 22 00 00 00,8,,16946.28
custom-runner,619,6,19,yes,OK,,00 13 22 00 c8 11 00 64,00 13 22 00 11 00 00 00,00 13 22 00 11 00 00 00,8,,16879.08
custom-runner,620,6,20,yes,OK,,00 14 11 00 64 22 00 c8,00 14 11 00 22 00 00 00,00 14 11 00 22 00 00 00,8,,16977.64
custom-runner,621,6,21,yes,OK,,00 15 22 00 c8 11 00 64,00 15 22 00 11 00 00 00,00 15 22 00 11 00 00 00,8,,16947.74
custom-runner,622,6,22,yes,OK,,00 16 11 00 64 22 00 c8,00 16 11 00 22 00 00 00,00 16 11 00 22 00 00 00,8,,16914.88
custom-runner,623,6,23,yes,OK,,00 17 22 00 c8 11 00 64,00 17 22 00 11 00 00 00,00 17 22 00 11 00 00 00,8,,17103.15
custom-runner,624,6,24,yes,OK,,00 18 11 00 64 22 00 c8,00 18 11 00 22 00 00 00,00 18 11 00 22 00 00 00,8,,16826.98
custom-runner,625,6,25,yes,OK,,00 19 22 00 c8 11 00 64,00 19 22 00 11 00 00 00,00 19 22 00 11 00 00 00,8,,16785.53
custom-runner,626,6,26,yes,OK,,00 1a 11 00 64 22 00 c8,00 1a 11 00 22 00 00 00,00 1a 11 00 22 00 00 00,8,,16947.45
custom-runner,627,6,27,yes,OK,,00 1b 22 00 c8 11 00 64,00 1b 22 00 11 00 00 00,00 1b 22 00 11 00 00 00,8,,17013.90
custom-runner,628,6,28,yes,OK,,00 1c 11 00 64 22 00 c8,00 1c 11 00 22 00 00 00,00 1c 11 00 22 00 00 00,8,,16930.88
custom-runner,629,6,29,yes,OK,,00 1d 22 00 c8 11 00 64,00 1d 22 00 11 00 00 00,00 1d 22 00 11 00 00 00,8,,16974.74
custom-runner,630,6,30,yes,OK,,00 1e 11 00 64 22 00 c8,00 1e 11 00 22 00 00 00,00 1e 11 00 22 00 00 00,8,,17063.17
custom-runner,631,6,31,yes,OK,,00 1f 22 00 c8 11 00 64,00 1f 22 00 11 00 00 00,00 1f 22 00 11 00 00 00,8,,16826.26
custom-runner,632,6,32,yes,OK,,00 20 11 00 64 22 00 c8,00 20 11 00 22 00 00 00,00 20 11 00 22 00 00 00,8,,16981.55
custom-runner,633,6,33,yes,OK,,00 21 22 00 c8 11 00 64,00 21 22 00 11 00 00 00,00 21 22 00 11 00 00 00,8,,16979.59
custom-runner,634,6,34,yes,OK,,00 22 11 00 64 22 00 c8,00 22 11 00 22 00 00 00,00 22 11 00 22 00 00 00,8,,16885.78
custom-runner,635,6,35,yes,OK,,00 23 22 00 c8 11 00 64,00 23 22 00 11 00 00 00,00 23 22 00 11 00 00 00,8,,17078.39
custom-runner,636,6,36,yes,OK,,00 24 11 00 64 22 00 c8,00 24 11 00 22 00 00 00,00 24 11 00 22 00 00 00,8,,16986.45
custom-runner,637,6,37,yes,OK,,00 25 22 00 c8 11 00 64,00 25 22 00 11 00 00 00,00 25 22 00 11 00 00 00,8,,16607.03
custom-runner,638,6,38,yes,OK,,00 26 11 00 64 22 00 c8,00 26 11 00 22 00 00 00,00 26 11 00 22 00 00 00,8,,17296.90
custom-runner,639,6,39,yes,OK,,00 27 22 00 c8 11 00 64,00 27 22 00 11 00 00 00,00 27 22 00 11 00 00 00,8,,16712.78
custom-runner,640,6,40,yes,OK,,00 28 11 00 64 22 00 c8,00 28 11 00 22 00 00 00,00 28 11 00 22 00 00 00,8,,16917.68
custom-runner,641,6,41,yes,OK,,00 29 22 00 c8 11 00 64,00 29 22 00 11 00 00 00,00 29 22 00 11 00 00 00,8,,16848.67
custom-runner,642,6,42,yes,OK,,00 2a 11 00 64 22 00 c8,00 2a 11 00 22 00 00 00,00 2a 11 00 22 00 00 00,8,,17149.46
custom-runner,643,6,43,yes,OK,,00 2b 22 00 c8 11 00 64,00 2b 22 00 11 00 00 00,00 2b 22 00 11 00 00 00,8,,16870.04
custom-runner,644,6,44,yes,OK,,00 2c 11 00 64 22 00 c8,00 2c 11 00 22 00 00 00,00 2c 11 00 22 00 00 00,8,,16942.06
custom-runner,645,6,45,yes,OK,,00 2d 22 00 c8 11 00 64,00 2d 22 00 11 00 00 00,00 2d 22 00 11 00 00 00,8,,17300.76
custom-runner,646,6,46,yes,OK,,00 2e 11 00 64 22 00 c8,00 2e 11 00 22 00 00 00,00 2e 11 00 22 00 00 00,8,,16547.01
custom-runner,647,6,47,yes,OK,,00 2f 22 00 c8 11 00 64,00 2f 22 00 11 00 00 00,00 2f 22 00 11 00 00 00,8,,16927.65
custom-runner,648,6,48,yes,OK,,00 30 11 00 64 22 00 c8,00 30 11 00 22 00 00 00,00 30 11 00 22 00 00 00,8,,17036.54
custom-runner,649,6,49,yes,OK,,00 31 22 00 c8 11 00 64,00 31 22 00 11 00 00 00,00 31 22 00 11 00 00 00,8,,16873.88
custom-runner,650,6,50,yes,OK,,00 32 11 00 64 22 00 c8,00 32 11 00 22 00 00 00,00 32 11 00 22 00 00 00,8,,16879.69
custom-runner,651,6,51,yes,OK,,00 33 22 00 c8 11 00 64,00 33 22 00 11 00 00 00,00 33 22 00 11 00 00 00,8,,17027.25
custom-runner,652,6,52,yes,OK,,00 34 11 00 64 22 00 c8,00 34 11 00 22 00 00 00,00 34 11 00 22 00 00 00,8,,16733.11
custom-runner,653,6,53,yes,OK,,00 35 22 00 c8 11 00 64,00 35 22 00 11 00 00 00,00 35 22 00 11 00 00 00,8,,16964.70
custom-runner,654,6,54,yes,OK,,00 36 11 00 64 22 00 c8,00 36 11 00 22 00 00 00,00 36 11 00 22 00 00 00,8,,17095.71
custom-runner,655,6,55,yes,OK,,00 37 22 00 c8 11 00 64,00 37 22 00 11 00 00 00,00 37 22 00 11 00 00 00,8,,16683.89
custom-runner,656,6,56,yes,OK,,00 38 11 00 64 22 00 c8,00 38 11 00 22 00 00 00,00 38 11 00 22 00 00 00,8,,16915.87
custom-runner,657,6,57,yes,OK,,00 39 22 00 c8 11 00 64,00 39 22 00 11 00 00 00,00 39 22 00 11 00 00 00,8,,17061.09
custom-runner,658,6,58,yes,OK,,00 3a 11 00 64 22 00 c8,00 3a 11 00 22 00 00 00,00 3a 11 00 22 00 00 00,8,,16941.41
custom-runner,659,6,59,yes,OK,,00 3b 22 00 c8 11 00 64,00 3b 22 00 11 00 00 00,00 3b 22 00 11 00 00 00,8,,16893.45
custom-runner,660,6,60,yes,OK,,00 3c 11 00 64 22 00 c8,00 3c 11 00 22 00 00 00,00 3c 11 00 22 00 00 00,8,,17019.36
custom-runner,661,6,61,yes,OK,,00 3d 22 00 c8 11 00 64,00 3d 22 00 11 00 00 00,00 3d 22 00 11 00 00 00,8,,16954.00
custom-runner,662,6,62,yes,OK,,00 3e 11 00 64 22 00 c8,00 3e 11 00 22 00 00 00,00 3e 11 00 22 00 00 00,8,,16835.81
custom-runner,663,6,63,yes,OK,,00 3f 22 00 c8 11 00 64,00 3f 22 00 11 00 00 00,00 3f 22 00 11 00 00 00,8,,16985.38
custom-runner,664,6,64,yes,OK,,00 40 11 00 64 22 00 c8,00 40 11 00 22 00 00 00,00 40 11 00 22 00 00 00,8,,16985.78
custom-runner,665,6,65,yes,OK,,00 41 22 00 c8 11 00 64,00 41 22 00 11 00 00 00,00 41 22 00 11 00 00 00,8,,16910.18
custom-runner,666,6,66,yes,OK,,00 42 11 00 64 22 00 c8,00 42 11 00 22 00 00 00,00 42 11 00 22 00 00 00,8,,16944.92
custom-runner,667,6,67,yes,OK,,00 43 22 00 c8 11 00 64,00 43 22 00 11 00 00 00,00 43 22 00 11 00 00 00,8,,16864.72
custom-runner,668,6,68,yes,OK,,00 44 11 00 64 22 00 c8,00 44 11 00 22 00 00 00,00 44 11 00 22 00 00 00,8,,16792.71
custom-runner,669,6,69,yes,OK,,00 45 22 00 c8 11 00 64,00 45 22 00 11 00 00 00,00 45 22 00 11 00 00 00,8,,17024.72
custom-runner,670,6,70,yes,OK,,00 46 11 00 64 22 00 c8,00 46 11 00 22 00 00 00,00 46 11 00 22 00 00 00,8,,16956.61
custom-runner,671,6,71,yes,OK,,00 47 22 00 c8 11 00 64,00 47 22 00 11 00 00 00,00 47 22 00 11 00 00 00,8,,16950.44
custom-runner,672,6,72,yes,OK,,00 48 11 00 64 22 00 c8,00 48 11 00 22 00 00 00,00 48 11 00 22 00 00 00,8,,16967.30
custom-runner,673,6,73,yes,OK,,00 49 22 00 c8 11 00 64,00 49 22 00 11 00 00 00,00 49 22 00 11 00 00 00,8,,17090.44
custom-runner,674,6,74,yes,OK,,00 4a 11 00 64 22 00 c8,00 4a 11 00 22 00 00 00,00 4a 11 00 22 00 00 00,8,,16928.68
custom-runner,675,6,75,yes,OK,,00 4b 22 00 c8 11 00 64,00 4b 22 00 11 00 00 00,00 4b 22 00 11 00 00 00,8,,16918.66
custom-runner,676,6,76,yes,OK,,00 4c 11 00 64 22 00 c8,00 4c 11 00 22 00 00 00,00 4c 11 00 22 00 00 00,8,,16935.03
custom-runner,677,6,77,yes,OK,,00 4d 22 00 c8 11 00 64,00 4d 22 00 11 00 00 00,00 4d 22 00 11 00 00 00,8,,16877.57
custom-runner,678,6,78,yes,OK,,00 4e 11 00 64 22 00 c8,00 4e 11 00 22 00 00 00,00 4e 11 00 22 00 00 00,8,,16739.27
custom-runner,679,6,79,yes,OK,,00 4f 22 00 c8 11 00 64,00 4f 22 00 11 00 00 00,00 4f 22 00 11 00 00 00,8,,17133.03
custom-runner,680,6,80,yes,OK,,00 50 11 00 64 22 00 c8,00 50 11 00 22 00 00 00,00 50 11 00 22 00 00 00,8,,17032.18
custom-runner,681,6,81,yes,OK,,00 51 22 00 c8 11 00 64,00 51 22 00 11 00 00 00,00 51 22 00 11 00 00 00,8,,16914.12
custom-runner,682,6,82,yes,OK,,00 52 11 00 64 22 00 c8,00 52 11 00 22 00 00 00,00 52 11 00 22 00 00 00,8,,16930.91
custom-runner,683,6,83,yes,OK,,00 53 22 00 c8 11 00 64,00 53 22 00 11 00 00 00,00 53 22 00 11 00 00 00,8,,16986.41
custom-runner,684,6,84,yes,OK,,00 54 11 00 64 22 00 c8,00 54 11 00 22 00 00 00,00 54 11 00 22 00 00 00,8,,16819.43
custom-runner,685,6,85,yes,OK,,00 55 22 00 c8 11 00 64,00 55 22 00 11 00 00 00,00 55 22 00 11 00 00 00,8,,16968.64
custom-runner,686,6,86,yes,OK,,00 56 11 00 64 22 00 c8,00 56 11 00 22 00 00 00,00 56 11 00 22 00 00 00,8,,16905.21
custom-runner,687,6,87,yes,OK,,00 57 22 00 c8 11 00 64,00 57 22 00 11 00 00 00,00 57 22 00 11 00 00 00,8,,16996.46
custom-runner,688,6,88,yes,OK,,00 58 11 00 64 22 00 c8,00 58 11 00 22 00 00 00,00 58 11 00 22 00 00 00,8,,17413.62
custom-runner,689,6,89,yes,OK,,00 59 22 00 c8 11 00 64,00 59 22 00 11 00 00 00,00 59 22 00 11 00 00 00,8,,16337.56
custom-runner,690,6,90,yes,OK,,00 5a 11 00 64 22 00 c8,00 5a 11 00 22 00 00 00,00 5a 11 00 22 00 00 00,8,,16949.47
custom-runner,691,6,91,yes,OK,,00 5b 22 00 c8 11 00 64,00 5b 22 00 11 00 00 00,00 5b 22 00 11 00 00 00,8,,17035.29
custom-runner,692,6,92,yes,OK,,00 5c 11 00 64 22 00 c8,00 5c 11 00 22 00 00 00,00 5c 11 00 22 00 00 00,8,,17422.65
custom-runner,693,6,93,yes,OK,,00 5d 22 00 c8 11 00 64,00 5d 22 00 11 00 00 00,00 5d 22 00 11 00 00 00,8,,16642.50
custom-runner,694,6,94,yes,OK,,00 5e 11 00 64 22 00 c8,00 5e 11 00 22 00 00 00,00 5e 11 00 22 00 00 00,8,,16957.12
custom-runner,695,6,95,yes,OK,,00 5f 22 00 c8 11 00 64,00 5f 22 00 11 00 00 00,00 5f 22 00 11 00 00 00,8,,16803.20
custom-runner,696,6,96,yes,OK,,00 60 11 00 64 22 00 c8,00 60 11 00 22 00 00 00,00 60 11 00 22 00 00 00,8,,16859.72
custom-runner,697,6,97,yes,OK,,00 61 22 00 c8 11 00 64,00 61 22 00 11 00 00 00,00 61 22 00 11 00 00 00,8,,17060.85
custom-runner,698,6,98,yes,OK,,00 62 11 00 64 22 00 c8,00 62 11 00 22 00 00 00,00 62 11 00 22 00 00 00,8,,16774.55
custom-runner,699,6,99,yes,OK,,00 63 22 00 c8 11 00 64,00 63 22 00 11 00 00 00,00 63 22 00 11 00 00 00,8,,16937.87
custom-runner,700,7,0,no,OK,,00 00 11 03 e8 22 0f a0,00 00 11 00 22 00 00 00,00 00 11 00 22 00 00 00,8,,16748.11
custom-runner,701,7,1,no,OK,,00 01 22 0f 96 11 03 f2,00 01 22 00 11 00 00 00,00 01 22 00 11 00 00 00,8,,17034.21
custom-runner,702,7,2,no,OK,,00 02 11 03 fc 22 0f 8c,00 02 11 00 22 00 00 00,00 02 11 00 22 00 00 00,8,,16868.22
custom-runner,703,7,3,no,OK,,00 03 22 0f 82 11 04 06,00 03 22 00 11 00 00 00,00 03 22 00 11 00 00 00,8,,16934.52
custom-runner,704,7,4,no,OK,,00 04 11 04 10 22 0f 78,00 04 11 00 22 00 00 00,00 04 11 00 22 00 00 00,8,,17105.45
custom-runner,705,7,5,no,OK,,00 05 22 0f 6e 11 04 1a,00 05 22 00 11 00 00 00,00 05 22 00 11 00 00 00,8,,16759.71
custom-runner,706,7,6,no,OK,,00 06 11 04 24 22 0f 64,00 06 11 00 22 00 00 00,00 06 11 00 22 00 00 00,8,,17013.17
custom-runner,707,7,7,no,OK,,00 07 22 0f 5a 11 04 2e,00 07 22 00 11 00 00 00,00 07 22 00 11 00 00 00,8,,16871.13
custom-runner,708,7,8,no,OK,,00 08 11 04 38 22 0f 50,00 08 11 00 22 00 00 00,00 08 11 00 22 00 00 00,8,,16945.40
custom-runner,709,7,9,no,OK,,00 09 22 0f 46 11 04 42,00 09 22 00 11 00 00 00,00 09 22 00 11 00 00 00,8,,16940.26
custom-runner,710,7,10,no,OK,,00 0a 11 04 4c 22 0f 3c,00 0a 11 00 22 00 00 00,00 0a 11 00 22 00 00 00,8,,17003.25
custom-runner,711,7,11,no,OK,,00 0b 22 0f 32 11 04 56,00 0b 22 00 11 00 00 00,00 0b 22 00 11 00 00 00,8,,16946.40
custom-runner,712,7,12,no,OK,,00 0c 11 04 60 22 0f 28,00 0c 11 00 22 00 00 00,00 0c 11 00 22 00 00 00,8,,16889.08
custom-runner,713,7,13,no,OK,,00 0d 22 0f 1e 11 04 6a,00 0d 22 00 11 00 00 00,00 0d 22 00 11 00 00 00,8,,16883.54
custom-runner,714,7,14,no,OK,,00 0e 11 04 74 22 0f 14,00 0e 11 00 22 00 00 00,00 0e 11 00 22 00 00 00,8,,17049.21
custom-runner,715,7,15,no,OK,,00 0f 22 0f 0a 11 04 7e,00 0f 22 00 11 00 00 00,00 0f 22 00 11 00 00 00,8,,16908.96
custom-runner,716,7,16,yes,OK,,00 10 11 04 88 22 0f 00,00 10 11 00 22 00 00 00,00 10 11 00 22 00 00 00,8,,17013.84
custom-runner,717,7,17,yes,OK,,00 11 22 0e f6 11 04 92,00 11 22 00 11 00 00 00,00 11 22 00 11 00 00 00,8,,17236.36
custom-runner,718,7,18,yes,OK,,00 12 11 04 9c 22 0e ec,00 12 11 00 22 00 00 00,00 12 11 00 22 00 00 00,8,,16743.69
custom-runner,719,7,19,yes,OK,,00 13 22 0e e2 11 04 a6,00 13 22 00 11 00 00 00,00 13 22 00 11 00 00 00,8,,16871.21
custom-runner,720,7,20,yes,OK,,00 14 11 04 b0 22 0e d8,00 14 11 00 22 00 00 00,00 14 11 00 22 00 00 00,8,,16904.28
custom-runner,721,7,21,yes,OK,,00 15 22 0e ce 11 04 ba,00 15 22 00 11 00 00 00,00 15 22 00 11 00 00 00,8,,16830.91
custom-runner,722,7,22,yes,OK,,00 16 11 04 c4 22 0e c4,00 16 11 00 22 00 00 00,00 16 11 00 22 00 00 00,8,,17073.28
custom-runner,723,7,23,yes,OK,,00 17 22 0e ba 11 04 ce,00 17 22 00 11 00 00 00,00 17 22 00 11 00 00 00,8,,16873.35
custom-runner,724,7,24,yes,OK,,00 18 11 04 d8 22 0e b0,00 18 11 00 22 00 00 00,00 18 11 00 22 00 00 00,8,,17104.66
custom-runner,725,7,25,yes,OK,,00 19 22 0e a6 11 04 e2,00 19 22 00 11 00 00 00,00 19 22 00 11 00 00 00,8,,16850.88
custom-runner,726,7,26,yes,OK,,00 1a 11 04 ec 22 0e 9c,00 1a 11 00 22 00 00 00,00 1a 11 00 22 00 00 00,8,,16906.51
custom-runner,727,7,27,yes,OK,,00 1b 22 0e 92 11 04 f6,00 1b 22 00 11 00 00 00,00 1b 22 00 11 00 00 00,8,,16954.72
custom-runner,728,7,28,yes,OK,,00 1c 11 05 00 22 0e 88,00 1c 11 00 22 00 00 00,00 1c 11 00 22 00 00 00,8,,17080.15
custom-runner,729,7,29,yes,OK,,00 1d 22 0e 7e 11 05 0a,00 1d 22 00 11 00 00 00,00 1d 22 00 11 00 00 00,8,,16949.14
custom-runner,730,7,30,yes,OK,,00 1e 11 05 14 22 0e 74,00 1e 11 00 22 00 00 00,00 1e 11 00 22 00 00 00,8,,17010.79
custom-runner,731,7,31,yes,OK,,00 1f 22 0e 6a 11 05 1e,00 1f 22 00 11 00 00 00,00 1f 22 00 11 00 00 00,8,,16817.53
custom-runner,732,7,32,yes,OK,,00 20 11 05 1e 22 0e 6a,00 20 11 00 22 00 00 00,00 20 11 00 22 00 00 00,8,,17039.21
custom-runner,733,7,33,yes,OK,,00 21 22 0e 74 11 05 14,00 21 22 00 11 00 00 00,00 21 22 00 11 00 00 00,8,,16774.77
custom-runner,734,7,34,yes,OK,,00 22 11 05 0a 22 0e 7e,00 22 11 00 22 00 00 00,00 22 11 00 22 00 00 00,8,,16910.97
custom-runner,735,7,35,yes,OK,,00 23 22 0e 88 11 05 00,00 23 22 00 11 00 00 00,00 23 22 00 11 00 00 00,8,,17030.82
custom-runner,736,7,36,yes,OK,,00 24 11 04 f6 22 0e 92,00 24 11 00 22 00 00 00,00 24 11 00 22 00 00 00,8,,16923.86
custom-runner,737,7,37,yes,OK,,00 25 22 0e 9c 11 04 ec,00 25 22 02 11 01 00 00,00 25 22 02 11 01 00 00,8,,17021.43
custom-runner,738,7,38,yes,OK,,00 26 11 04 e2 22 0e a6,00 26 11 01 22 02 00 00,00 26 11 01 22 02 00 00,8,,16598.00
custom-runner,739,7,39,yes,OK,,00 27 22 0e b0 11 04 d8,00 27 22 02 11 01 00 00,00 27 22 02 11 01 00 00,8,,17255.11
custom-runner,740,7,40,yes,OK,,00 28 11 04 ce 22 0e ba,00 28 11 01 22 02 00 00,00 28 11 01 22 02 00 00,8,,17376.20
custom-runner,741,7,41,yes,OK,,00 29 22 0e c4 11 04 c4,00 29 22 02 11 01 00 00,00 29 22 02 11 01 00 00,8,,16380.39
custom-runner,742,7,42,yes,OK,,00 2a 11 04 ba 22 0e ce,00 2a 11 01 22 02 00 00,00 2a 11 01 22 02 00 00,8,,17323.15
custom-runner,743,7,43,yes,OK,,00 2b 22 0e d8 11 04 b0,00 2b 22 02 11 01 00 00,00 2b 22 02 11 01 00 00,8,,16561.71
custom-runner,744,7,44,yes,OK,,00 2c 11 04 a6 22 0e e2,00 2c 11 01 22 02 00 00,00 2c 11 01 22 02 00 00,8,,17097.67
custom-runner,745,7,45,yes,OK,,00 2d 22 0e ec 11 04 9c,00 2d 22 02 11 01 00 00,00 2d 22 02 11 01 00 00,8,,16662.19
custom-runner,746,7,46,yes,OK,,00 2e 11 04 92 22 0e f6,00 2e 11 01 22 02 00 00,00 2e 11 01 22 02 00 00,8,,16878.96
custom-runner,747,7,47,yes,OK,,00 2f 22 0f 00 11 04 88,00 2f 22 02 11 01 00 00,00 2f 22 02 11 01 00 00,8,,16885.38
custom-runner,748,7,48,yes,OK,,00 30 11 04 7e 22 0f 0a,00 30 11 01 22 02 00 00,00 30 11 01 22 02 00 00,8,,17327.96
custom-runner,749,7,49,yes,OK,,00 31 22 0f 14 11 04 74,00 31 22 02 11 01 00 00,00 31 22 02 11 01 00 00,8,,16465.84
custom-runner,750,7,50,yes,OK,,00 32 11 04 6a 22 0f 1e,00 32 11 01 22 02 00 00,00 32 11 01 22 02 00 00,8,,17015.91
custom-runner,751,7,51,yes,OK,,00 33 22 0f 28 11 04 60,00 33 22 02 11 01 00 00,00 33 22 02 11 01 00 00,8,,16942.63
custom-runner,752,7,52,yes,OK,,00 34 11 04 56 22 0f 32,00 34 11 01 22 02 00 00,00 34 11 01 22 02 00 00,8,,16871.86
custom-runner,753,7,53,yes,OK,,00 35 22 0f 3c 11 04 4c,00 35 22 02 11 01 00 00,00 35 22 02 11 01 00 00,8,,17037.84
custom-runner,754,7,54,yes,OK,,00 36 11 04 42 22 0f 46,00 36 11 01 22 02 00 00,00 36 11 01 22 02 00 00,8,,16702.94
custom-runner,755,7,55,yes,OK,,00 37 22 0f 50 11 04 38,00 37 22 02 11 01 00 00,00 37 22 02 11 01 00 00,8,,17016.05
custom-runner,756,7,56,yes,OK,,00 38 11 04 2e 22 0f 5a,00 38 11 01 22 02 00 00,00 38 11 01 22 02 00 00,8,,16927.92
custom-runner,757,7,57,yes,OK,,00 39 22 0f 64 11 04 24,00 39 22 02 11 01 00 00,00 39 22 02 11 01 00 00,8,,16823.53
custom-runner,758,7,58,yes,OK,,00 3a 11 04 1a 22 0f 6e,00 3a 11 01 22 02 00 00,00 3a 11 01 22 02 00 00,8,,16923.12
custom-runner,759,7,59,yes,OK,,00 3b 22 0f 78 11 04 10,00 3b 22 02 11 01 00 00,00 3b 22 02 11 01 00 00,8,,16990.35
custom-runner,760,7,60,yes,OK,,00 3c 11 04 06 22 0f 82,00 3c 11 01 22 02 00 00,00 3c 11 01 22 02 00 00,8,,16903.70
custom-runner,761,7,61,yes,OK,,00 3d 22 0f 8c 11 03 fc,00 3d 22 02 11 01 00 00,00 3d 22 02 11 01 00 00,8,,17073.50
custom-runner,762,7,62,yes,OK,,00 3e 11 03 f2 22 0f 96,00 3e 11 01 22 02 00 00,00 3e 11 01 22 02 00 00,8,,16898.69
custom-runner,763,7,63,yes,OK,,00 3f 22 0f a0 11 03 e8,00 3f 22 02 11 01 00 00,00 3f 22 02 11 01 00 00,8,,17016.07
custom-runner,764,7,64,yes,OK,,00 40 11 03 e8 22 0f a0,00 40 11 01 22 02 00 00,00 40 11 01 22 02 00 00,8,,16873.65
custom-runner,765,7,65,yes,OK,,00 41 22 0f 96 11 03 f2,00 41 22 02 11 01 00 00,00 41 22 02 11 01 00 00,8,,16927.27
custom-runner,766,7,66,yes,OK,,00 42 11 03 fc 22 0f 8c,00 42 11 01 22 02 00 00,00 42 11 01 22 02 00 00,8,,16880.95
custom-runner,767,7,67,yes,OK,,00 43 22 0f 82 11 04 06,00 43 22 02 11 01 00 00,00 43 22 02 11 01 00 00,8,,16982.69
custom-runner,768,7,68,yes,OK,,00 44 11 04 10 22 0f 78,00 44 11 01 22 02 00 00,00 44 11 01 22 02 00 00,8,,16884.75
custom-runner,769,7,69,yes,OK,,00 45 22 0f 6e 11 04 1a,00 45 22 01 11 02 00 00,00 45 22 01 11 02 00 00,8,,17003.63
custom-runner,770,7,70,yes,OK,,00 46 11 04 24 22 0f 64,00 46 11 02 22 01 00 00,00 46 11 02 22 01 00 00,8,,16881.67
custom-runner,771,7,71,yes,OK,,00 47 22 0f 5a 11 04 2e,00 47 22 01 11 02 00 00,00 47 22 01 11 02 00 00,8,,16925.12
custom-runner,772,7,72,yes,OK,,00 48 11 04 38 22 0f 50,00 48 11 02 22 01 00 00,00 48 11 02 22 01 00 00,8,,16883.74
custom-runner,773,7,73,yes,OK,,00 49 22 0f 46 11 04 42,00 49 22 01 11 02 00 00,00 49 22 01 11 02 00 00,8,,16907.29
custom-runner,774,7,74,yes,OK,,00 4a 11 04 4c 22 0f 3c,00 4a 11 02 22 01 00 00,00 4a 11 02 22 01 00 00,8,,16938.13
custom-runner,775,7,75,yes,OK,,00 4b 22 0f 32 11 04 56,00 4b 22 01 11 02 00 00,00 4b 22 01 11 02 00 00,8,,17114.18
custom-runner,776,7,76,yes,OK,,00 4c 11 04 60 22 0f 28,00 4c 11 02 22 01 00 00,00 4c 11 02 22 01 00 00,8,,16944.20
custom-runner,777,7,77,yes,OK,,00 4d 22 0f 1e 11 04 6a,00 4d 22 01 11 02 00 00,00 4d 22 01 11 02 00 00,8,,16787.46
custom-runner,778,7,78,yes,OK,,00 4e 11 04 74 22 0f 14,00 4e 11 02 22 01 00 00,00 4e 11 02 22 01 00 00,8,,17044.82
custom-runner,779,7,79,yes,OK,,00 4f 22 0f 0a 11 04 7e,00 4f 22 01 11 02 00 00,00 4f 22 01 11 02 00 00,8,,16967.92
custom-runner,780,7,80,yes,OK,,00 50 11 04 88 22 0f 00,00 50 11 02 22 01 00 00,00 50 11 02 22 01 00 00,8,,16894.80
custom-runner,781,7,81,yes,OK,,00 51 22 0e f6 11 04 92,00 51 22 01 11 02 00 00,00 51 22 01 11 02 00 00,8,,17037.84
custom-runner,782,7,82,yes,OK,,00 52 11 04 9c 22 0e ec,00 52 11 02 22 01 00 00,00 52 11 02 22 01 00 00,8,,16923.75
custom-runner,783,7,83,yes,OK,,00 53 22 0e e2 11 04 a6,00 53 22 01 11 02 00 00,00 53 22 01 11 02 00 00,8,,16982.16
custom-runner,784,7,84,yes,OK,,00 54 11 04 b0 22 0e d8,00 54 11 02 22 01 00 00,00 54 11 02 22 01 00 00,8,,16819.65
custom-runner,785,7,85,yes,OK,,00 55 22 0e ce 11 04 ba,00 55 22 01 11 02 00 00,00 55 22 01 11 02 00 00,8,,16883.71
custom-runner,786,7,86,yes,OK,,00 56 11 04 c4 22 0e c4,00 56 11 02 22 01 00 00,00 56 11 02 22 01 00 00,8,,16953.93
custom-runner,787,7,87,yes,OK,,00 57 22 0e ba 11 04 ce,00 57 22 01 11 02 00 00,00 57 22 01 11 02 00 00,8,,17278.88
custom-runner,788,7,88,yes,OK,,00 58 11 04 d8 22 0e b0,00 58 11 02 22 01 00 00,00 58 11 02 22 01 00 00,8,,16603.02
custom-runner,789,7,89,yes,OK,,00 59 22 0e a6 11 04 e2,00 59 22 01 11 02 00 00,00 59 22 01 11 02 00 00,8,,17284.15
custom-runner,790,7,90,yes,OK,,00 5a 11 04 ec 22 0e 9c,00 5a 11 02 22 01 00 00,00 5a 11 02 22 01 00 00,8,,17209.83
custom-runner,791,7,91,yes,OK,,00 5b 22 0e 92 11 04 f6,00 5b 22 01 11 02 00 00,00 5b 22 01 11 02 00 00,8,,16921.59
custom-runner,792,7,92,yes,OK,,00 5c 11 05 00 22 0e 88,00 5c 11 02 22 01 00 00,00 5c 11 02 22 01 00 00,8,,16434.21
custom-runner,793,7,93,yes,OK,,00 5d 22 0e 7e 11 05 0a,00 5d 22 01 11 02 00 00,00 5d 22 01 11 02 00 00,8,,16827.69
custom-runner,794,7,94,yes,OK,,00 5e 11 05 14 22 0e 74,00 5e 11 02 22 01 00 00,00 5e 11 02 22 01 00 00,8,,17182.18
custom-runner,795,7,95,yes,OK,,00 5f 22 0e 6a 11 05 1e,00 5f 22 01 11 02 00 00,00 5f 22 01 11 02 00 00,8,,16822.85
custom-runner,796,7,96,yes,OK,,00 60 11 05 1e 22 0e 6a,00 60 11 02 22 01 00 00,00 60 11 02 22 01 00 00,8,,16857.85
custom-runner,797,7,97,yes,OK,,00 61 22 0e 74 11 05 14,00 61 22 01 11 02 00 00,00 61 22 01 11 02 00 00,8,,16834.33
custom-runner,798,7,98,yes,OK,,00 62 11 05 0a 22 0e 7e,00 62 11 02 22 01 00 00,00 62 11 02 22 01 00 00,8,,17047.19
custom-runner,799,7,99,yes,OK,,00 63 22 0e 88 11 05 00,00 63 22 01 11 02 00 00,00 63 22 01 11 02 00 00,8,,16867.32
custom-runner,800,8,0,no,OK,,00 00 22 00 c8 11 00 64,00 00 22 00 11 00 00 00,00 00 22 00 11 00 00 00,8,,17059.36
custom-runner,801,8,1,no,OK,,00 01 11 00 64 22 00 c8,00 01 11 00 22 00 00 00,00 01 11 00 22 00 00 00,8,,16911.44
custom-runner,802,8,2,no,OK,,00 02 22 00 c8 11 00 64,00 02 22 00 11 00 00 00,00 02 22 00 11 00 00 00,8,,16866.86
custom-runner,803,8,3,no,OK,,00 03 11 00 64 22 00 c8,00 03 11 00 22 00 00 00,00 03 11 00 22 00 00 00,8,,16979.47
custom-runner,804,8,4,no,OK,,00 04 22 00 c8 11 00 64,00 04 22 00 11 00 00 00,00 04 22 00 11 00 00 00,8,,16906.34
custom-runner,805,8,5,no,OK,,00 05 11 00 64 22 00 c8,00 05 11 00 22 00 00 00,00 05 11 00 22 00 00 00,8,,16835.56
custom-runner,806,8,6,no,OK,,00 06 22 00 c8 11 00 64,00 06 22 00 11 00 00 00,00 06 22 00 11 00 00 00,8,,16960.31
custom-runner,807,8,7,no,OK,,00 07 11 00 64 22 00 c8,00 07 11 00 22 00 00 00,00 07 11 00 22 00 00 00,8,,16912.74
custom-runner,808,8,8,no,OK,,00 08 22 00 c8 11 00 64,00 08 22 00 11 00 00 00,00 08 22 00 11 00 00 00,8,,16881.27
custom-runner,809,8,9,no,OK,,00 09 11 00 64 22 00 c8,00 09 11 00 22 00 00 00,00 09 11 00 22 00 00 00,8,,16915.32
custom-runner,810,8,10,no,OK,,00 0a 22 00 c8 11 00 64,00 0a 22 00 11 00 00 00,00 0a 22 00 11 00 00 00,8,,16976.74
custom-runner,811,8,11,no,OK,,00 0b 11 00 64 22 00 c8,00 0b 11 00 22 00 00 00,00 0b 11 00 22 00 00 00,8,,16905.08
custom-runner,812,8,12,no,OK,,00 0c 22 00 c8 11 00 64,00 0c 22 00 11 00 00 00,00 0c 22 00 11 00 00 00,8,,16984.15
custom-runner,813,8,13,no,OK,,00 0d 11 00 64 22 00 c8,00 0d 11 00 22 00 00 00,00 0d 11 00 22 00 00 00,8,,16929.56
custom-runner,814,8,14,no,OK,,00 0e 22 00 c8 11 00 64,00 0e 22 00 11 00 00 00,00 0e 22 00 11 00 00 00,8,,16913.07
custom-runner,815,8,15,no,OK,,00 0f 11 00 64 22 00 c8,00 0f 11 00 22 00 00 00,00 0f 11 00 22 00 00 00,8,,16820.55
custom-runner,816,8,16,yes,OK,,00 10 22 00 c6 11 00 66,00 10 22 01 11 02 00 00,00 10 22 01 11 02 00 00,8,,17056.14
custom-runner,817,8,17,yes,OK,,00 11 11 00 67 22 00 c5,00 11 11 02 22 01 00 00,00 11 11 02 22 01 00 00,8,,17043.27
custom-runner,818,8,18,yes,OK,,00 12 22 00 c9 11 00 63,00 12 22 02 11 01 00 00,00 12 22 02 11 01 00 00,8,,16884.65
custom-runner,819,8,19,yes,OK,,00 13 11 00 62 22 00 ca,00 13 11 01 22 02 00 00,00 13 11 01 22 02 00 00,8,,16919.47
custom-runner,820,8,20,yes,OK,,00 14 22 00 c6 11 00 66,00 14 22 01 11 02 00 00,00 14 22 01 11 02 00 00,8,,16996.77
custom-runner,821,8,21,yes,OK,,00 15 11 00 67 22 00 c5,00 15 11 02 22 01 00 00,00 15 11 02 22 01 00 00,8,,16990.50
custom-runner,822,8,22,yes,OK,,00 16 22 00 c9 11 00 63,00 16 22 02 11 01 00 00,00 16 22 02 11 01 00 00,8,,16904.57
custom-runner,823,8,23,yes,OK,,00 17 11 00 62 22 00 ca,00 17 11 01 22 02 00 00,00 17 11 01 22 02 00 00,8,,16914.27
custom-runner,824,8,24,yes,OK,,00 18 22 00 c6 11 00 66,00 18 22 01 11 02 00 00,00 18 22 01 11 02 00 00,8,,16925.36
custom-runner,825,8,25,yes,OK,,00 19 11 00 67 22 00 c5,00 19 11 02 22 01 00 00,00 19 11 02 22 01 00 00,8,,16958.75
custom-runner,826,8,26,yes,OK,,00 1a 22 00 c9 11 00 63,00 1a 22 02 11 01 00 00,00 1a 22 02 11 01 00 00,8,,17046.05
custom-runner,827,8,27,yes,OK,,00 1b 11 00 62 22 00 ca,00 1b 11 01 22 02 00 00,00 1b 11 01 22 02 00 00,8,,16974.47
custom-runner,828,8,28,yes,OK,,00 1c 22 00 c6 11 00 66,00 1c 22 01 11 02 00 00,00 1c 22 01 11 02 00 00,8,,16882.85
custom-runner,829,8,29,yes,OK,,00 1d 11 00 67 22 00 c5,00 1d 11 02 22 01 00 00,00 1d 11 02 22 01 00 00,8,,16904.34
custom-runner,830,8,30,yes,OK,,00 1e 22 00 c9 11 00 63,00 1e 22 02 11 01 00 00,00 1e 22 02 11 01 00 00,8,,17055.22
custom-runner,831,8,31,yes,OK,,00 1f 11 00 62 22 00 ca,00 1f 11 01 22 02 00 00,00 1f 11 01 22 02 00 00,8,,16713.23
custom-runner,832,8,32,yes,OK,,00 20 22 00 c6 11 00 66,00 20 22 01 11 02 00 00,00 20 22 01 11 02 00 00,8,,17054.50
custom-runner,833,8,33,yes,OK,,00 21 11 00 67 22 00 c5,00 21 11 02 22 01 00 00,00 21 11 02 22 01 00 00,8,,16998.57
custom-runner,834,8,34,yes,OK,,00 22 22 00 c9 11 00 63,00 22 22 02 11 01 00 00,00 22 22 02 11 01 00 00,8,,16863.90
custom-runner,835,8,35,yes,OK,,00 23 11 00 62 22 00 ca,00 23 11 01 22 02 00 00,00 23 11 01 22 02 00 00,8,,17027.15
custom-runner,836,8,36,yes,OK,,00 24 22 00 c6 11 00 66,00 24 22 01 11 02 00 00,00 24 22 01 11 02 00 00,8,,17301.61
custom-runner,837,8,37,yes,OK,,00 25 11 00 67 22 00 c5,00 25 11 02 22 01 00 00,00 25 11 02 22 01 00 00,8,,16826.76
custom-runner,838,8,38,yes,OK,,00 26 22 00 c9 11 00 63,00 26 22 02 11 01 00 00,00 26 22 02 11 01 00 00,8,,16584.42
custom-runner,839,8,39,yes,OK,,00 27 11 00 62 22 00 ca,00 27 11 01 22 02 00 00,00 27 11 01 22 02 00 00,8,,16896.20
custom-runner,840,8,40,yes,OK,,00 28 22 00 c6 11 00 66,00 28 22 01 11 02 00 00,00 28 22 01 11 02 00 00,8,,17601.88
custom-runner,841,8,41,yes,OK,,00 29 11 00 67 22 00 c5,00 29 11 02 22 01 00 00,00 29 11 02 22 01 00 00,8,,16957.43
custom-runner,842,8,42,yes,OK,,00 2a 22 00 c9 11 00 63,00 2a 22 02 11 01 00 00,00 2a 22 02 11 01 00 00,8,,16374.96
custom-runner,843,8,43,yes,OK,,00 2b 11 00 62 22 00 ca,00 2b 11 01 22 02 00 00,00 2b 11 01 22 02 00 00,8,,16926.86
custom-runner,844,8,44,yes,OK,,00 2c 22 00 c6 11 00 66,00 2c 22 01 11 02 00 00,00 2c 22 01 11 02 00 00,8,,17045.19
custom-runner,845,8,45,yes,OK,,00 2d 11 00 67 22 00 c5,00 2d 11 02 22 01 00 00,00 2d 11 02 22 01 00 00,8,,16820.40
custom-runner,846,8,46,yes,OK,,00 2e 22 00 c9 11 00 63,00 2e 22 02 11 01 00 00,00 2e 22 02 11 01 00 00,8,,17513.43
custom-runner,847,8,47,yes,OK,,00 2f 11 00 62 22 00 ca,00 2f 11 01 22 02 00 00,00 2f 11 01 22 02 00 00,8,,16402.04
custom-runner,848,8,48,yes,OK,,00 30 22 00 c6 11 00 66,00 30 22 01 11 02 00 00,00 30 22 01 11 02 00 00,8,,16975.99
custom-runner,849,8,49,yes,OK,,00 31 11 00 67 22 00 c5,00 31 11 02 22 01 00 00,00 31 11 02 22 01 00 00,8,,16755.57
custom-runner,850,8,50,yes,OK,,00 32 22 00 c9 11 00 63,00 32 22 02 11 01 00 00,00 32 22 02 11 01 00 00,8,,16940.07
custom-runner,851,8,51,yes,OK,,00 33 11 00 62 22 00 ca,00 33 11 01 22 02 00 00,00 33 11 01 22 02 00 00,8,,16937.84
custom-runner,852,8,52,yes,OK,,00 34 22 00 c6 11 00 66,00 34 22 01 11 02 00 00,00 34 22 01 11 02 00 00,8,,16997.67
custom-runner,853,8,53,yes,OK,,00 35 11 00 67 22 00 c5,00 35 11 02 22 01 00 00,00 35 11 02 22 01 00 00,8,,16866.37
custom-runner,854,8,54,yes,OK,,00 36 22 00 c9 11 00 63,00 36 22 02 11 01 00 00,00 36 22 02 11 01 00 00,8,,16997.47
custom-runner,855,8,55,yes,OK,,00 37 11 00 62 22 00 ca,00 37 11 01 22 02 00 00,00 37 11 01 22 02 00 00,8,,16813.86
custom-runner,856,8,56,yes,OK,,00 38 22 00 c6 11 00 66,00 38 22 01 11 02 00 00,00 38 22 01 11 02 00 00,8,,16837.57
custom-runner,857,8,57,yes,OK,,00 39 11 00 67 22 00 c5,00 39 11 02 22 01 00 00,00 39 11 02 22 01 00 00,8,,17040.83
custom-runner,858,8,58,yes,OK,,00 3a 22 00 c9 11 00 63,00 3a 22 02 11 01 00 00,00 3a 22 02 11 01 00 00,8,,17014.51
custom-runner,859,8,59,yes,OK,,00 3b 11 00 62 22 00 ca,00 3b 11 01 22 02 00 00,00 3b 11 01 22 02 00 00,8,,16919.56
custom-runner,860,8,60,yes,OK,,00 3c 22 00 c6 11 00 66,00 3c 22 01 11 02 00 00,00 3c 22 01 11 02 00 00,8,,16956.37
custom-runner,861,8,61,yes,OK,,00 3d 11 00 67 22 00 c5,00 3d 11 02 22 01 00 00,00 3d 11 02 22 01 00 00,8,,16929.71
custom-runner,862,8,62,yes,OK,,00 3e 22 00 c9 11 00 63,00 3e 22 02 11 01 00 00,00 3e 22 02 11 01 00 00,8,,16967.68
custom-runner,863,8,63,yes,OK,,00 3f 11 00 62 22 00 ca,00 3f 11 01 22 02 00 00,00 3f 11 01 22 02 00 00,8,,16918.32
custom-runner,864,8,64,yes,OK,,00 40 22 00 c6 11 00 66,00 40 22 01 11 02 00 00,00 40 22 01 11 02 00 00,8,,16819.05
custom-runner,865,8,65,yes,OK,,00 41 11 00 67 22 00 c5,00 41 11 02 22 01 00 00,00 41 11 02 22 01 00 00,8,,17050.61
custom-runner,866,8,66,yes,OK,,00 42 22 00 c9 11 00 63,00 42 22 02 11 01 00 00,00 42 22 02 11 01 00 00,8,,16928.67
custom-runner,867,8,67,yes,OK,,00 43 11 00 62 22 00 ca,00 43 11 01 22 02 00 00,00 43 11 01 22 02 00 00,8,,16921.37
custom-runner,868,8,68,yes,OK,,00 44 22 00 c6 11 00 66,00 44 22 01 11 02 00 00,00 44 22 01 11 02 00 00,8,,16947.48
custom-runner,869,8,69,yes,OK,,00 45 11 00 67 22 00 c5,00 45 11 02 22 01 00 00,00 45 11 02 22 01 00 00,8,,17024.60
custom-runner,870,8,70,yes,OK,,00 46 22 00 c9 11 00 63,00 46 22 02 11 01 00 00,00 46 22 02 11 01 00 00,8,,16889.52
custom-runner,871,8,71,yes,OK,,00 47 11 00 62 22 00 ca,00 47 11 01 22 02 00 00,00 47 11 01 22 02 00 00,8,,16869.29
custom-runner,872,8,72,yes,OK,,00 48 22 00 c6 11 00 66,00 48 22 01 11 02 00 00,00 48 22 01 11 02 00 00,8,,17117.44
custom-runner,873,8,73,yes,OK,,00 49 11 00 67 22 00 c5,00 49 11 02 22 01 00 00,00 49 11 02 22 01 00 00,8,,16751.99
custom-runner,874,8,74,yes,OK,,00 4a 22 00 c9 11 00 63,00 4a 22 02 11 01 00 00,00 4a 22 02 11 01 00 00,8,,17025.72
custom-runner,875,8,75,yes,OK,,00 4b 11 00 62 22 00 ca,00 4b 11 01 22 02 00 00,00 4b 11 01 22 02 00 00,8,,17064.28
custom-runner,876,8,76,yes,OK,,00 4c 22 00 c6 11 00 66,00 4c 22 01 11 02 00 00,00 4c 22 01 11 02 00 00,8,,16824.18
custom-runner,877,8,77,yes,OK,,00 4d 11 00 67 22 00 c5,00 4d 11 02 22 01 00 00,00 4d 11 02 22 01 00 00,8,,17078.03
custom-runner,878,8,78,yes,OK,,00 4e 22 00 c9 11 00 63,00 4e 22 02 11 01 00 00,00 4e 22 02 11 01 00 00,8,,16745.83
custom-runner,879,8,79,yes,OK,,00 4f 11 00 62 22 00 ca,00 4f 11 01 22 02 00 00,00 4f 11 01 22 02 00 00,8,,17116.04
custom-runner,880,8,80,yes,OK,,00 50 22 00 c6 11 00 66,00 50 22 01 11 02 00 00,00 50 22 01 11 02 00 00,8,,16870.70
custom-runner,881,8,81,yes,OK,,00 51 11 00 67 22 00 c5,00 51 11 02 22 01 00 00,00 51 11 02 22 01 00 00,8,,16971.97
custom-runner,882,8,82,yes,OK,,00 52 22 00 c9 11 00 63,00 52 22 02 11 01 00 00,00 52 22 02 11 01 00 00,8,,16721.18
custom-runner,883,8,83,yes,OK,,00 53 11 00 62 22 00 ca,00 53 11 01 22 02 00 00,00 53 11 01 22 02 00 00,8,,17208.95
custom-runner,884,8,84,yes,OK,,00 54 22 00 c6 11 00 66,00 54 22 01 11 02 00 00,00 54 22 01 11 02 00 00,8,,16691.89
custom-runner,885,8,85,yes,OK,,00 55 11 00 67 22 00 c5,00 55 11 02 22 01 00 00,00 55 11 02 22 01 00 00,8,,17121.79
custom-runner,886,8,86,yes,OK,,00 56 22 00 c9 11 00 63,00 56 22 02 11 01 00 00,00 56 22 02 11 01 00 00,8,,16939.92
custom-runner,887,8,87,yes,OK,,00 57 11 00 62 22 00 ca,00 57 11 01 22 02 00 00,00 57 11 01 22 02 00 00,8,,16934.08
custom-runner,888,8,88,yes,OK,,00 58 22 00 c6 11 00 66,00 58 22 01 11 02 00 00,00 58 22 01 11 02 00 00,8,,16896.34
custom-runner,889,8,89,yes,OK,,00 59 11 00 67 22 00 c5,00 59 11 02 22 01 00 00,00 59 11 02 22 01 00 00,8,,17014.98
custom-runner,890,8,90,yes,OK,,00 5a 22 00 c9 11 00 63,00 5a 22 02 11 01 00 00,00 5a 22 02 11 01 00 00,8,,16707.35
custom-runner,891,8,91,yes,OK,,00 5b 11 00 62 22 00 ca,00 5b 11 01 22 02 00 00,00 5b 11 01 22 02 00 00,8,,16995.92
custom-runner,892,8,92,yes,OK,,00 5c 22 00 c6 11 00 66,00 5c 22 01 11 02 00 00,00 5c 22 01 11 02 00 00,8,,17038.58
custom-runner,893,8,93,yes,OK,,00 5d 11 00 67 22 00 c5,00 5d 11 02 22 01 00 00,00 5d 11 02 22 01 00 00,8,,17009.36
custom-runner,894,8,94,yes,OK,,00 5e 22 00 c9 11 00 63,00 5e 22 02 11 01 00 00,00 5e 22 02 11 01 00 00,8,,16911.71
custom-runner,895,8,95,yes,OK,,00 5f 11 00 62 22 00 ca,00 5f 11 01 22 02 00 00,00 5f 11 01 22 02 00 00,8,,16891.21
custom-runner,896,8,96,yes,OK,,00 60 22 00 c6 11 00 66,00 60 22 01 11 02 00 00,00 60 22 01 11 02 00 00,8,,16978.15
custom-runner,897,8,97,yes,OK,,00 61 11 00 67 22 00 c5,00 61 11 02 22 01 00 00,00 61 11 02 22 01 00 00,8,,17045.49
custom-runner,898,8,98,yes,OK,,00 62 22 00 c9 11 00 63,00 62 22 02 11 01 00 00,00 62 22 02 11 01 00 00,8,,16964.96
custom-runner,899,8,99,yes,OK,,00 63 11 00 62 22 00 ca,00 63 11 01 22 02 00 00,00 63 11 01 22 02 00 00,8,,16813.33
custom-runner,900,8,100,yes,OK,,00 64 22 00 c6 11 00 66,00 64 22 01 11 02 00 00,00 64 22 01 11 02 00 00,8,,16927.93
custom-runner,901,8,101,yes,OK,,00 65 11 00 67 22 00 c5,00 65 11 02 22 01 00 00,00 65 11 02 22 01 00 00,8,,16960.02
custom-runner,902,8,102,yes,OK,,00 66 22 00 c9 11 00 63,00 66 22 02 11 01 00 00,00 66 22 02 11 01 00 00,8,,16892.78
custom-runner,903,8,103,yes,OK,,00 67 11 00 62 22 00 ca,00 67 11 01 22 02 00 00,00 67 11 01 22 02 00 00,8,,16806.62
custom-runner,904,8,104,yes,OK,,00 68 22 00 c6 11 00 66,00 68 22 01 11 02 00 00,00 68 22 01 11 02 00 00,8,,17000.52
custom-runner,905,8,105,yes,OK,,00 69 11 00 67 22 00 c5,00 69 11 02 22 01 00 00,00 69 11 02 22 01 00 00,8,,16968.33
custom-runner,906,8,106,yes,OK,,00 6a 22 00 c9 11 00 63,00 6a 22 02 11 01 00 00,00 6a 22 02 11 01 00 00,8,,16784.43
custom-runner,907,8,107,yes,OK,,00 6b 11 00 62 22 00 ca,00 6b 11 01 22 02 00 00,00 6b 11 01 22 02 00 00,8,,16822.03
custom-runner,908,8,108,yes,OK,,00 6c 22 00 c6 11 00 66,00 6c 22 01 11 02 00 00,00 6c 22 01 11 02 00 00,8,,16994.44
custom-runner,909,8,109,yes,OK,,00 6d 11 00 67 22 00 c5,00 6d 11 02 22 01 00 00,00 6d 11 02 22 01 00 00,8,,16922.93
custom-runner,910,8,110,yes,OK,,00 6e 22 00 c9 11 00 63,00 6e 22 02 11 01 00 00,00 6e 22 02 11 01 00 00,8,,16883.09
custom-runner,911,8,111,yes,OK,,00 6f 11 00 62 22 00 ca,00 6f 11 01 22 02 00 00,00 6f 11 01 22 02 00 00,8,,16969.28
custom-runner,912,9,0,no,OK,,00 00 22 00 00 11 ff ff,00 00 22 00 11 00 00 00,00 00 22 00 11 00 00 00,8,,16957.88
custom-runner,913,9,1,no,OK,,00 01 11 ff ff 22 00 00,00 01 11 00 22 00 00 00,00 01 11 00 22 00 00 00,8,,16911.33
custom-runner,914,9,2,no,OK,,00 02 22 00 00 11 ff ff,00 02 22 00 11 00 00 00,00 02 22 00 11 00 00 00,8,,16927.83
custom-runner,915,9,3,no,OK,,00 03 11 ff ff 22 00 00,00 03 11 00 22 00 00 00,00 03 11 00 22 00 00 00,8,,16994.77
custom-runner,916,9,4,no,OK,,00 04 22 00 00 11 ff ff,00 04 22 00 11 00 00 00,00 04 22 00 11 00 00 00,8,,16860.81
custom-runner,917,9,5,no,OK,,00 05 11 ff ff 22 00 00,00 05 11 00 22 00 00 00,00 05 11 00 22 00 00 00,8,,17031.92
custom-runner,918,9,6,no,OK,,00 06 22 00 00 11 ff ff,00 06 22 00 11 00 00 00,00 06 22 00 11 00 00 00,8,,16960.53
custom-runner,919,9,7,no,OK,,00 07 11 ff ff 22 00 00,00 07 11 00 22 00 00 00,00 07 11 00 22 00 00 00,8,,17066.56
custom-runner,920,9,8,no,OK,,00 08 22 00 00 11 ff ff,00 08 22 00 11 00 00 00,00 08 22 00 11 00 00 00,8,,16875.08
custom-runner,921,9,9,no,OK,,00 09 11 ff ff 22 00 00,00 09 11 00 22 00 00 00,00 09 11 00 22 00 00 00,8,,16825.43
custom-runner,922,9,10,no,OK,,00 0a 22 00 00 11 ff ff,00 0a 22 00 11 00 00 00,00 0a 22 00 11 00 00 00,8,,16982.22
custom-runner,923,9,11,no,OK,,00 0b 11 ff ff 22 00 00,00 0b 11 00 22 00 00 00,00 0b 11 00 22 00 00 00,8,,16944.41
custom-runner,924,9,12,no,OK,,00 0c 22 00 00 11 ff ff,00 0c 22 00 11 00 00 00,00 0c 22 00 11 00 00 00,8,,17102.26
custom-runner,925,9,13,no,OK,,00 0d 11 ff ff 22 00 00,00 0d 11 00 22 00 00 00,00 0d 11 00 22 00 00 00,8,,16858.26
custom-runner,926,9,14,no,OK,,00 0e 22 00 00 11 ff ff,00 0e 22 00 11 00 00 00,00 0e 22 00 11 00 00 00,8,,16880.43
custom-runner,927,9,15,no,OK,,00 0f 11 ff ff 22 00 00,00 0f 11 00 22 00 00 00,00 0f 11 00 22 00 00 00,8,,17089.16
custom-runner,928,9,16,yes,OK,,00 10 22 00 00 11 ff ff,00 10 22 00 11 00 00 00,00 10 22 00 11 00 00 00,8,,17012.06
custom-runner,929,9,17,yes,OK,,00 11 11 00 00 22 ff ff,00 11 11 01 22 02 00 00,00 11 11 01 22 02 00 00,8,,16590.19
custom-runner,930,9,18,yes,OK,,00 12 22 ff fe 11 00 01,00 12 22 02 11 01 00 00,00 12 22 02 11 01 00 00,8,,17230.52
custom-runner,931,9,19,yes,OK,,00 13 11 ff fe 22 00 01,00 13 11 02 22 01 00 00,00 13 11 02 22 01 00 00,8,,16803.95
custom-runner,932,9,20,yes,OK,,00 14 22 00 00 11 ff ff,00 14 22 01 11 02 00 00,00 14 22 01 11 02 00 00,8,,16907.25
custom-runner,933,9,21,yes,OK,,00 15 11 00 00 22 ff ff,00 15 11 01 22 02 00 00,00 15 11 01 22 02 00 00,8,,17072.44
custom-runner,934,9,22,yes,OK,,00 16 22 ff fe 11 00 01,00 16 22 02 11 01 00 00,00 16 22 02 11 01 00 00,8,,16885.35
custom-runner,935,9,23,yes,OK,,00 17 11 ff fe 22 00 01,00 17 11 02 22 01 00 00,00 17 11 02 22 01 00 00,8,,16973.16
custom-runner,936,9,24,yes,OK,,00 18 22 00 00 11 ff ff,00 18 22 01 11 02 00 00,00 18 22 01 11 02 00 00,8,,17000.57
custom-runner,937,9,25,yes,OK,,00 19 11 00 00 22 ff ff,00 19 11 01 22 02 00 00,00 19 11 01 22 02 00 00,8,,16945.77
custom-runner,938,9,26,yes,OK,,00 1a 22 ff fe 11 00 01,00 1a 22 02 11 01 00 00,00 1a 22 02 11 01 00 00,8,,16829.82
custom-runner,939,9,27,yes,OK,,00 1b 11 ff fe 22 00 01,00 1b 11 02 22 01 00 00,00 1b 11 02 22 01 00 00,8,,16933.27
custom-runner,940,9,28,yes,OK,,00 1c 22 00 00 11 ff ff,00 1c 22 01 11 02 00 00,00 1c 22 01 11 02 00 00,8,,16883.27
custom-runner,941,9,29,yes,OK,,00 1d 11 00 00 22 ff ff,00 1d 11 01 22 02 00 00,00 1d 11 01 22 02 00 00,8,,17000.92
custom-runner,942,9,30,yes,OK,,00 1e 22 ff fe 11 00 01,00 1e 22 02 11 01 00 00,00 1e 22 02 11 01 00 00,8,,17105.81
custom-runner,943,9,31,yes,OK,,00 1f 11 ff fe 22 00 01,00 1f 11 02 22 01 00 00,00 1f 11 02 22 01 00 00,8,,16880.83
custom-runner,944,9,32,yes,OK,,00 20 22 00 00 11 ff ff,00 20 22 01 11 02 00 00,00 20 22 01 11 02 00 00,8,,16899.63
custom-runner,945,9,33,yes,OK,,00 21 11 00 00 22 ff ff,00 21 11 01 22 02 00 00,00 21 11 01 22 02 00 00,8,,16930.76
custom-runner,946,9,34,yes,OK,,00 22 22 ff fe 11 00 01,00 22 22 02 11 01 00 00,00 22 22 02 11 01 00 00,8,,16979.27
custom-runner,947,9,35,yes,OK,,00 23 11 ff fe 22 00 01,00 23 11 02 22 01 00 00,00 23 11 02 22 01 00 00,8,,16899.40
custom-runner,948,9,36,yes,OK,,00 24 22 00 00 11 ff ff,00 24 22 01 11 02 00 00,00 24 22 01 11 02 00 00,8,,16978.92
custom-runner,949,9,37,yes,OK,,00 25 11 00 00 22 ff ff,00 25 11 01 22 02 00 00,00 25 11 01 22 02 00 00,8,,16711.07
custom-runner,950,9,38,yes,OK,,00 26 22 ff fe 11 00 01,00 26 22 02 11 01 00 00,00 26 22 02 11 01 00 00,8,,17002.30
custom-runner,951,9,39,yes,OK,,00 27 11 ff fe 22 00 01,00 27 11 02 22 01 00 00,00 27 11 02 22 01 00 00,8,,16944.07
custom-runner,952,9,40,yes,OK,,00 28 22 00 00 11 ff ff,00 28 22 01 11 02 00 00,00 28 22 01 11 02 00 00,8,,16923.38
custom-runner,953,9,41,yes,OK,,00 29 11 00 00 22 ff ff,00 29 11 01 22 02 00 00,00 29 11 01 22 02 00 00,8,,16859.50
custom-runner,954,9,42,yes,OK,,00 2a 22 ff fe 11 00 01,00 2a 22 02 11 01 00 00,00 2a 22 02 11 01 00 00,8,,16961.18
custom-runner,955,9,43,yes,OK,,00 2b 11 ff fe 22 00 01,00 2b 11 02 22 01 00 00,00 2b 11 02 22 01 00 00,8,,16990.03
custom-runner,956,9,44,yes,OK,,00 2c 22 00 00 11 ff ff,00 2c 22 01 11 02 00 00,00 2c 22 01 11 02 00 00,8,,16926.15
custom-runner,957,9,45,yes,OK,,00 2d 11 00 00 22 ff ff,00 2d 11 01 22 02 00 00,00 2d 11 01 22 02 00 00,8,,16886.77
custom-runner,958,9,46,yes,OK,,00 2e 22 ff fe 11 00 01,00 2e 22 02 11 01 00 00,00 2e 22 02 11 01 00 00,8,,17070.04
custom-runner,959,9,47,yes,OK,,00 2f 11 ff fe 22 00 01,00 2f 11 02 22 01 00 00,00 2f 11 02 22 01 00 00,8,,16902.77
custom-runner,960,9,48,yes,OK,,00 30 22 00 00 11 ff ff,00 30 22 01 11 02 00 00,00 30 22 01 11 02 00 00,8,,16974.35
custom-runner,961,9,49,yes,OK,,00 31 11 00 00 22 ff ff,00 31 11 01 22 02 00 00,00 31 11 01 22 02 00 00,8,,16905.38
custom-runner,962,9,50,yes,OK,,00 32 22 ff fe 11 00 01,00 32 22 02 11 01 00 00,00 32 22 02 11 01 00 00,8,,16894.12
custom-runner,963,9,51,yes,OK,,00 33 11 ff fe 22 00 01,00 33 11 02 22 01 00 00,00 33 11 02 22 01 00 00,8,,17043.97
custom-runner,964,9,52,yes,OK,,00 34 22 00 00 11 ff ff,00 34 22 01 11 02 00 00,00 34 22 01 11 02 00 00,8,,16933.10
custom-runner,965,9,53,yes,OK,,00 35 11 00 00 22 ff ff,00 35 11 01 22 02 00 00,00 35 11 01 22 02 00 00,8,,16973.01
custom-runner,966,9,54,yes,OK,,00 36 22 ff fe 11 00 01,00 36 22 02 11 01 00 00,00 36 22 02 11 01 00 00,8,,16870.71
custom-runner,967,9,55,yes,OK,,00 37 11 ff fe 22 00 01,00 37 11 02 22 01 00 00,00 37 11 02 22 01 00 00,8,,16972.56
custom-runner,968,9,56,yes,OK,,00 38 22 00 00 11 ff ff,00 38 22 01 11 02 00 00,00 38 22 01 11 02 00 00,8,,16896.44
custom-runner,969,9,57,yes,OK,,00 39 11 00 00 22 ff ff,00 39 11 01 22 02 00 00,00 39 11 01 22 02 00 00,8,,16932.15
custom-runner,970,9,58,yes,OK,,00 3a 22 ff fe 11 00 01,00 3a 22 02 11 01 00 00,00 3a 22 02 11 01 00 00,8,,16979.50
custom-runner,971,9,59,yes,OK,,00 3b 11 ff fe 22 00 01,00 3b 11 02 22 01 00 00,00 3b 11 02 22 01 00 00,8,,16901.05
custom-runner,972,9,60,yes,OK,,00 3c 22 00 00 11 ff ff,00 3c 22 01 11 02 00 00,00 3c 22 01 11 02 00 00,8,,16794.79
custom-runner,973,9,61,yes,OK,,00 3d 11 00 00 22 ff ff,00 3d 11 01 22 02 00 00,00 3d 11 01 22 02 00 00,8,,17069.26
custom-runner,974,9,62,yes,OK,,00 3e 22 ff fe 11 00 01,00 3e 22 02 11 01 00 00,00 3e 22 02 11 01 00 00,8,,17071.44
custom-runner,975,9,63,yes,OK,,00 3f 11 ff fe 22 00 01,00 3f 11 02 22 01 00 00,00 3f 11 02 22 01 00 00,8,,16864.71
custom-runner,976,9,64,yes,OK,,00 40 22 00 00 11 ff ff,00 40 22 01 11 02 00 00,00 40 22 01 11 02 00 00,8,,16999.80
custom-runner,977,9,65,yes,OK,,00 41 11 00 00 22 ff ff,00 41 11 01 22 02 00 00,00 41 11 01 22 02 00 00,8,,16750.19
custom-runner,978,9,66,yes,OK,,00 42 22 ff fe 11 00 01,00 42 22 02 11 01 00 00,00 42 22 02 11 01 00 00,8,,17128.42
custom-runner,979,9,67,yes,OK,,00 43 11 ff fe 22 00 01,00 43 11 02 22 01 00 00,00 43 11 02 22 01 00 00,8,,16952.34
custom-runner,980,9,68,yes,OK,,00 44 22 00 00 11 ff ff,00 44 22 01 11 02 00 00,00 44 22 01 11 02 00 00,8,,16942.03
custom-runner,981,9,69,yes,OK,,00 45 11 00 00 22 ff ff,00 45 11 01 22 02 00 00,00 45 11 01 22 02 00 00,8,,16885.22
custom-runner,982,9,70,yes,OK,,00 46 22 ff fe 11 00 01,00 46 22 02 11 01 00 00,00 46 22 02 11 01 00 00,8,,17094.12
custom-runner,983,9,71,yes,OK,,00 47 11 ff fe 22 00 01,00 47 11 02 22 01 00 00,00 47 11 02 22 01 00 00,8,,16923.74
custom-runner,984,9,72,yes,OK,,00 48 22 00 00 11 ff ff,00 48 22 01 11 02 00 00,00 48 22 01 11 02 00 00,8,,16611.19
custom-runner,985,9,73,yes,OK,,00 49 11 00 00 22 ff ff,00 49 11 01 22 02 00 00,00 49 11 01 22 02 00 00,8,,17067.75
custom-runner,986,9,74,yes,OK,,00 4a 22 ff fe 11 00 01,00 4a 22 02 11 01 00 00,00 4a 22 02 11 01 00 00,8,,16901.88
custom-runner,987,9,75,yes,OK,,00 4b 11 ff fe 22 00 01,00 4b 11 02 22 01 00 00,00 4b 11 02 22 01 00 00,8,,16881.48
custom-runner,988,9,76,yes,OK,,00 4c 22 00 00 11 ff ff,00 4c 22 01 11 02 00 00,00 4c 22 01 11 02 00 00,8,,16937.41
custom-runner,989,9,77,yes,OK,,00 4d 11 00 00 22 ff ff,00 4d 11 01 22 02 00 00,00 4d 11 01 22 02 00 00,8,,17007.81
custom-runner,990,9,78,yes,OK,,00 4e 22 ff fe 11 00 01,00 4e 22 02 11 01 00 00,00 4e 22 02 11 01 00 00,8,,16879.05
custom-runner,991,9,79,yes,OK,,00 4f 11 ff fe 22 00 01,00 4f 11 02 22 01 00 00,00 4f 11 02 22 01 00 00,8,,16808.12
custom-runner,992,9,80,yes,OK,,00 50 22 00 00 11 ff ff,00 50 22 01 11 02 00 00,00 50 22 01 11 02 00 00,8,,16957.00
custom-runner,993,9,81,yes,OK,,00 51 11 00 00 22 ff ff,00 51 11 01 22 02 00 00,00 51 11 01 22 02 00 00,8,,16967.44
custom-runner,994,9,82,yes,OK,,00 52 22 ff fe 11 00 01,00 52 22 02 11 01 00 00,00 52 22 02 11 01 00 00,8,,17022.19
custom-runner,995,9,83,yes,OK,,00 53 11 ff fe 22 00 01,00 53 11 02 22 01 00 00,00 53 11 02 22 01 00 00,8,,16946.00
custom-runner,996,9,84,yes,OK,,00 54 22 00 00 11 ff ff,00 54 22 01 11 02 00 00,00 54 22 01 11 02 00 00,8,,16779.88
custom-runner,997,9,85,yes,OK,,00 55 11 00 00 22 ff ff,00 55 11 01 22 02 00 00,00 55 11 01 22 02 00 00,8,,16905.65
custom-runner,998,9,86,yes,OK,,00 56 22 ff fe 11 00 01,00 56 22 02 11 01 00 00,00 56 22 02 11 01 00 00,8,,17010.57
custom-runner,999,9,87,yes,OK,,00 57 11 ff fe 22 00 01,00 57 11 02 22 01 00 00,00 57 11 02 22 01 00 00,8,,16863.41
custom-runner,1000,9,88,yes,OK,,00 58 22 00 00 11 ff ff,00 58 22 01 11 02 00 00,00 58 22 01 11 02 00 00,8,,16885.07
custom-runner,1001,9,89,yes,OK,,00 59 11 00 00 22 ff ff,00 59 11 01 22 02 00 00,00 59 11 01 22 02 00 00,8,,17038.17
custom-runner,1002,9,90,yes,OK,,00 5a 22 ff fe 11 00 01,00 5a 22 02 11 01 00 00,00 5a 22 02 11 01 00 00,8,,16956.89
custom-runner,1003,9,91,yes,OK,,00 5b 11 ff fe 22 00 01,00 5b 11 02 22 01 00 00,00 5b 11 02 22 01 00 00,8,,16818.57
custom-runner,1004,9,92,yes,OK,,00 5c 22 00 00 11 ff ff,00 5c 22 01 11 02 00 00,00 5c 22 01 11 02 00 00,8,,16900.65
custom-runner,1005,9,93,yes,OK,,00 5d 11 00 00 22 ff ff,00 5d 11 01 22 02 00 00,00 5d 11 01 22 02 00 00,8,,17015.02
custom-runner,1006,9,94,yes,OK,,00 5e 22 ff fe 11 00 01,00 5e 22 02 11 01 00 00,00 5e 22 02 11 01 00 00,8,,16862.65
custom-runner,1007,9,95,yes,OK,,00 5f 11 ff fe 22 00 01,00 5f 11 02 22 01 00 00,00 5f 11 02 22 01 00 00,8,,17072.11
custom-runner,1008,9,96,yes,OK,,00 60 22 00 00 11 ff ff,00 60 22 01 11 02 00 00,00 60 22 01 11 02 00 00,8,,16814.41
custom-runner,1009,9,97,yes,OK,,00 61 11 00 00 22 ff ff,00 61 11 01 22 02 00 00,00 61 11 01 22 02 00 00,8,,16895.14
custom-runner,1010,9,98,yes,OK,,00 62 22 ff fe 11 00 01,00 62 22 02 11 01 00 00,00 62 22 02 11 01 00 00,8,,16987.64
custom-runner,1011,9,99,yes,OK,,00 63 11 ff fe 22 00 01,00 63 11 02 22 01 00 00,00 63 11 02 22 01 00 00,8,,16931.92
custom-runner,1012,9,100,yes,OK,,00 64 22 00 00 11 ff ff,00 64 22 01 11 02 00 00,00 64 22 01 11 02 00 00,8,,16861.61
custom-runner,1013,9,101,yes,OK,,00 65 11 00 00 22 ff ff,00 65 11 01 22 02 00 00,00 65 11 01 22 02 00 00,8,,17089.65
custom-runner,1014,9,102,yes,OK,,00 66 22 ff fe 11 00 01,00 66 22 02 11 01 00 00,00 66 22 02 11 01 00 00,8,,16951.04
custom-runner,1015,9,103,yes,OK,,00 67 11 ff fe 22 00 01,00 67 11 02 22 01 00 00,00 67 11 02 22 01 00 00,8,,16814.97
custom-runner,1016,9,104,yes,OK,,00 68 22 00 00 11 ff ff,00 68 22 01 11 02 00 00,00 68 22 01 11 02 00 00,8,,16969.53
custom-runner,1017,9,105,yes,OK,,00 69 11 00 00 22 ff ff,00 69 11 01 22 02 00 00,00 69 11 01 22 02 00 00,8,,17039.09
custom-runner,1018,9,106,yes,OK,,00 6a 22 ff fe 11 00 01,00 6a 22 02 11 01 00 00,00 6a 22 02 11 01 00 00,8,,16883.54
custom-runner,1019,9,107,yes,OK,,00 6b 11 ff fe 22 00 01,00 6b 11 02 22 01 00 00,00 6b 11 02 22 01 00 00,8,,16963.97
custom-runner,1020,9,108,yes,OK,,00 6c 22 00 00 11 ff ff,00 6c 22 01 11 02 00 00,00 6c 22 01 11 02 00 00,8,,16862.62
custom-runner,1021,9,109,yes,OK,,00 6d 11 00 00 22 ff ff,00 6d 11 01 22 02 00 00,00 6d 11 01 22 02 00 00,8,,16999.90
custom-runner,1022,9,110,yes,OK,,00 6e 22 ff fe 11 00 01,00 6e 22 02 11 01 00 00,00 6e 22 02 11 01 00 00,8,,16815.90
custom-runner,1023,9,111,yes,OK,,00 6f 11 ff fe 22 00 01,00 6f 11 02 22 01 00 00,00 6f 11 02 22 01 00 00,8,,17363.76
custom-runner,1024,10,0,no,OK,,00 00 22 00 64 11 00 64,00 00 22 00 11 00 00 00,00 00 22 00 11 00 00 00,8,,16957.53
custom-runner,1025,10,1,no,OK,,00 01 11 00 64 22 00 64,00 01 11 00 22 00 00 00,00 01 11 00 22 00 00 00,8,,16709.51
custom-runner,1026,10,2,no,OK,,00 02 22 00 64 11 00 64,00 02 22 00 11 00 00 00,00 02 22 00 11 00 00 00,8,,16948.93
custom-runner,1027,10,3,no,OK,,00 03 11 00 64 22 00 64,00 03 11 00 22 00 00 00,00 03 11 00 22 00 00 00,8,,16951.36
custom-runner,1028,10,4,no,OK,,00 04 22 00 64 11 00 64,00 04 22 00 11 00 00 00,00 04 22 00 11 00 00 00,8,,17006.75
custom-runner,1029,10,5,no,OK,,00 05 11 00 64 22 00 64,00 05 11 00 22 00 00 00,00 05 11 00 22 00 00 00,8,,16924.41
custom-runner,1030,10,6,no,OK,,00 06 22 00 64 11 00 64,00 06 22 00 11 00 00 00,00 06 22 00 11 00 00 00,8,,16858.73
custom-runner,1031,10,7,no,OK,,00 07 11 00 64 22 00 64,00 07 11 00 22 00 00 00,00 07 11 00 22 00 00 00,8,,17026.60
custom-runner,1032,10,8,no,OK,,00 08 22 00 64 11 00 64,00 08 22 00 11 00 00 00,00 08 22 00 11 00 00 00,8,,16897.55
custom-runner,1033,10,9,no,OK,,00 09 11 00 64 22 00 64,00 09 11 00 22 00 00 00,00 09 11 00 22 00 00 00,8,,16963.98
custom-runner,1034,10,10,no,OK,,00 0a 22 00 64 11 00 64,00 0a 22 00 11 00 00 00,00 0a 22 00 11 00 00 00,8,,16854.39
custom-runner,1035,10,11,no,OK,,00 0b 11 00 64 22 00 64,00 0b 11 00 22 00 00 00,00 0b 11 00 22 00 00 00,8,,17029.35
custom-runner,1036,10,12,no,OK,,00 0c 22 00 64 11 00 64,00 0c 22 00 11 00 00 00,00 0c 22 00 11 00 00 00,8,,16824.17
custom-runner,1037,10,13,no,OK,,00 0d 11 00 64 22 00 64,00 0d 11 00 22 00 00 00,00 0d 11 00 22 00 00 00,8,,17150.38
custom-runner,1038,10,14,no,OK,,00 0e 22 00 64 11 00 64,00 0e 22 00 11 00 00 00,00 0e 22 00 11 00 00 00,8,,16813.18
custom-runner,1039,10,15,no,OK,,00 0f 11 00 73 22 00 55,00 0f 11 00 22 00 00 00,00 0f 11 00 22 00 00 00,8,,16977.35
custom-runner,1040,10,16,yes,OK,,00 10 22 00 63 11 00 65,00 10 22 00 11 00 00 00,00 10 22 00 11 00 00 00,8,,17012.33
custom-runner,1041,10,17,yes,OK,,00 11 11 00 64 22 00 64,00 11 11 01 22 02 00 00,00 11 11 01 22 02 00 00,8,,17116.31
custom-runner,1042,10,18,yes,OK,,00 12 22 00 64 11 00 64,00 12 22 02 11 01 00 00,00 12 22 02 11 01 00 00,8,,16652.38
custom-runner,1043,10,19,yes,OK,,00 13 11 00 65 22 00 63,00 13 11 01 22 02 00 00,00 13 11 01 22 02 00 00,8,,17106.90
custom-runner,1044,10,20,yes,OK,,00 14 22 00 64 11 00 64,00 14 22 02 11 01 00 00,00 14 22 02 11 01 00 00,8,,16766.70
custom-runner,1045,10,21,yes,OK,,00 15 11 00 64 22 00 64,00 15 11 01 22 02 00 00,00 15 11 01 22 02 00 00,8,,16967.43
custom-runner,1046,10,22,yes,OK,,00 16 22 00 63 11 00 65,00 16 22 02 11 01 00 00,00 16 22 02 11 01 00 00,8,,16943.65
custom-runner,1047,10,23,yes,OK,,00 17 11 00 64 22 00 64,00 17 11 01 22 02 00 00,00 17 11 01 22 02 00 00,8,,16910.84
custom-runner,1048,10,24,yes,OK,,00 18 22 00 64 11 00 64,00 18 22 02 11 01 00 00,00 18 22 02 11 01 00 00,8,,16746.28
custom-runner,1049,10,25,yes,OK,,00 19 11 00 65 22 00 63,00 19 11 01 22 02 00 00,00 19 11 01 22 02 00 00,8,,17107.50
custom-runner,1050,10,26,yes,OK,,00 1a 22 00 64 11 00 64,00 1a 22 02 11 01 00 00,00 1a 22 02 11 01 00 00,8,,16834.06
custom-runner,1051,10,27,yes,OK,,00 1b 11 00 64 22 00 64,00 1b 11 01 22 02 00 00,00 1b 11 01 22 02 00 00,8,,17070.79
custom-runner,1052,10,28,yes,OK,,00 1c 22 00 63 11 00 65,00 1c 22 02 11 01 00 00,00 1c 22 02 11 01 00 00,8,,16851.75
custom-runner,1053,10,29,yes,OK,,00 1d 11 00 64 22 00 64,00 1d 11 01 22 02 00 00,00 1d 11 01 22 02 00 00,8,,17015.44
custom-runner,1054,10,30,yes,OK,,00 1e 22 00 64 11 00 64,00 1e 22 02 11 01 00 00,00 1e 22 02 11 01 00 00,8,,16819.50
custom-runner,1055,10,31,yes,OK,,00 1f 11 00 65 22 00 63,00 1f 11 02 22 02 00 00,00 1f 11 02 22 02 00 00,8,,16965.35
custom-runner,1056,10,32,yes,OK,,00 20 22 00 64 11 00 64,00 20 22 02 11 02 00 00,00 20 22 02 11 02 00 00,8,,17035.49
custom-runner,1057,10,33,yes,OK,,00 21 11 00 64 22 00 64,00 21 11 02 22 02 00 00,00 21 11 02 22 02 00 00,8,,16793.69
custom-runner,1058,10,34,yes,OK,,00 22 22 00 63 11 00 65,00 22 22 02 11 02 00 00,00 22 22 02 11 02 00 00,8,,16960.85
custom-runner,1059,10,35,yes,OK,,00 23 11 00 64 22 00 64,00 23 11 02 22 02 00 00,00 23 11 02 22 02 00 00,8,,16895.05
custom-runner,1060,10,36,yes,OK,,00 24 22 00 64 11 00 64,00 24 22 02 11 02 00 00,00 24 22 02 11 02 00 00,8,,16970.09
custom-runner,1061,10,37,yes,OK,,00 25 11 00 65 22 00 63,00 25 11 02 22 02 00 00,00 25 11 02 22 02 00 00,8,,16908.52
custom-runner,1062,10,38,yes,OK,,00 26 22 00 64 11 00 64,00 26 22 02 11 02 00 00,00 26 22 02 11 02 00 00,8,,16937.75
custom-runner,1063,10,39,yes,OK,,00 27 11 00 64 22 00 64,00 27 11 02 22 02 00 00,00 27 11 02 22 02 00 00,8,,16925.98
custom-runner,1064,10,40,yes,OK,,00 28 22 00 63 11 00 65,00 28 22 02 11 02 00 00,00 28 22 02 11 02 00 00,8,,16921.22
custom-runner,1065,10,41,yes,OK,,00 29 11 00 64 22 00 64,00 29 11 02 22 02 00 00,00 29 11 02 22 02 00 00,8,,17001.87
custom-runner,1066,10,42,yes,OK,,00 2a 22 00 64 11 00 64,00 2a 22 02 11 02 00 00,00 2a 22 02 11 02 00 00,8,,16801.49
custom-runner,1067,10,43,yes,OK,,00 2b 11 00 65 22 00 63,00 2b 11 02 22 02 00 00,00 2b 11 02 22 02 00 00,8,,16854.02
custom-runner,1068,10,44,yes,OK,,00 2c 22 00 64 11 00 64,00 2c 22 02 11 02 00 00,00 2c 22 02 11 02 00 00,8,,17047.10
custom-runner,1069,10,45,yes,OK,,00 2d 11 00 64 22 00 64,00 2d 11 02 22 02 00 00,00 2d 11 02 22 02 00 00,8,,16961.08
custom-runner,1070,10,46,yes,OK,,00 2e 22 00 63 11 00 65,00 2e 22 02 11 02 00 00,00 2e 22 02 11 02 00 00,8,,16931.56
custom-runner,1071,10,47,yes,OK,,00 2f 11 00 64 22 00 64,00 2f 11 02 22 02 00 00,00 2f 11 02 22 02 00 00,8,,16984.67
custom-runner,1072,10,48,yes,OK,,00 30 22 00 64 11 00 64,00 30 22 02 11 02 00 00,00 30 22 02 11 02 00 00,8,,16941.28
custom-runner,1073,10,49,yes,OK,,00 31 11 00 65 22 00 63,00 31 11 02 22 02 00 00,00 31 11 02 22 02 00 00,8,,16915.71
custom-runner,1074,10,50,yes,OK,,00 32 22 00 64 11 00 64,00 32 22 02 11 02 00 00,00 32 22 02 11 02 00 00,8,,16934.40
custom-runner,1075,10,51,yes,OK,,00 33 11 00 64 22 00 64,00 33 11 02 22 02 00 00,00 33 11 02 22 02 00 00,8,,17059.21
custom-runner,1076,10,52,yes,OK,,00 34 22 00 63 11 00 65,00 34 22 02 11 02 00 00,00 34 22 02 11 02 00 00,8,,16913.37
custom-runner,1077,10,53,yes,OK,,00 35 11 00 64 22 00 64,00 35 11 02 22 02 00 00,00 35 11 02 22 02 00 00,8,,16872.26
custom-runner,1078,10,54,yes,OK,,00 36 22 00 64 11 00 64,00 36 22 02 11 02 00 00,00 36 22 02 11 02 00 00,8,,16989.00
custom-runner,1079,10,55,yes,OK,,00 37 11 00 65 22 00 63,00 37 11 02 22 02 00 00,00 37 11 02 22 02 00 00,8,,16899.66
custom-runner,1080,10,56,yes,OK,,00 38 22 00 64 11 00 64,00 38 22 02 11 02 00 00,00 38 22 02 11 02 00 00,8,,17036.30
custom-runner,1081,10,57,yes,OK,,00 39 11 00 64 22 00 64,00 39 11 02 22 02 00 00,00 39 11 02 22 02 00 00,8,,17101.67
custom-runner,1082,10,58,yes,OK,,00 3a 22 00 63 11 00 65,00 3a 22 02 11 02 00 00,00 3a 22 02 11 02 00 00,8,,16878.01
custom-runner,1083,10,59,yes,OK,,00 3b 11 00 64 22 00 64,00 3b 11 02 22 02 00 00,00 3b 11 02 22 02 00 00,8,,16889.68
custom-runner,1084,10,60,yes,OK,,00 3c 22 00 64 11 00 64,00 3c 22 02 11 02 00 00,00 3c 22 02 11 02 00 00,8,,16803.75
custom-runner,1085,10,61,yes,OK,,00 3d 11 00 65 22 00 63,00 3d 11 02 22 02 00 00,00 3d 11 02 22 02 00 00,8,,17030.66
custom-runner,1086,10,62,yes,OK,,00 3e 22 00 64 11 00 64,00 3e 22 02 11 02 00 00,00 3e 22 02 11 02 00 00,8,,16784.53
custom-runner,1087,10,63,yes,OK,,00 3f 11 00 64 22 00 64,00 3f 11 02 22 02 00 00,00 3f 11 02 22 02 00 00,8,,16941.05
custom-runner,1088,10,64,yes,OK,,00 40 22 00 63 11 00 65,00 40 22 02 11 02 00 00,00 40 22 02 11 02 00 00,8,,16986.05
custom-runner,1089,10,65,yes,OK,,00 41 11 00 64 22 00 64,00 41 11 02 22 02 00 00,00 41 11 02 22 02 00 00,8,,16926.34
custom-runner,1090,10,66,yes,OK,,00 42 22 00 64 11 00 64,00 42 22 02 11 02 00 00,00 42 22 02 11 02 00 00,8,,17051.54
custom-runner,1091,10,67,yes,OK,,00 43 11 00 65 22 00 63,00 43 11 02 22 02 00 00,00 43 11 02 22 02 00 00,8,,16884.41
custom-runner,1092,10,68,yes,OK,,00 44 22 00 64 11 00 64,00 44 22 02 11 02 00 00,00 44 22 02 11 02 00 00,8,,16980.86
custom-runner,1093,10,69,yes,OK,,00 45 11 00 64 22 00 64,00 45 11 02 22 02 00 00,00 45 11 02 22 02 00 00,8,,16851.55
custom-runner,1094,10,70,yes,OK,,00 46 22 00 63 11 00 65,00 46 22 02 11 02 00 00,00 46 22 02 11 02 00 00,8,,17009.89
custom-runner,1095,10,71,yes,OK,,00 47 11 00 64 22 00 64,00 47 11 02 22 02 00 00,00 47 11 02 22 02 00 00,8,,16921.54
custom-runner,1096,10,72,yes,OK,,00 48 22 00 64 11 00 64,00 48 22 02 11 02 00 00,00 48 22 02 11 02 00 00,8,,17069.22
custom-runner,1097,10,73,yes,OK,,00 49 11 00 65 22 00 63,00 49 11 02 22 02 00 00,00 49 11 02 22 02 00 00,8,,16934.47
custom-runner,1098,10,74,yes,OK,,00 4a 22 00 64 11 00 64,00 4a 22 02 11 02 00 00,00 4a 22 02 11 02 00 00,8,,16630.28
custom-runner,1099,10,75,yes,OK,,00 4b 11 00 64 22 00 64,00 4b 11 02 22 02 00 00,00 4b 11 02 22 02 00 00,8,,17191.98
custom-runner,1100,10,76,yes,OK,,00 4c 22 00 63 11 00 65,00 4c 22 02 11 02 00 00,00 4c 22 02 11 02 00 00,8,,16908.34
custom-runner,1101,10,77,yes,OK,,00 4d 11 00 64 22 00 64,00 4d 11 02 22 02 00 00,00 4d 11 02 22 02 00 00,8,,16954.87
custom-runner,1102,10,78,yes,OK,,00 4e 22 00 64 11 00 64,00 4e 22 02 11 02 00 00,00 4e 22 02 11 02 00 00,8,,17000.50
custom-runner,1103,10,79,yes,OK,,00 4f 11 00 65 22 00 63,00 4f 11 02 22 02 00 00,00 4f 11 02 22 02 00 00,8,,16828.57
custom-runner,1104,10,80,yes,OK,,00 50 22 00 64 11 00 64,00 50 22 02 11 02 00 00,00 50 22 02 11 02 00 00,8,,16862.84
custom-runner,1105,10,81,yes,OK,,00 51 11 00 64 22 00 64,00 51 11 02 22 02 00 00,00 51 11 02 22 02 00 00,8,,17013.11
custom-runner,1106,10,82,yes,OK,,00 52 22 00 63 11 00 65,00 52 22 02 11 02 00 00,00 52 22 02 11 02 00 00,8,,16972.71
custom-runner,1107,10,83,yes,OK,,00 53 11 00 64 22 00 64,00 53 11 02 22 02 00 00,00 53 11 02 22 02 00 00,8,,17037.45
custom-runner,1108,10,84,yes,OK,,00 54 22 00 64 11 00 64,00 54 22 02 11 02 00 00,00 54 22 02 11 02 00 00,8,,16744.85
custom-runner,1109,10,85,yes,OK,,00 55 11 00 65 22 00 63,00 55 11 02 22 02 00 00,00 55 11 02 22 02 00 00,8,,16857.83
custom-runner,1110,10,86,yes,OK,,00 56 22 00 64 11 00 64,00 56 22 02 11 02 00 00,00 56 22 02 11 02 00 00,8,,16904.81
custom-runner,1111,10,87,yes,OK,,00 57 11 00 64 22 00 64,00 57 11 02 22 02 00 00,00 57 11 02 22 02 00 00,8,,16936.44
custom-runner,1112,10,88,yes,OK,,00 58 22 00 63 11 00 65,00 58 22 02 11 02 00 00,00 58 22 02 11 02 00 00,8,,16954.60
custom-runner,1113,10,89,yes,OK,,00 59 11 00 64 22 00 64,00 59 11 02 22 02 00 00,00 59 11 02 22 02 00 00,8,,17053.78
custom-runner,1114,10,90,yes,OK,,00 5a 22 00 64 11 00 64,00 5a 22 02 11 02 00 00,00 5a 22 02 11 02 00 00,8,,16842.46
custom-runner,1115,10,91,yes,OK,,00 5b 11 00 65 22 00 63,00 5b 11 02 22 02 00 00,00 5b 11 02 22 02 00 00,8,,16918.75
custom-runner,1116,10,92,yes,OK,,00 5c 22 00 64 11 00 64,00 5c 22 02 11 02 00 00,00 5c 22 02 11 02 00 00,8,,17032.95
custom-runner,1117,10,93,yes,OK,,00 5d 11 00 64 22 00 64,00 5d 11 02 22 02 00 00,00 5d 11 02 22 02 00 00,8,,16934.31
custom-runner,1118,10,94,yes,OK,,00 5e 22 00 63 11 00 65,00 5e 22 02 11 02 00 00,00 5e 22 02 11 02 00 00,8,,16869.75
custom-runner,1119,10,95,yes,OK,,00 5f 11 00 64 22 00 64,00 5f 11 02 22 02 00 00,00 5f 11 02 22 02 00 00,8,,17025.19
custom-runner,1120,10,96,yes,OK,,00 60 22 00 64 11 00 64,00 60 22 02 11 02 00 00,00 60 22 02 11 02 00 00,8,,17084.42
custom-runner,1121,10,97,yes,OK,,00 61 11 00 65 22 00 63,00 61 11 02 22 02 00 00,00 61 11 02 22 02 00 00,8,,16737.19
custom-runner,1122,10,98,yes,OK,,00 62 22 00 64 11 00 64,00 62 22 02 11 02 00 00,00 62 22 02 11 02 00 00,8,,16933.47
custom-runner,1123,10,99,yes,OK,,00 63 11 00 64 22 00 64,00 63 11 02 22 02 00 00,00 63 11 02 22 02 00 00,8,,16983.58
custom-runner,1124,10,100,yes,OK,,00 64 22 00 63 11 00 65,00 64 22 02 11 02 00 00,00 64 22 02 11 02 00 00,8,,16998.29
custom-runner,1125,10,101,yes,OK,,00 65 11 00 64 22 00 64,00 65 11 02 22 02 00 00,00 65 11 02 22 02 00 00,8,,16814.06
custom-runner,1126,10,102,yes,OK,,00 66 22 00 64 11 00 64,00 66 22 02 11 02 00 00,00 66 22 02 11 02 00 00,8,,16942.37
custom-runner,1127,10,103,yes,OK,,00 67 11 00 65 22 00 63,00 67 11 02 22 02 00 00,00 67 11 02 22 02 00 00,8,,17136.85
custom-runner,1128,10,104,yes,OK,,00 68 22 00 64 11 00 64,00 68 22 02 11 02 00 00,00 68 22 02 11 02 00 00,8,,16872.69
custom-runner,1129,10,105,yes,OK,,00 69 11 00 64 22 00 64,00 69 11 02 22 02 00 00,00 69 11 02 22 02 00 00,8,,16835.97
custom-runner,1130,10,106,yes,OK,,00 6a 22 00 63 11 00 65,00 6a 22 02 11 02 00 00,00 6a 22 02 11 02 00 00,8,,17015.28
custom-runner,1131,10,107,yes,OK,,00 6b 11 00 64 22 00 64,00 6b 11 02 22 02 00 00,00 6b 11 02 22 02 00 00,8,,16954.33
custom-runner,1132,10,108,yes,OK,,00 6c 22 00 64 11 00 64,00 6c 22 02 11 02 00 00,00 6c 22 02 11 02 00 00,8,,16926.80
custom-runner,1133,10,109,yes,OK,,00 6d 11 00 65 22 00 63,00 6d 11 02 22 02 00 00,00 6d 11 02 22 02 00 00,8,,16912.27
custom-runner,1134,10,110,yes,OK,,00 6e 22 00 64 11 00 64,00 6e 22 02 11 02 00 00,00 6e 22 02 11 02 00 00,8,,16913.44
custom-runner,1135,10,111,yes,OK,,00 6f 11 00 64 22 00 64,00 6f 11 02 22 02 00 00,00 6f 11 02 22 02 00 00,8,,17012.05
custom-runner,1136,11,0,no,OK,,00 00 22 0c ce 11 39 00,00 00 22 00 11 00 00 00,00 00 22 00 11 00 00 00,8,,17016.10
custom-runner,1137,11,1,no,OK,,00 01 11 7d 62 22 72 48,00 01 11 00 22 00 00 00,00 01 11 00 22 00 00 00,8,,16874.76
custom-runner,1138,11,2,no,OK,,00 02 22 2c 83 11 34 7a,00 02 22 00 11 00 00 00,00 02 22 00 11 00 00 00,8,,16885.13
custom-runner,1139,11,3,no,OK,,00 03 11 10 45 22 0f 41,00 03 11 00 22 00 00 00,00 03 11 00 22 00 00 00,8,,16796.58
custom-runner,1140,11,4,no,OK,,00 04 11 6f f1 22 77 1f,00 04 11 00 22 00 00 00,00 04 11 00 22 00 00 00,8,,17020.23
custom-runner,1141,11,5,no,OK,,00 05 11 65 ce 22 d6 cb,00 05 11 00 22 00 00 00,00 05 11 00 22 00 00 00,8,,17461.46
custom-runner,1142,11,6,no,OK,,00 06 11 e5 fe 22 8e 6f,00 06 11 00 22 00 00 00,00 06 11 00 22 00 00 00,8,,16415.48
custom-runner,1143,11,7,no,OK,,00 07 22 d8 60 11 51 be,00 07 22 00 11 00 00 00,00 07 22 00 11 00 00 00,8,,17089.99
custom-runner,1144,11,8,no,OK,,00 08 11 8e 45 22 4f 9b,00 08 11 00 22 00 00 00,00 08 11 00 22 00 00 00,8,,16788.52
custom-runner,1145,11,9,no,OK,,00 09 11 ac 56 22 34 54,00 09 11 00 22 00 00 00,00 09 11 00 22 00 00 00,8,,16929.08
custom-runner,1146,11,10,no,OK,,00 0a 22 31 84 11 c2 85,00 0a 22 00 11 00 00 00,00 0a 22 00 11 00 00 00,8,,16976.96
custom-runner,1147,11,11,no,OK,,00 0b 11 b0 1a 22 87 6f,00 0b 11 00 22 00 00 00,00 0b 11 00 22 00 00 00,8,,16942.23
custom-runner,1148,11,12,no,OK,,00 0c 22 3f e9 11 eb 39,00 0c 22 00 11 00 00 00,00 0c 22 00 11 00 00 00,8,,16946.24
custom-runner,1149,11,13,no,OK,,00 0d 22 96 1b 11 28 58,00 0d 22 00 11 00 00 00,00 0d 22 00 11 00 00 00,8,,16991.80
custom-runner,1150,11,14,no,OK,,00 0e 11 62 73 22 23 9c,00 0e 11 00 22 00 00 00,00 0e 11 00 22 00 00 00,8,,16944.43
custom-runner,1151,11,15,no,OK,,00 0f 11 74 af 22 94 2a,00 0f 11 00 22 00 00 00,00 0f 11 00 22 00 00 00,8,,16909.10
custom-runner,1152,11,16,yes,OK,,00 10 22 33 b6 11 77 30,00 10 22 01 11 00 00 00,00 10 22 01 11 00 00 00,8,,17025.42
custom-runner,1153,11,17,yes,OK,,00 11 22 e8 25 11 8e 52,00 11 22 02 11 02 00 00,00 11 22 02 11 02 00 00,8,,16783.82
custom-runner,1154,11,18,yes,OK,,00 12 22 bd 88 11 53 47,00 12 22 02 11 01 00 00,00 12 22 02 11 01 00 00,8,,16910.86
custom-runner,1155,11,19,yes,OK,,00 13 11 6b 44 22 88 b1,00 13 11 01 22 02 00 00,00 13 11 01 22 02 00 00,8,,17041.35
custom-runner,1156,11,20,yes,OK,,00 14 11 57 9f 22 7d 57,00 14 11 01 22 01 00 00,00 14 11 01 22 01 00 00,8,,16928.58
custom-runner,1157,11,21,yes,OK,,00 15 22 c2 47 11 ec ad,00 15 22 02 11 02 00 00,00 15 22 02 11 02 00 00,8,,17001.76
custom-runner,1158,11,22,yes,OK,,00 16 11 70 71 22 a6 08,00 16 11 01 22 02 00 00,00 16 11 01 22 02 00 00,8,,16972.40
custom-runner,1159,11,23,yes,OK,,00 17 22 10 6f 11 75 45,00 17 22 01 11 01 00 00,00 17 22 01 11 01 00 00,8,,16856.81
custom-runner,1160,11,24,yes,OK,,00 18 11 cd 65 22 89 15,00 18 11 02 22 02 00 00,00 18 11 02 22 02 00 00,8,,16748.68
custom-runner,1161,11,25,yes,OK,,00 19 11 6c 05 22 a1 1d,00 19 11 01 22 02 00 00,00 19 11 01 22 02 00 00,8,,17056.06
custom-runner,1162,11,26,yes,OK,,00 1a 22 ca 90 11 ff 9b,00 1a 22 02 11 02 00 00,00 1a 22 02 11 02 00 00,8,,16879.01
custom-runner,1163,11,27,yes,OK,,00 1b 11 49 26 22 87 9e,00 1b 11 01 22 02 00 00,00 1b 11 01 22 02 00 00,8,,16937.19
custom-runner,1164,11,28,yes,OK,,00 1c 22 86 86 11 7e 45,00 1c 22 01 11 01 00 00,00 1c 22 01 11 01 00 00,8,,16970.07
custom-runner,1165,11,29,yes,OK,,00 1d 11 cc 7e 22 b9 57,00 1d 11 02 22 02 00 00,00 1d 11 02 22 02 00 00,8,,16903.56
custom-runner,1166,11,30,yes,OK,,00 1e 11 46 d3 22 fc ae,00 1e 11 01 22 02 00 00,00 1e 11 01 22 02 00 00,8,,16968.46
custom-runner,1167,11,31,yes,OK,,00 1f 11 18 1f 22 38 23,00 1f 11 01 22 01 00 00,00 1f 11 01 22 01 00 00,8,,16854.62
custom-runner,1168,11,32,yes,OK,,00 20 11 51 e9 22 d8 25,00 20 11 01 22 02 00 00,00 20 11 01 22 02 00 00,8,,17007.89
custom-runner,1169,11,33,yes,OK,,00 21 22 c3 63 11 c5 00,00 21 22 02 11 02 00 00,00 21 22 02 11 02 00 00,8,,17022.35
custom-runner,1170,11,34,yes,OK,,00 22 11 80 b9 22 05 e0,00 22 11 01 22 01 00 00,00 22 11 01 22 01 00 00,8,,16699.32
custom-runner,1171,11,35,yes,OK,,00 23 11 88 9d 22 ae 2b,00 23 11 02 22 02 00 00,00 23 11 02 22 02 00 00,8,,17121.65
custom-runner,1172,11,36,yes,OK,,00 24 11 96 45 22 de 99,00 24 11 02 22 02 00 00,00 24 11 02 22 02 00 00,8,,16877.73
custom-runner,1173,11,37,yes,OK,,00 25 22 01 a9 11 e8 4e,00 25 22 01 11 02 00 00,00 25 22 01 11 02 00 00,8,,16998.82
custom-runner,1174,11,38,yes,OK,,00 26 22 36 7b 11 5b 78,00 26 22 01 11 01 00 00,00 26 22 01 11 01 00 00,8,,16990.65
custom-runner,1175,11,39,yes,OK,,00 27 22 4e 40 11 65 d7,00 27 22 01 11 01 00 00,00 27 22 01 11 01 00 00,8,,17015.06
custom-runner,1176,11,40,yes,OK,,00 28 22 00 4a 11 52 b6,00 28 22 01 11 01 00 00,00 28 22 01 11 01 00 00,8,,16758.35
custom-runner,1177,11,41,yes,OK,,00 29 11 fa 2a 22 09 f8,00 29 11 02 22 01 00 00,00 29 11 02 22 01 00 00,8,,17089.94
custom-runner,1178,11,42,yes,OK,,00 2a 11 b9 d8 22 9d 72,00 2a 11 02 22 02 00 00,00 2a 11 02 22 02 00 00,8,,16863.96
custom-runner,1179,11,43,yes,OK,,00 2b 11 1d a8 22 7b 53,00 2b 11 01 22 02 00 00,00 2b 11 01 22 02 00 00,8,,16883.14
custom-runner,1180,11,44,yes,OK,,00 2c 11 2b da 22 f8 d3,00 2c 11 01 22 02 00 00,00 2c 11 01 22 02 00 00,8,,16839.35
custom-runner,1181,11,45,yes,OK,,00 2d 22 41 bc 11 40 63,00 2d 22 01 11 01 00 00,00 2d 22 01 11 01 00 00,8,,17013.89
custom-runner,1182,11,46,yes,OK,,00 2e 22 87 b5 11 54 8b,00 2e 22 02 11 01 00 00,00 2e 22 02 11 01 00 00,8,,17114.16
custom-runner,1183,11,47,yes,OK,,00 2f 22 66 fd 11 6c 70,00 2f 22 01 11 01 00 00,00 2f 22 01 11 01 00 00,8,,16920.64
custom-runner,1184,11,48,yes,OK,,00 30 22 bf 30 11 cc 48,00 30 22 02 11 02 00 00,00 30 22 02 11 02 00 00,8,,16743.10
custom-runner,1185,11,49,yes,OK,,00 31 11 e7 29 22 3d f4,00 31 11 02 22 01 00 00,00 31 11 02 22 01 00 00,8,,17099.11
custom-runner,1186,11,50,yes,OK,,00 32 22 20 c8 11 73 0b,00 32 22 01 11 01 00 00,00 32 22 01 11 01 00 00,8,,17018.28
custom-runner,1187,11,51,yes,OK,,00 33 11 0a c5 22 75 d1,00 33 11 01 22 02 00 00,00 33 11 01 22 02 00 00,8,,16901.31
custom-runner,1188,11,52,yes,OK,,00 34 11 03 ae 22 24 59,00 34 11 01 22 01 00 00,00 34 11 01 22 01 00 00,8,,17413.79
custom-runner,1189,11,53,yes,OK,,00 35 11 75 37 22 22 82,00 35 11 02 22 01 00 00,00 35 11 02 22 01 00 00,8,,16986.56
custom-runner,1190,11,54,yes,OK,,00 36 11 a9 2d 22 24 47,00 36 11 02 22 01 00 00,00 36 11 02 22 01 00 00,8,,16912.53
custom-runner,1191,11,55,yes,OK,,00 37 11 8e 94 22 f8 88,00 37 11 02 22 02 00 00,00 37 11 02 22 02 00 00,8,,16327.54
custom-runner,1192,11,56,yes,OK,,00 38 11 43 be 22 f2 01,00 38 11 01 22 02 00 00,00 38 11 01 22 02 00 00,8,,16965.28
custom-runner,1193,11,57,yes,OK,,00 39 11 f2 29 22 d0 6a,00 39 11 02 22 02 00 00,00 39 11 02 22 02 00 00,8,,17164.78
custom-runner,1194,11,58,yes,OK,,00 3a 22 31 a0 11 30 4b,00 3a 22 01 11 01 00 00,00 3a 22 01 11 01 00 00,8,,16956.37
custom-runner,1195,11,59,yes,OK,,00 3b 22 d8 df 11 b5 66,00 3b 22 02 11 02 00 00,00 3b 22 02 11 02 00 00,8,,16872.12
custom-runner,1196,11,60,yes,OK,,00 3c 11 ef 1d 22 1b bc,00 3c 11 02 22 01 00 00,00 3c 11 02 22 01 00 00,8,,16957.18
custom-runner,1197,11,61,yes,OK,,00 3d 22 ce 24 11 1f 08,00 3d 22 02 11 01 00 00,00 3d 22 02 11 01 00 00,8,,16771.60
custom-runner,1198,11,62,yes,OK,,00 3e 11 37 f2 22 7f 4f,00 3e 11 01 22 02 00 00,00 3e 11 01 22 02 00 00,8,,17235.40
custom-runner,1199,11,63,yes,OK,,00 3f 11 61 63 22 e5 b0,00 3f 11 01 22 02 00 00,00 3f 11 01 22 02 00 00,8,,16856.18
custom-runner,1200,11,64,yes,OK,,00 40 22 5d f2 11 d8 00,00 40 22 01 11 02 00 00,00 40 22 01 11 02 00 00,8,,17414.98
custom-runner,1201,11,65,yes,OK,,00 41 11 ec dd 22 7f e6,00 41 11 02 22 02 00 00,00 41 11 02 22 02 00 00,8,,16396.44
custom-runner,1202,11,66,yes,OK,,00 42 11 e2 e2 22 32 21,00 42 11 02 22 01 00 00,00 42 11 02 22 01 00 00,8,,16969.14
custom-runner,1203,11,67,yes,OK,,00 43 11 07 8e 22 2f c0,00 43 11 01 22 01 00 00,00 43 11 01 22 01 00 00,8,,16800.53
custom-runner,1204,11,68,yes,OK,,00 44 22 d0 15 11 55 26,00 44 22 02 11 01 00 00,00 44 22 02 11 01 00 00,8,,16878.44
custom-runner,1205,11,69,yes,OK,,00 45 22 6d 70 11 f6 74,00 45 22 01 11 02 00 00,00 45 22 01 11 02 00 00,8,,16953.71
custom-runner,1206,11,70,yes,OK,,00 46 22 54 4b 11 1e 05,00 46 22 01 11 01 00 00,00 46 22 01 11 01 00 00,8,,17000.06
custom-runner,1207,11,71,yes,OK,,00 47 22 c7 e5 11 01 1a,00 47 22 02 11 01 00 00,00 47 22 02 11 01 00 00,8,,16922.00
custom-runner,1208,11,72,yes,OK,,00 48 22 92 0c 11 e8 f6,00 48 22 02 11 02 00 00,00 48 22 02 11 02 00 00,8,,16904.76
custom-runner,1209,11,73,yes,OK,,00 49 11 f9 2c 22 4f 41,00 49 11 02 22 01 00 00,00 49 11 02 22 01 00 00,8,,16872.30
custom-runner,1210,11,74,yes,OK,,00 4a 11 97 ea 22 6f 76,00 4a 11 02 22 01 00 00,00 4a 11 02 22 01 00 00,8,,16913.52
custom-runner,1211,11,75,yes,OK,,00 4b 11 1f 35 22 a0 90,00 4b 11 01 22 02 00 00,00 4b 11 01 22 02 00 00,8,,16953.32
custom-runner,1212,11,76,yes,OK,,00 4c 11 19 ac 22 f4 1d,00 4c 11 01 22 02 00 00,00 4c 11 01 22 02 00 00,8,,16874.73
custom-runner,1213,11,77,yes,OK,,00 4d 11 1d 1f 22 29 04,00 4d 11 01 22 01 00 00,00 4d 11 01 22 01 00 00,8,,16989.42
custom-runner,1214,11,78,yes,OK,,00 4e 11 23 15 22 22 cb,00 4e 11 01 22 01 00 00,00 4e 11 01 22 01 00 00,8,,16933.87
custom-runner,1215,11,79,yes,OK,,00 4f 11 ce bb 22 3d 61,00 4f 11 02 22 01 00 00,00 4f 11 02 22 01 00 00,8,,16916.77
custom-runner,1216,11,80,yes,OK,,00 50 22 29 f9 11 14 59,00 50 22 01 11 01 00 00,00 50 22 01 11 01 00 00,8,,16868.84
custom-runner,1217,11,81,yes,OK,,00 51 11 a1 fb 22 85 83,00 51 11 02 22 02 00 00,00 51 11 02 22 02 00 00,8,,16943.59
custom-runner,1218,11,82,yes,OK,,00 52 22 7a 35 11 a0 dc,00 52 22 02 11 02 00 00,00 52 22 02 11 02 00 00,8,,16932.35
custom-runner,1219,11,83,yes,OK,,00 53 22 43 02 11 ca a4,00 53 22 01 11 02 00 00,00 53 22 01 11 02 00 00,8,,16959.17
custom-runner,1220,11,84,yes,OK,,00 54 11 ea 19 22 a1 e1,00 54 11 02 22 02 00 00,00 54 11 02 22 02 00 00,8,,17023.98
custom-runner,1221,11,85,yes,OK,,00 55 11 04 c4 22 ea a4,00 55 11 01 22 02 00 00,00 55 11 01 22 02 00 00,8,,16919.83
custom-runner,1222,11,86,yes,OK,,00 56 22 6d 22 11 25 82,00 56 22 01 11 01 00 00,00 56 22 01 11 01 00 00,8,,17045.42
custom-runner,1223,11,87,yes,OK,,00 57 11 43 d1 22 b2 b1,00 57 11 01 22 02 00 00,00 57 11 01 22 02 00 00,8,,16869.95
custom-runner,1224,11,88,yes,OK,,00 58 22 bd 32 11 7d 12,00 58 22 02 11 02 00 00,00 58 22 02 11 02 00 00,8,,17071.82
custom-runner,1225,11,89,yes,OK,,00 59 22 e0 59 11 50 c4,00 59 22 02 11 01 00 00,00 59 22 02 11 01 00 00,8,,16640.09
custom-runner,1226,11,90,yes,OK,,00 5a 11 04 01 22 99 48,00 5a 11 01 22 02 00 00,00 5a 11 01 22 02 00 00,8,,17018.27
custom-runner,1227,11,91,yes,OK,,00 5b 11 44 c1 22 87 68,00 5b 11 01 22 02 00 00,00 5b 11 01 22 02 00 00,8,,17039.62
custom-runner,1228,11,92,yes,OK,,00 5c 22 4f 96 11 36 cd,00 5c 22 01 11 01 00 00,00 5c 22 01 11 01 00 00,8,,16798.21
custom-runner,1229,11,93,yes,OK,,00 5d 22 6b d7 11 90 42,00 5d 22 01 11 02 00 00,00 5d 22 01 11 02 00 00,8,,16849.87
custom-runner,1230,11,94,yes,OK,,00 5e 22 87 28 11 68 3d,00 5e 22 02 11 01 00 00,00 5e 22 02 11 01 00 00,8,,17085.86
custom-runner,1231,11,95,yes,OK,,00 5f 11 80 92 22 1a 02,00 5f 11 02 22 01 00 00,00 5f 11 02 22 01 00 00,8,,16899.38
custom-runner,1232,11,96,yes,OK,,00 60 11 d8 de 22 8d a9,00 60 11 02 22 02 00 00,00 60 11 02 22 02 00 00,8,,17040.17
custom-runner,1233,11,97,yes,OK,,00 61 11 01 d0 22 aa c7,00 61 11 01 22 02 00 00,00 61 11 01 22 02 00 00,8,,16989.34
custom-runner,1234,11,98,yes,OK,,00 62 22 52 ba 11 86 1f,00 62 22 01 11 02 00 00,00 62 22 01 11 02 00 00,8,,17024.36
custom-runner,1235,11,99,yes,OK,,00 63 11 da f9 22 04 f3,00 63 11 02 22 01 00 00,00 63 11 02 22 01 00 00,8,,16755.93
custom-runner,1236,11,100,yes,OK,,00 64 11 26 86 22 4c 50,00 64 11 01 22 01 00 00,00 64 11 01 22 01 00 00,8,,17047.63
custom-runner,1237,11,101,yes,OK,,00 65 22 4b d2 11 bd 09,00 65 22 01 11 02 00 00,00 65 22 01 11 02 00 00,8,,16744.03
custom-runner,1238,11,102,yes,OK,,00 66 22 15 6a 11 41 40,00 66 22 01 11 01 00 00,00 66 22 01 11 01 00 00,8,,16836.81
custom-runner,1239,11,103,yes,OK,,00 67 22 14 6d 11 ba b3,00 67 22 01 11 02 00 00,00 67 22 01 11 02 00 00,8,,17196.42
custom-runner,1240,11,104,yes,OK,,00 68 11 6b 8f 22 7f c2,00 68 11 01 22 02 00 00,00 68 11 01 22 02 00 00,8,,16939.50
custom-runner,1241,11,105,yes,OK,,00 69 11 b5 15 22 d0 10,00 69 11 02 22 02 00 00,00 69 11 02 22 02 00 00,8,,17139.07
custom-runner,1242,11,106,yes,OK,,00 6a 11 79 35 22 53 33,00 6a 11 01 22 01 00 00,00 6a 11 01 22 01 00 00,8,,16633.15
custom-runner,1243,11,107,yes,OK,,00 6b 11 d3 18 22 0c b0,00 6b 11 02 22 01 00 00,00 6b 11 02 22 01 00 00,8,,16805.03
custom-runner,1244,11,108,yes,OK,,00 6c 11 aa 14 22 d2 cc,00 6c 11 02 22 02 00 00,00 6c 11 02 22 02 00 00,8,,17057.98
custom-runner,1245,11,109,yes,OK,,00 6d 11 88 9a 22 51 82,00 6d 11 01 22 01 00 00,00 6d 11 01 22 01 00 00,8,,17102.22
custom-runner,1246,11,110,yes,OK,,00 6e 22 13 d3 11 c3 dc,00 6e 22 01 11 02 00 00,00 6e 22 01 11 02 00 00,8,,17206.75
custom-runner,1247,11,111,yes,OK,,00 6f 22 66 2e 11 71 e2,00 6f 22 02 11 01 00 00,00 6f 22 02 11 01 00 00,8,,17215.83
custom-runner,1248,11,112,yes,OK,,00 70 11 b3 06 22 9c 41,00 70 11 02 22 02 00 00,00 70 11 02 22 02 00 00,8,,16704.83
custom-runner,1249,11,113,yes,OK,,00 71 11 72 23 22 0c 1d,00 71 11 01 22 01 00 00,00 71 11 01 22 01 00 00,8,,16416.29
custom-runner,1250,11,114,yes,OK,,00 72 22 a8 11 11 cc 03,00 72 22 02 11 02 00 00,00 72 22 02 11 02 00 00,8,,16995.21
custom-runner,1251,11,115,yes,OK,,00 73 22 8e e9 11 23 8b,00 73 22 02 11 01 00 00,00 73 22 02 11 01 00 00,8,,17034.43
custom-runner,1252,11,116,yes,OK,,00 74 11 cc a2 22 a9 8c,00 74 11 02 22 02 00 00,00 74 11 02 22 02 00 00,8,,16873.24
custom-runner,1253,11,117,yes,OK,,00 75 11 3b 0e 22 85 bd,00 75 11 01 22 02 00 00,00 75 11 01 22 02 00 00,8,,17014.64
custom-runner,1254,11,118,yes,OK,,00 76 11 87 eb 22 13 96,00 76 11 01 22 01 00 00,00 76 11 01 22 01 00 00,8,,16820.12
custom-runner,1255,11,119,yes,OK,,00 77 22 b0 fd 11 de 7f,00 77 22 02 11 02 00 00,00 77 22 02 11 02 00 00,8,,16872.34
custom-runner,1256,11,120,yes,OK,,00 78 22 3b 35 11 df 6f,00 78 22 01 11 02 00 00,00 78 22 01 11 02 00 00,8,,16890.77
custom-runner,1257,11,121,yes,OK,,00 79 11 61 52 22 82 6a,00 79 11 01 22 02 00 00,00 79 11 01 22 02 00 00,8,,17003.52
custom-runner,1258,11,122,yes,OK,,00 7a 11 df 42 22 00 dd,00 7a 11 02 22 01 00 00,00 7a 11 02 22 01 00 00,8,,16933.47
custom-runner,1259,11,123,yes,OK,,00 7b 11 ba 7b 22 dc d3,00 7b 11 02 22 02 00 00,00 7b 11 02 22 02 00 00,8,,16983.19
custom-runner,1260,11,124,yes,OK,,00 7c 11 a9 0f 22 a0 b9,00 7c 11 02 22 02 00 00,00 7c 11 02 22 02 00 00,8,,16827.79
custom-runner,1261,11,125,yes,OK,,00 7d 22 9e 5a 11 99 c3,00 7d 22 02 11 01 00 00,00 7d 22 02 11 01 00 00,8,,16931.74
custom-runner,1262,11,126,yes,OK,,00 7e 22 ce 07 11 a7 01,00 7e 22 02 11 02 00 00,00 7e 22 02 11 02 00 00,8,,16943.44
custom-runner,1263,11,127,yes,OK,,00 7f 22 62 38 11 41 2b,00 7f 22 01 11 01 00 00,00 7f 22 01 11 01 00 00,8,,16914.37
custom-runner,1264,11,128,yes,OK,,00 80 22 59 1a 11 c2 1f,00 80 22 01 11 02 00 00,00 80 22 01 11 02 00 00,8,,16909.63
custom-runner,1265,12,0,no,OK,,00 00 22 8b ba 11 12 f7,00 00 22 00 11 00 00 00,00 00 22 00 11 00 00 00,8,,16937.85
custom-runner,1266,12,1,no,OK,,00 01 22 1d 64 11 40 37,00 01 22 00 11 00 00 00,00 01 22 00 11 00 00 00,8,,16893.13
custom-runner,1267,12,2,no,OK,,00 02 22 9e 6d 11 39 4b,00 02 22 00 11 00 00 00,00 02 22 00 11 00 00 00,8,,17151.16
custom-runner,1268,12,3,no,OK,,00 03 22 e7 71 11 3f a5,00 03 22 00 11 00 00 00,00 03 22 00 11 00 00 00,8,,16885.00
custom-runner,1269,12,4,no,OK,,00 04 11 b7 4d 22 2e a8,00 04 11 00 22 00 00 00,00 04 11 00 22 00 00 00,8,,17037.00
custom-runner,1270,12,5,no,OK,,00 05 22 39 a7 11 64 2c,00 05 22 00 11 00 00 00,00 05 22 00 11 00 00 00,8,,16831.47
custom-runner,1271,12,6,no,OK,,00 06 22 9d 6e 11 cc 08,00 06 22 00 11 00 00 00,00 06 22 00 11 00 00 00,8,,17098.63
custom-runner,1272,12,7,no,OK,,00 07 22 0a 5a 11 5e ad,00 07 22 00 11 00 00 00,00 07 22 00 11 00 00 00,8,,16841.94
custom-runner,1273,12,8,no,OK,,00 08 11 d4 12 22 ca ac,00 08 11 00 22 00 00 00,00 08 11 00 22 00 00 00,8,,16971.31
custom-runner,1274,12,9,no,OK,,00 09 22 ab 4b 11 ee 12,00 09 22 00 11 00 00 00,00 09 22 00 11 00 00 00,8,,16979.46
custom-runner,1275,12,10,no,OK,,00 0a 11 23 f4 22 73 89,00 0a 11 00 22 00 00 00,00 0a 11 00 22 00 00 00,8,,16824.56
custom-runner,1276,12,11,no,OK,,00 0b 11 95 0f 22 3f 71,00 0b 11 00 22 00 00 00,00 0b 11 00 22 00 00 00,8,,16961.35
custom-runner,1277,12,12,no,OK,,00 0c 11 c1 70 22 a4 40,00 0c 11 00 22 00 00 00,00 0c 11 00 22 00 00 00,8,,17041.27
custom-runner,1278,12,13,no,OK,,00 0d 22 40 12 11 da 50,00 0d 22 00 11 00 00 00,00 0d 22 00 11 00 00 00,8,,16939.21
custom-runner,1279,12,14,no,OK,,00 0e 11 f7 a7 22 84 8e,00 0e 11 00 22 00 00 00,00 0e 11 00 22 00 00 00,8,,16978.67
custom-runner,1280,12,15,no,OK,,00 0f 22 53 d9 11 15 68,00 0f 22 00 11 00 00 00,00 0f 22 00 11 00 00 00,8,,16783.44
custom-runner,1281,12,16,yes,OK,,00 10 11 51 18 22 4f d0,00 10 11 00 22 00 00 00,00 10 11 00 22 00 00 00,8,,16765.09
custom-runner,1282,12,17,yes,OK,,00 11 11 8c 83 22 4e e4,00 11 11 02 22 00 00 00,00 11 11 02 22 00 00 00,8,,17079.78
custom-runner,1283,12,18,yes,OK,,00 12 22 de 80 11 6b cc,00 12 22 02 11 01 00 00,00 12 22 02 11 01 00 00,8,,17113.44
custom-runner,1284,12,19,yes,OK,,00 13 22 48 5f 11 92 a8,00 13 22 01 11 01 00 00,00 13 22 01 11 01 00 00,8,,16892.13
custom-runner,1285,12,20,yes,OK,,00 14 11 68 8d 22 d6 40,00 14 11 01 22 02 00 00,00 14 11 01 22 02 00 00,8,,16904.74
custom-runner,1286,12,21,yes,OK,,00 15 11 c1 57 22 ba d1,00 15 11 02 22 02 00 00,00 15 11 02 22 02 00 00,8,,17148.49
custom-runner,1287,12,22,yes,OK,,00 16 11 e1 f3 22 8d b8,00 16 11 02 22 02 00 00,00 16 11 02 22 02 00 00,8,,16763.28
custom-runner,1288,12,23,yes,OK,,00 17 11 cb 30 22 be ed,00 17 11 02 22 02 00 00,00 17 11 02 22 02 00 00,8,,16939.74
custom-runner,1289,12,24,yes,OK,,00 18 22 5d a8 11 7d d0,00 18 22 01 11 01 00 00,00 18 22 01 11 01 00 00,8,,16929.88
custom-runner,1290,12,25,yes,OK,,00 19 22 17 3c 11 27 fb,00 19 22 01 11 01 00 00,00 19 22 01 11 01 00 00,8,,16950.55
custom-runner,1291,12,26,yes,OK,,00 1a 22 0d a5 11 ba 4d,00 1a 22 01 11 02 00 00,00 1a 22 01 11 02 00 00,8,,16865.95
custom-runner,1292,12,27,yes,OK,,00 1b 22 b1 a6 11 a1 0a,00 1b 22 02 11 02 00 00,00 1b 22 02 11 02 00 00,8,,17212.78
custom-runner,1293,12,28,yes,OK,,00 1c 22 a0 f3 11 ee 9b,00 1c 22 02 11 02 00 00,00 1c 22 02 11 02 00 00,8,,17261.12
custom-runner,1294,12,29,yes,OK,,00 1d 22 83 d0 11 af e4,00 1d 22 02 11 02 00 00,00 1d 22 02 11 02 00 00,8,,16893.11
custom-runner,1295,12,30,yes,OK,,00 1e 11 6b 91 22 95 bf,00 1e 11 01 22 02 00 00,00 1e 11 01 22 02 00 00,8,,16892.06
custom-runner,1296,12,31,yes,OK,,00 1f 22 e0 67 11 a0 6a,00 1f 22 02 11 02 00 00,00 1f 22 02 11 02 00 00,8,,16602.43
custom-runner,1297,12,32,yes,OK,,00 20 11 0d 20 22 ab 53,00 20 11 01 22 02 00 00,00 20 11 01 22 02 00 00,8,,16665.58
custom-runner,1298,12,33,yes,OK,,00 21 11 0a d5 22 fd d7,00 21 11 01 22 02 00 00,00 21 11 01 22 02 00 00,8,,17061.66
custom-runner,1299,12,34,yes,OK,,00 22 11 49 ff 22 83 9f,00 22 11 01 22 01 00 00,00 22 11 01 22 01 00 00,8,,16811.58
custom-runner,1300,12,35,yes,OK,,00 23 22 ac 08 11 0c 58,00 23 22 02 11 01 00 00,00 23 22 02 11 01 00 00,8,,17656.90
custom-runner,1301,12,36,yes,OK,,00 24 11 87 78 22 c2 af,00 24 11 02 22 02 00 00,00 24 11 02 22 02 00 00,8,,16884.00
custom-runner,1302,12,37,yes,OK,,00 25 22 c2 e9 11 9e ed,00 25 22 02 11 02 00 00,00 25 22 02 11 02 00 00,8,,16416.81
custom-runner,1303,12,38,yes,OK,,00 26 11 cc ec 22 3c 62,00 26 11 02 22 01 00 00,00 26 11 02 22 01 00 00,8,,16970.04
custom-runner,1304,12,39,yes,OK,,00 27 11 e8 d9 22 1a 1d,00 27 11 02 22 01 00 00,00 27 11 02 22 01 00 00,8,,16868.24
custom-runner,1305,12,40,yes,OK,,00 28 22 60 ea 11 af a5,00 28 22 01 11 02 00 00,00 28 22 01 11 02 00 00,8,,17039.69
custom-runner,1306,12,41,yes,OK,,00 29 11 17 fe 22 50 65,00 29 11 01 22 01 00 00,00 29 11 01 22 01 00 00,8,,16961.54
custom-runner,1307,12,42,yes,OK,,00 2a 22 0d e4 11 d7 cd,00 2a 22 01 11 02 00 00,00 2a 22 01 11 02 00 00,8,,16853.72
custom-runner,1308,12,43,yes,OK,,00 2b 22 9e 2d 11 54 5b,00 2b 22 02 11 01 00 00,00 2b 22 02 11 01 00 00,8,,17117.77
custom-runner,1309,12,44,yes,OK,,00 2c 11 7f 37 22 f0 24,00 2c 11 02 22 02 00 00,00 2c 11 02 22 02 00 00,8,,16825.00
custom-runner,1310,12,45,yes,OK,,00 2d 22 41 16 11 01 86,00 2d 22 01 11 01 00 00,00 2d 22 01 11 01 00 00,8,,16750.50
custom-runner,1311,12,46,yes,OK,,00 2e 11 c6 65 22 d7 49,00 2e 11 02 22 02 00 00,00 2e 11 02 22 02 00 00,8,,17036.71
custom-runner,1312,12,47,yes,OK,,00 2f 22 b2 e4 11 92 49,00 2f 22 02 11 02 00 00,00 2f 22 02 11 02 00 00,8,,17032.03
custom-runner,1313,12,48,yes,OK,,00 30 22 9d 3d 11 d4 39,00 30 22 02 11 02 00 00,00 30 22 02 11 02 00 00,8,,16826.65
custom-runner,1314,12,49,yes,OK,,00 31 11 90 b5 22 1d a9,00 31 11 02 22 01 00 00,00 31 11 02 22 01 00 00,8,,17017.48
custom-runner,1315,12,50,yes,OK,,00 32 11 85 69 22 30 d1,00 32 11 01 22 01 00 00,00 32 11 01 22 01 00 00,8,,17004.40
custom-runner,1316,12,51,yes,OK,,00 33 11 f0 ae 22 06 e2,00 33 11 02 22 01 00 00,00 33 11 02 22 01 00 00,8,,16882.10
custom-runner,1317,12,52,yes,OK,,00 34 11 4f 24 22 22 74,00 34 11 01 22 01 00 00,00 34 11 01 22 01 00 00,8,,17010.52
custom-runner,1318,12,53,yes,OK,,00 35 11 2a c4 22 2d b0,00 35 11 01 22 01 00 00,00 35 11 01 22 01 00 00,8,,16968.51
custom-runner,1319,12,54,yes,OK,,00 36 11 33 5c 22 1d a9,00 36 11 01 22 01 00 00,00 36 11 01 22 01 00 00,8,,16668.81
custom-runner,1320,12,55,yes,OK,,00 37 11 55 20 22 29 83,00 37 11 01 22 01 00 00,00 37 11 01 22 01 00 00,8,,17154.34
custom-runner,1321,12,56,yes,OK,,00 38 22 6d 48 11 9b f2,00 38 22 02 11 02 00 00,00 38 22 02 11 02 00 00,8,,16982.56
custom-runner,1322,12,57,yes,OK,,00 39 11 e5 44 22 a9 b1,00 39 11 02 22 02 00 00,00 39 11 02 22 02 00 00,8,,16848.76
custom-runner,1323,12,58,yes,OK,,00 3a 22 b9 79 11 fd 1f,00 3a 22 02 11 02 00 00,00 3a 22 02 11 02 00 00,8,,17123.79
custom-runner,1324,12,59,yes,OK,,00 3b 22 e1 a5 11 28 33,00 3b 22 02 11 01 00 00,00 3b 22 02 11 01 00 00,8,,16913.04
custom-runner,1325,12,60,yes,OK,,00 3c 22 da dc 11 84 ca,00 3c 22 02 11 01 00 00,00 3c 22 02 11 01 00 00,8,,16938.19
custom-runner,1326,12,61,yes,OK,,00 3d 11 72 e7 22 98 2b,00 3d 11 01 22 02 00 00,00 3d 11 01 22 02 00 00,8,,16861.36
custom-runner,1327,12,62,yes,OK,,00 3e 11 99 00 22 c5 72,00 3e 11 02 22 02 00 00,00 3e 11 02 22 02 00 00,8,,16943.27
custom-runner,1328,12,63,yes,OK,,00 3f 22 b4 ca 11 22 c3,00 3f 22 02 11 01 00 00,00 3f 22 02 11 01 00 00,8,,17029.83
custom-runner,1329,12,64,yes,OK,,00 40 11 7e 1a 22 7f 67,00 40 11 02 22 02 00 00,00 40 11 02 22 02 00 00,8,,16836.61
custom-runner,1330,12,65,yes,OK,,00 41 22 0f a8 11 c2 7c,00 41 22 01 11 02 00 00,00 41 22 01 11 02 00 00,8,,16849.85
custom-runner,1331,12,66,yes,OK,,00 42 22 67 0c 11 7a 2b,00 42 22 01 11 01 00 00,00 42 22 01 11 01 00 00,8,,17146.62
custom-runner,1332,12,67,yes,OK,,00 43 11 3b 57 22 b3 4b,00 43 11 01 22 02 00 00,00 43 11 01 22 02 00 00,8,,17038.22
custom-runner,1333,12,68,yes,OK,,00 44 22 06 76 11 f4 18,00 44 22 01 11 02 00 00,00 44 22 01 11 02 00 00,8,,16715.35
custom-runner,1334,12,69,yes,OK,,00 45 11 e4 15 22 a0 c1,00 45 11 02 22 02 00 00,00 45 11 02 22 02 00 00,8,,16951.26
custom-runner,1335,12,70,yes,OK,,00 46 11 34 37 22 a4 de,00 46 11 01 22 02 00 00,00 46 11 01 22 02 00 00,8,,17094.46
custom-runner,1336,12,71,yes,OK,,00 47 22 c3 48 11 fd c3,00 47 22 02 11 02 00 00,00 47 22 02 11 02 00 00,8,,16956.38
custom-runner,1337,12,72,yes,OK,,00 48 22 4b 1b 11 e4 0d,00 48 22 01 11 02 00 00,00 48 22 01 11 02 00 00,8,,16788.43
custom-runner,1338,12,73,yes,OK,,00 49 22 d3 57 11 8a 2d,00 49 22 02 11 01 00 00,00 49 22 02 11 01 00 00,8,,16841.08
custom-runner,1339,12,74,yes,OK,,00 4a 22 db c4 11 7e 14,00 4a 22 02 11 01 00 00,00 4a 22 02 11 01 00 00,8,,17277.40
custom-runner,1340,12,75,yes,OK,,00 4b 22 92 c0 11 b3 b3,00 4b 22 01 11 02 00 00,00 4b 22 01 11 02 00 00,8,,16847.51
custom-runner,1341,12,76,yes,OK,,00 4c 22 9d b4 11 d6 b5,00 4c 22 02 11 02 00 00,00 4c 22 02 11 02 00 00,8,,16728.41
custom-runner,1342,12,77,yes,OK,,00 4d 22 8e 6a 11 5b 8f,00 4d 22 01 11 01 00 00,00 4d 22 01 11 01 00 00,8,,17602.16
custom-runner,1343,12,78,yes,OK,,00 4e 11 ae ce 22 85 53,00 4e 11 02 22 01 00 00,00 4e 11 02 22 01 00 00,8,,16204.68
custom-runner,1344,12,79,yes,OK,,00 4f 11 e5 d5 22 3d a8,00 4f 11 02 22 01 00 00,00 4f 11 02 22 01 00 00,8,,17099.54
custom-runner,1345,12,80,yes,OK,,00 50 22 10 64 11 08 5c,00 50 22 01 11 01 00 00,00 50 22 01 11 01 00 00,8,,16902.45
custom-runner,1346,12,81,yes,OK,,00 51 22 19 fd 11 0c a7,00 51 22 01 11 01 00 00,00 51 22 01 11 01 00 00,8,,16886.66
custom-runner,1347,12,82,yes,OK,,00 52 11 64 ca 22 60 55,00 52 11 01 22 01 00 00,00 52 11 01 22 01 00 00,8,,16858.73
custom-runner,1348,12,83,yes,OK,,00 53 22 8e 70 11 a9 7b,00 53 22 02 11 02 00 00,00 53 22 02 11 02 00 00,8,,17003.77
custom-runner,1349,12,84,yes,OK,,00 54 22 1a 91 11 73 44,00 54 22 01 11 01 00 00,00 54 22 01 11 01 00 00,8,,16837.14
custom-runner,1350,12,85,yes,OK,,00 55 11 57 f7 22 d8 e5,00 55 11 01 22 02 00 00,00 55 11 01 22 02 00 00,8,,17043.17
custom-runner,1351,12,86,yes,OK,,00 56 11 54 11 22 de 28,00 56 11 01 22 02 00 00,00 56 11 01 22 02 00 00,8,,16962.00
custom-runner,1352,12,87,yes,OK,,00 57 11 64 b9 22 ab 51,00 57 11 01 22 02 00 00,00 57 11 01 22 02 00 00,8,,16901.20
custom-runner,1353,12,88,yes,OK,,00 58 22 2f 22 11 b6 f4,00 58 22 01 11 02 00 00,00 58 22 01 11 02 00 00,8,,16975.87
custom-runner,1354,12,89,yes,OK,,00 59 11 2d 52 22 d7 c7,00 59 11 01 22 02 00 00,00 59 11 01 22 02 00 00,8,,17011.49
custom-runner,1355,12,90,yes,OK,,00 5a 11 6c 45 22 ad b9,00 5a 11 01 22 02 00 00,00 5a 11 01 22 02 00 00,8,,16906.94
custom-runner,1356,12,91,yes,OK,,00 5b 22 a4 b0 11 dc 69,00 5b 22 02 11 02 00 00,00 5b 22 02 11 02 00 00,8,,16733.93
custom-runner,1357,12,92,yes,OK,,00 5c 11 7d 4e 22 dc e0,00 5c 11 02 22 02 00 00,00 5c 11 02 22 02 00 00,8,,17029.92
custom-runner,1358,12,93,yes,OK,,00 5d 11 9f 6a 22 43 e9,00 5d 11 02 22 01 00 00,00 5d 11 02 22 01 00 00,8,,16991.67
custom-runner,1359,12,94,yes,OK,,00 5e 11 17 e8 22 3c 46,00 5e 11 01 22 01 00 00,00 5e 11 01 22 01 00 00,8,,16847.97
custom-runner,1360,12,95,yes,OK,,00 5f 11 c6 e6 22 b0 cd,00 5f 11 02 22 02 00 00,00 5f 11 02 22 02 00 00,8,,16871.11
custom-runner,1361,12,96,yes,OK,,00 60 11 a7 5f 22 48 26,00 60 11 02 22 01 00 00,00 60 11 02 22 01 00 00,8,,17092.80
custom-runner,1362,12,97,yes,OK,,00 61 22 6e 62 11 6b 55,00 61 22 01 11 01 00 00,00 61 22 01 11 01 00 00,8,,16948.48
custom-runner,1363,12,98,yes,OK,,00 62 11 0e d9 22 06 41,00 62 11 01 22 01 00 00,00 62 11 01 22 01 00 00,8,,16889.79
custom-runner,1364,12,99,yes,OK,,00 63 11 19 8d 22 a2 e4,00 63 11 01 22 02 00 00,00 63 11 01 22 02 00 00,8,,16973.98
custom-runner,1365,12,100,yes,OK,,00 64 11 73 d9 22 91 06,00 64 11 02 22 02 00 00,00 64 11 02 22 02 00 00,8,,16900.34
custom-runner,1366,12,101,yes,OK,,00 65 11 81 78 22 99 ff,00 65 11 02 22 02 00 00,00 65 11 02 22 02 00 00,8,,16831.36
custom-runner,1367,12,102,yes,OK,,00 66 11 98 c2 22 25 99,00 66 11 02 22 01 00 00,00 66 11 02 22 01 00 00,8,,17006.51
custom-runner,1368,12,103,yes,OK,,00 67 22 f8 59 11 41 e7,00 67 22 02 11 01 00 00,00 67 22 02 11 01 00 00,8,,17082.48
custom-runner,1369,12,104,yes,OK,,00 68 11 d6 d1 22 d1 e1,00 68 11 02 22 02 00 00,00 68 11 02 22 02 00 00,8,,16756.89
custom-runner,1370,12,105,yes,OK,,00 69 11 29 7b 22 b6 eb,00 69 11 01 22 02 00 00,00 69 11 01 22 02 00 00,8,,17072.41
custom-runner,1371,12,106,yes,OK,,00 6a 11 8e da 22 23 c0,00 6a 11 02 22 01 00 00,00 6a 11 02 22 01 00 00,8,,16960.66
custom-runner,1372,12,107,yes,OK,,00 6b 22 5f 9a 11 3c 9b,00 6b 22 01 11 01 00 00,00 6b 22 01 11 01 00 00,8,,16876.62
custom-runner,1373,12,108,yes,OK,,00 6c 11 61 58 22 44 7a,00 6c 11 01 22 01 00 00,00 6c 11 01 22 01 00 00,8,,16976.38
custom-runner,1374,12,109,yes,OK,,00 6d 11 b6 81 22 93 3b,00 6d 11 02 22 02 00 00,00 6d 11 02 22 02 00 00,8,,16735.61
custom-runner,1375,12,110,yes,OK,,00 6e 11 4f 07 22 20 72,00 6e 11 01 22 01 00 00,00 6e 11 01 22 01 00 00,8,,17004.06
custom-runner,1376,12,111,yes,OK,,00 6f 22 5a 7e 11 3f db,00 6f 22 01 11 01 00 00,00 6f 22 01 11 01 00 00,8,,16901.70
custom-runner,1377,12,112,yes,OK,,00 70 22 21 bd 11 56 90,00 70 22 01 11 01 00 00,00 70 22 01 11 01 00 00,8,,16969.10
custom-runner,1378,12,113,yes,OK,,00 71 22 e1 72 11 fc 2d,00 71 22 02 11 02 00 00,00 71 22 02 11 02 00 00,8,,16988.48
custom-runner,1379,12,114,yes,OK,,00 72 11 37 26 22 1f 32,00 72 11 01 22 01 00 00,00 72 11 01 22 01 00 00,8,,16995.67
custom-runner,1380,12,115,yes,OK,,00 73 22 85 8e 11 d2 23,00 73 22 02 11 02 00 00,00 73 22 02 11 02 00 00,8,,16943.38
custom-runner,1381,12,116,yes,OK,,00 74 11 a1 62 22 cb 51,00 74 11 02 22 02 00 00,00 74 11 02 22 02 00 00,8,,16957.16
custom-runner,1382,12,117,yes,OK,,00 75 11 ff 47 22 63 e6,00 75 11 02 22 01 00 00,00 75 11 02 22 01 00 00,8,,17002.30
custom-runner,1383,12,118,yes,OK,,00 76 22 28 ec 11 e9 3c,00 76 22 01 11 02 00 00,00 76 22 01 11 02 00 00,8,,17000.58
custom-runner,1384,12,119,yes,OK,,00 77 11 ed 42 22 82 82,00 77 11 02 22 02 00 00,00 77 11 02 22 02 00 00,8,,16925.99
custom-runner,1385,12,120,yes,OK,,00 78 11 32 c3 22 b0 96,00 78 11 01 22 02 00 00,00 78 11 01 22 02 00 00,8,,16822.87
custom-runner,1386,12,121,yes,OK,,00 79 11 de 54 22 8b 5a,00 79 11 02 22 02 00 00,00 79 11 02 22 02 00 00,8,,16975.71
custom-runner,1387,12,122,yes,OK,,00 7a 11 c2 d4 22 2b 6b,00 7a 11 02 22 01 00 00,00 7a 11 02 22 01 00 00,8,,16950.68
custom-runner,1388,12,123,yes,OK,,00 7b 11 20 8b 22 70 bf,00 7b 11 01 22 02 00 00,00 7b 11 01 22 02 00 00,8,,17010.61
custom-runner,1389,12,124,yes,OK,,00 7c 22 40 b4 11 fc c9,00 7c 22 01 11 02 00 00,00 7c 22 01 11 02 00 00,8,,16786.45
custom-runner,1390,12,125,yes,OK,,00 7d 22 1b 4d 11 c3 89,00 7d 22 01 11 02 00 00,00 7d 22 01 11 02 00 00,8,,16950.51
custom-runner,1391,12,126,yes,OK,,00 7e 22 33 80 11 61 2a,00 7e 22 01 11 01 00 00,00 7e 22 01 11 01 00 00,8,,17058.41
custom-runner,1392,12,127,yes,OK,,00 7f 22 8d ec 11 1e 3c,00 7f 22 02 11 01 00 00,00 7f 22 02 11 01 00 00,8,,16932.50
custom-runner,1393,12,128,yes,OK,,00 80 11 13 f9 22 ca bf,00 80 11 01 22 02 00 00,00 80 11 01 22 02 00 00,8,,16950.65
