custom-runner: replaying 2834 rows from /home/wayne/devel/jane/even_smaller/serial_adder_approach/board_results/board-serial195-20261004-074904-7xcoryuz/custom-fixture.jsonl
[row   0] s0 idx   0  OK          3.087 ms
[row   1] s0 idx   1  OK         16.974 ms
[row   2] s0 idx   2  OK         17.037 ms
[row   3] s0 idx   3  OK         16.863 ms
[row   4] s0 idx   4  OK         17.046 ms
[row   5] s0 idx   5  OK         16.963 ms
[row   6] s0 idx   6  OK         16.762 ms
[row   7] s0 idx   7  OK         17.073 ms
[row   8] s0 idx   8  OK         16.831 ms
[row   9] s0 idx   9  OK         16.949 ms
[row  10] s0 idx  10  OK         17.007 ms
[row  11] s0 idx  11  OK         16.832 ms
[row  12] s0 idx  12  OK         16.976 ms
[row  13] s0 idx  13  OK         16.830 ms
[row  14] s0 idx  14  OK         17.130 ms
[row  15] s0 idx  15  OK         16.770 ms
[row  16] s0 idx  16  OK         17.012 ms
[row  17] s0 idx  17  OK         16.931 ms
[row  18] s0 idx  18  OK         16.790 ms
[row  19] s0 idx  19  OK         17.056 ms
[row  20] s0 idx  20  OK         16.833 ms
[row  21] s0 idx  21  OK         17.093 ms
[row  22] s0 idx  22  OK         16.855 ms
[row  23] s0 idx  23  OK         16.822 ms
[row  24] s0 idx  24  OK         16.958 ms
[row  25] s0 idx  25  OK         16.985 ms
[row  26] s0 idx  26  OK         16.891 ms
[row  27] s0 idx  27  OK         16.944 ms
[row  28] s0 idx  28  OK         16.874 ms
[row  29] s0 idx  29  OK         16.939 ms
[row  30] s0 idx  30  OK         16.894 ms
[row  31] s0 idx  31  OK         17.106 ms
[row  32] s0 idx  32  OK         16.831 ms
[row  33] s0 idx  33  OK         16.901 ms
[row  34] s0 idx  34  OK         17.011 ms
[row  35] s0 idx  35  OK         16.888 ms
[row  36] s0 idx  36  OK         16.994 ms
[row  37] s0 idx  37  OK         16.874 ms
[row  38] s0 idx  38  OK         16.937 ms
[row  39] s0 idx  39  OK         17.095 ms
[row  40] s0 idx  40  OK         16.691 ms
[row  41] s0 idx  41  OK         16.976 ms
[row  42] s0 idx  42  OK         17.103 ms
[row  43] s0 idx  43  OK         16.718 ms
[row  44] s0 idx  44  OK         17.040 ms
[row  45] s0 idx  45  OK         16.889 ms
[row  46] s0 idx  46  OK         16.754 ms
[row  47] s0 idx  47  OK         17.062 ms
[row  48] s0 idx  48  OK         16.852 ms
[row  49] s0 idx  49  OK         16.875 ms
[row  50] s0 idx  50  OK         16.960 ms
[row  51] s0 idx  51  OK         17.042 ms
[row  52] s0 idx  52  OK         16.975 ms
[row  53] s0 idx  53  OK         16.885 ms
[row  54] s0 idx  54  OK         16.893 ms
[row  55] s0 idx  55  OK         17.010 ms
[row  56] s0 idx  56  OK         17.010 ms
[row  57] s0 idx  57  OK         16.833 ms
[row  58] s0 idx  58  OK         16.960 ms
[row  59] s0 idx  59  OK         16.837 ms
[row  60] s0 idx  60  OK         16.936 ms
[row  61] s0 idx  61  OK         16.970 ms
[row  62] s0 idx  62  OK         17.074 ms
[row  63] s0 idx  63  OK         16.908 ms
[row  64] s0 idx  64  OK         16.980 ms
[row  65] s0 idx  65  OK         16.872 ms
[row  66] s0 idx  66  OK         17.001 ms
[row  67] s0 idx  67  OK         16.864 ms
[row  68] s0 idx  68  OK         16.859 ms
[row  69] s0 idx  69  OK         16.958 ms
[row  70] s0 idx  70  OK         16.950 ms
[row  71] s0 idx  71  OK         16.898 ms
[row  72] s0 idx  72  OK         16.916 ms
[row  73] s0 idx  73  OK         16.886 ms
[row  74] s0 idx  74  OK         16.917 ms
[row  75] s0 idx  75  OK         16.933 ms
[row  76] s0 idx  76  OK         16.975 ms
[row  77] s0 idx  77  OK         16.928 ms
[row  78] s0 idx  78  OK         16.909 ms
[row  79] s0 idx  79  OK         16.886 ms
[row  80] s0 idx  80  OK         16.976 ms
[row  81] s0 idx  81  OK         17.018 ms
[row  82] s0 idx  82  OK         16.928 ms
[row  83] s0 idx  83  OK         16.900 ms
[row  84] s0 idx  84  OK         16.887 ms
[row  85] s0 idx  85  OK         17.054 ms
[row  86] s0 idx  86  OK         16.786 ms
[row  87] s0 idx  87  OK         17.006 ms
[row  88] s0 idx  88  OK         16.916 ms
[row  89] s0 idx  89  OK         17.039 ms
[row  90] s0 idx  90  OK         16.870 ms
[row  91] s0 idx  91  OK         17.014 ms
[row  92] s0 idx  92  OK         16.810 ms
[row  93] s0 idx  93  OK         17.024 ms
[row  94] s0 idx  94  OK         16.862 ms
[row  95] s0 idx  95  OK         16.893 ms
[row  96] s0 idx  96  OK         16.919 ms
[row  97] s0 idx  97  OK         16.870 ms
[row  98] s0 idx  98  OK         17.007 ms
[row  99] s0 idx  99  OK         16.894 ms
[row 100] s1 idx   0  OK         16.884 ms
[row 101] s1 idx   1  OK         16.950 ms
[row 102] s1 idx   2  OK         16.990 ms
[row 103] s1 idx   3  OK         16.889 ms
[row 104] s1 idx   4  OK         16.863 ms
[row 105] s1 idx   5  OK         16.909 ms
[row 106] s1 idx   6  OK         16.936 ms
[row 107] s1 idx   7  OK         17.066 ms
[row 108] s1 idx   8  OK         16.962 ms
[row 109] s1 idx   9  OK         16.752 ms
[row 110] s1 idx  10  OK         17.028 ms
[row 111] s1 idx  11  OK         16.809 ms
[row 112] s1 idx  12  OK         16.911 ms
[row 113] s1 idx  13  OK         16.950 ms
[row 114] s1 idx  14  OK         16.962 ms
[row 115] s1 idx  15  OK         17.097 ms
[row 116] s1 idx  16  OK         16.728 ms
[row 117] s1 idx  17  OK         17.138 ms
[row 118] s1 idx  18  OK         16.900 ms
[row 119] s1 idx  19  OK         16.763 ms
[row 120] s1 idx  20  OK         17.019 ms
[row 121] s1 idx  21  OK         16.812 ms
[row 122] s1 idx  22  OK         16.935 ms
[row 123] s1 idx  23  OK         16.942 ms
[row 124] s1 idx  24  OK         17.018 ms
[row 125] s1 idx  25  OK         16.845 ms
[row 126] s1 idx  26  OK         16.973 ms
[row 127] s1 idx  27  OK         16.906 ms
[row 128] s1 idx  28  OK         16.945 ms
[row 129] s1 idx  29  OK         16.902 ms
[row 130] s1 idx  30  OK         16.933 ms
[row 131] s1 idx  31  OK         17.025 ms
[row 132] s1 idx  32  OK         16.909 ms
[row 133] s1 idx  33  OK         16.858 ms
[row 134] s1 idx  34  OK         17.057 ms
[row 135] s1 idx  35  OK         16.900 ms
[row 136] s1 idx  36  OK         16.873 ms
[row 137] s1 idx  37  OK         16.984 ms
[row 138] s1 idx  38  OK         16.900 ms
[row 139] s1 idx  39  OK         17.000 ms
[row 140] s1 idx  40  OK         16.981 ms
[row 141] s1 idx  41  OK         16.792 ms
[row 142] s1 idx  42  OK         17.041 ms
[row 143] s1 idx  43  OK         16.817 ms
[row 144] s1 idx  44  OK         16.943 ms
[row 145] s1 idx  45  OK         16.952 ms
[row 146] s1 idx  46  OK         16.921 ms
[row 147] s1 idx  47  OK         16.939 ms
[row 148] s1 idx  48  OK         17.093 ms
[row 149] s1 idx  49  OK         17.003 ms
[row 150] s1 idx  50  OK         16.910 ms
[row 151] s1 idx  51  OK         16.798 ms
[row 152] s1 idx  52  OK         17.011 ms
[row 153] s1 idx  53  OK         17.044 ms
[row 154] s1 idx  54  OK         16.814 ms
[row 155] s1 idx  55  OK         16.943 ms
[row 156] s1 idx  56  OK         17.019 ms
[row 157] s1 idx  57  OK         16.837 ms
[row 158] s1 idx  58  OK         16.774 ms
[row 159] s1 idx  59  OK         17.154 ms
[row 160] s1 idx  60  OK         16.783 ms
[row 161] s1 idx  61  OK         16.880 ms
[row 162] s1 idx  62  OK         16.901 ms
[row 163] s1 idx  63  OK         17.000 ms
[row 164] s1 idx  64  OK         16.959 ms
[row 165] s1 idx  65  OK         16.879 ms
[row 166] s1 idx  66  OK         16.900 ms
[row 167] s1 idx  67  OK         16.896 ms
[row 168] s1 idx  68  OK         16.892 ms
[row 169] s1 idx  69  OK         16.939 ms
[row 170] s1 idx  70  OK         16.956 ms
[row 171] s1 idx  71  OK         16.887 ms
[row 172] s1 idx  72  OK         16.977 ms
[row 173] s1 idx  73  OK         17.055 ms
[row 174] s1 idx  74  OK         16.815 ms
[row 175] s1 idx  75  OK         16.904 ms
[row 176] s1 idx  76  OK         16.926 ms
[row 177] s1 idx  77  OK         17.082 ms
[row 178] s1 idx  78  OK         16.828 ms
[row 179] s1 idx  79  OK         16.980 ms
[row 180] s1 idx  80  OK         16.927 ms
[row 181] s1 idx  81  OK         16.943 ms
[row 182] s1 idx  82  OK         16.934 ms
[row 183] s1 idx  83  OK         16.957 ms
[row 184] s1 idx  84  OK         16.881 ms
[row 185] s1 idx  85  OK         16.959 ms
[row 186] s1 idx  86  OK         16.825 ms
[row 187] s1 idx  87  OK         16.948 ms
[row 188] s1 idx  88  OK         16.993 ms
[row 189] s1 idx  89  OK         16.914 ms
[row 190] s1 idx  90  OK         16.890 ms
[row 191] s1 idx  91  OK         16.847 ms
[row 192] s1 idx  92  OK         17.086 ms
[row 193] s1 idx  93  OK         16.792 ms
[row 194] s1 idx  94  OK         17.005 ms
[row 195] s1 idx  95  OK         16.869 ms
[row 196] s1 idx  96  OK         16.934 ms
[row 197] s1 idx  97  OK         16.986 ms
[row 198] s1 idx  98  OK         16.881 ms
[row 199] s1 idx  99  OK         16.949 ms
[row 200] s2 idx   0  OK         16.889 ms
[row 201] s2 idx   1  OK         16.925 ms
[row 202] s2 idx   2  OK         17.083 ms
[row 203] s2 idx   3  OK         16.814 ms
[row 204] s2 idx   4  OK         16.875 ms
[row 205] s2 idx   5  OK         16.984 ms
[row 206] s2 idx   6  OK         16.879 ms
[row 207] s2 idx   7  OK         16.930 ms
[row 208] s2 idx   8  OK         17.508 ms
[row 209] s2 idx   9  OK         16.912 ms
[row 210] s2 idx  10  OK         16.337 ms
[row 211] s2 idx  11  OK         17.266 ms
[row 212] s2 idx  12  OK         18.932 ms
[row 213] s2 idx  13  OK         16.075 ms
[row 214] s2 idx  14  OK         15.454 ms
[row 215] s2 idx  15  OK         19.408 ms
[row 216] s2 idx  16  OK         14.310 ms
[row 217] s2 idx  17  OK         16.965 ms
[row 218] s2 idx  18  OK         16.884 ms
[row 219] s2 idx  19  OK         17.019 ms
[row 220] s2 idx  20  OK         16.847 ms
[row 221] s2 idx  21  OK         16.890 ms
[row 222] s2 idx  22  OK         17.044 ms
[row 223] s2 idx  23  OK         16.861 ms
[row 224] s2 idx  24  OK         16.945 ms
[row 225] s2 idx  25  OK         17.010 ms
[row 226] s2 idx  26  OK         16.864 ms
[row 227] s2 idx  27  OK         16.859 ms
[row 228] s2 idx  28  OK         17.048 ms
[row 229] s2 idx  29  OK         17.012 ms
[row 230] s2 idx  30  OK         16.854 ms
[row 231] s2 idx  31  OK         16.871 ms
[row 232] s2 idx  32  OK         16.838 ms
[row 233] s2 idx  33  OK         16.904 ms
[row 234] s2 idx  34  OK         17.006 ms
[row 235] s2 idx  35  OK         16.940 ms
[row 236] s2 idx  36  OK         16.872 ms
[row 237] s2 idx  37  OK         16.940 ms
[row 238] s2 idx  38  OK         16.927 ms
[row 239] s2 idx  39  OK         17.064 ms
[row 240] s2 idx  40  OK         16.821 ms
[row 241] s2 idx  41  OK         17.083 ms
[row 242] s2 idx  42  OK         16.840 ms
[row 243] s2 idx  43  OK         16.996 ms
[row 244] s2 idx  44  OK         16.885 ms
[row 245] s2 idx  45  OK         17.018 ms
[row 246] s2 idx  46  OK         16.825 ms
[row 247] s2 idx  47  OK         16.959 ms
[row 248] s2 idx  48  OK         16.955 ms
[row 249] s2 idx  49  OK         16.917 ms
[row 250] s2 idx  50  OK         16.979 ms
[row 251] s2 idx  51  OK         16.906 ms
[row 252] s2 idx  52  OK         16.938 ms
[row 253] s2 idx  53  OK         16.954 ms
[row 254] s2 idx  54  OK         16.957 ms
[row 255] s2 idx  55  OK         16.912 ms
[row 256] s2 idx  56  OK         16.951 ms
[row 257] s2 idx  57  OK         16.928 ms
[row 258] s2 idx  58  OK         16.951 ms
[row 259] s2 idx  59  OK         16.974 ms
[row 260] s2 idx  60  OK         16.862 ms
[row 261] s2 idx  61  OK         16.986 ms
[row 262] s2 idx  62  OK         16.868 ms
[row 263] s2 idx  63  OK         16.937 ms
[row 264] s2 idx  64  OK         16.952 ms
[row 265] s2 idx  65  OK         16.942 ms
[row 266] s2 idx  66  OK         16.931 ms
[row 267] s2 idx  67  OK         16.993 ms
[row 268] s2 idx  68  OK         16.962 ms
[row 269] s2 idx  69  OK         16.802 ms
[row 270] s2 idx  70  OK         16.950 ms
[row 271] s2 idx  71  OK         16.984 ms
[row 272] s2 idx  72  OK         16.909 ms
[row 273] s2 idx  73  OK         17.007 ms
[row 274] s2 idx  74  OK         16.940 ms
[row 275] s2 idx  75  OK         16.903 ms
[row 276] s2 idx  76  OK         16.899 ms
[row 277] s2 idx  77  OK         16.932 ms
[row 278] s2 idx  78  OK         16.980 ms
[row 279] s2 idx  79  OK         16.985 ms
[row 280] s2 idx  80  OK         16.899 ms
[row 281] s2 idx  81  OK         16.959 ms
[row 282] s2 idx  82  OK         16.822 ms
[row 283] s2 idx  83  OK         16.940 ms
[row 284] s2 idx  84  OK         16.926 ms
[row 285] s2 idx  85  OK         17.030 ms
[row 286] s2 idx  86  OK         16.874 ms
[row 287] s2 idx  87  OK         16.847 ms
[row 288] s2 idx  88  OK         16.990 ms
[row 289] s2 idx  89  OK         16.878 ms
[row 290] s2 idx  90  OK         16.987 ms
[row 291] s2 idx  91  OK         16.921 ms
[row 292] s2 idx  92  OK         16.946 ms
[row 293] s2 idx  93  OK         16.960 ms
[row 294] s2 idx  94  OK         16.912 ms
[row 295] s2 idx  95  OK         16.937 ms
[row 296] s2 idx  96  OK         16.956 ms
[row 297] s2 idx  97  OK         16.939 ms
[row 298] s2 idx  98  OK         16.954 ms
[row 299] s2 idx  99  OK         16.907 ms
[row 300] s3 idx   0  OK         16.957 ms
[row 301] s3 idx   1  OK         16.937 ms
[row 302] s3 idx   2  OK         16.941 ms
[row 303] s3 idx   3  OK         16.988 ms
[row 304] s3 idx   4  OK         16.987 ms
[row 305] s3 idx   5  OK         16.892 ms
[row 306] s3 idx   6  OK         16.942 ms
[row 307] s3 idx   7  OK         16.907 ms
[row 308] s3 idx   8  OK         16.950 ms
[row 309] s3 idx   9  OK         16.936 ms
[row 310] s3 idx  10  OK         17.029 ms
[row 311] s3 idx  11  OK         16.810 ms
[row 312] s3 idx  12  OK         16.940 ms
[row 313] s3 idx  13  OK         16.960 ms
[row 314] s3 idx  14  OK         16.926 ms
[row 315] s3 idx  15  OK         16.971 ms
[row 316] s3 idx  16  OK         17.092 ms
[row 317] s3 idx  17  OK         16.771 ms
[row 318] s3 idx  18  OK         17.008 ms
[row 319] s3 idx  19  OK         16.925 ms
[row 320] s3 idx  20  OK         16.952 ms
[row 321] s3 idx  21  OK         16.843 ms
[row 322] s3 idx  22  OK         16.909 ms
[row 323] s3 idx  23  OK         16.968 ms
[row 324] s3 idx  24  OK         16.852 ms
[row 325] s3 idx  25  OK         16.993 ms
[row 326] s3 idx  26  OK         16.913 ms
[row 327] s3 idx  27  OK         16.968 ms
[row 328] s3 idx  28  OK         16.935 ms
[row 329] s3 idx  29  OK         16.947 ms
[row 330] s3 idx  30  OK         17.039 ms
[row 331] s3 idx  31  OK         16.757 ms
[row 332] s3 idx  32  OK         16.947 ms
[row 333] s3 idx  33  OK         16.954 ms
[row 334] s3 idx  34  OK         16.929 ms
[row 335] s3 idx  35  OK         16.892 ms
[row 336] s3 idx  36  OK         16.940 ms
[row 337] s3 idx  37  OK         16.967 ms
[row 338] s3 idx  38  OK         16.984 ms
[row 339] s3 idx  39  OK         16.907 ms
[row 340] s3 idx  40  OK         16.978 ms
[row 341] s3 idx  41  OK         16.906 ms
[row 342] s3 idx  42  OK         16.971 ms
[row 343] s3 idx  43  OK         16.881 ms
[row 344] s3 idx  44  OK         16.994 ms
[row 345] s3 idx  45  OK         16.846 ms
[row 346] s3 idx  46  OK         16.916 ms
[row 347] s3 idx  47  OK         16.816 ms
[row 348] s3 idx  48  OK         16.903 ms
[row 349] s3 idx  49  OK         16.962 ms
[row 350] s3 idx  50  OK         16.906 ms
[row 351] s3 idx  51  OK         16.964 ms
[row 352] s3 idx  52  OK         16.944 ms
[row 353] s3 idx  53  OK         16.891 ms
[row 354] s3 idx  54  OK         16.910 ms
[row 355] s3 idx  55  OK         17.001 ms
[row 356] s3 idx  56  OK         16.885 ms
[row 357] s3 idx  57  OK         17.000 ms
[row 358] s3 idx  58  OK         16.929 ms
[row 359] s3 idx  59  OK         16.910 ms
[row 360] s3 idx  60  OK         16.930 ms
[row 361] s3 idx  61  OK         16.943 ms
[row 362] s3 idx  62  OK         16.934 ms
[row 363] s3 idx  63  OK         16.929 ms
[row 364] s3 idx  64  OK         17.013 ms
[row 365] s3 idx  65  OK         16.838 ms
[row 366] s3 idx  66  OK         16.925 ms
[row 367] s3 idx  67  OK         16.962 ms
[row 368] s3 idx  68  OK         16.960 ms
[row 369] s3 idx  69  OK         16.896 ms
[row 370] s3 idx  70  OK         16.904 ms
[row 371] s3 idx  71  OK         16.940 ms
[row 372] s3 idx  72  OK         16.940 ms
[row 373] s3 idx  73  OK         16.946 ms
[row 374] s3 idx  74  OK         16.870 ms
[row 375] s3 idx  75  OK         17.040 ms
[row 376] s3 idx  76  OK         16.858 ms
[row 377] s3 idx  77  OK         16.948 ms
[row 378] s3 idx  78  OK         16.948 ms
[row 379] s3 idx  79  OK         16.947 ms
[row 380] s3 idx  80  OK         16.898 ms
[row 381] s3 idx  81  OK         16.933 ms
[row 382] s3 idx  82  OK         16.947 ms
[row 383] s3 idx  83  OK         16.911 ms
[row 384] s3 idx  84  OK         16.921 ms
[row 385] s3 idx  85  OK         16.897 ms
[row 386] s3 idx  86  OK         16.982 ms
[row 387] s3 idx  87  OK         16.908 ms
[row 388] s3 idx  88  OK         16.993 ms
[row 389] s3 idx  89  OK         16.850 ms
[row 390] s3 idx  90  OK         16.960 ms
[row 391] s3 idx  91  OK         16.872 ms
[row 392] s3 idx  92  OK         17.038 ms
[row 393] s3 idx  93  OK         16.832 ms
[row 394] s3 idx  94  OK         16.922 ms
[row 395] s3 idx  95  OK         16.915 ms
[row 396] s3 idx  96  OK         16.942 ms
[row 397] s3 idx  97  OK         16.906 ms
[row 398] s3 idx  98  OK         16.935 ms
[row 399] s3 idx  99  OK         16.907 ms
[row 400] s4 idx   0  OK         16.914 ms
[row 401] s4 idx   1  OK         16.970 ms
[row 402] s4 idx   2  OK         16.896 ms
[row 403] s4 idx   3  OK         18.939 ms
[row 404] s4 idx   4  OK         17.873 ms
[row 405] s4 idx   5  OK         14.199 ms
[row 406] s4 idx   6  OK         16.680 ms
[row 407] s4 idx   7  OK         16.856 ms
[row 408] s4 idx   8  OK         16.944 ms
[row 409] s4 idx   9  OK         16.898 ms
[row 410] s4 idx  10  OK         16.973 ms
[row 411] s4 idx  11  OK         16.937 ms
[row 412] s4 idx  12  OK         16.901 ms
[row 413] s4 idx  13  OK         16.861 ms
[row 414] s4 idx  14  OK         16.935 ms
[row 415] s4 idx  15  OK         16.964 ms
[row 416] s4 idx  16  OK         17.039 ms
[row 417] s4 idx  17  OK         16.798 ms
[row 418] s4 idx  18  OK         16.904 ms
[row 419] s4 idx  19  OK         16.874 ms
[row 420] s4 idx  20  OK         16.945 ms
[row 421] s4 idx  21  OK         16.970 ms
[row 422] s4 idx  22  OK         16.907 ms
[row 423] s4 idx  23  OK         16.954 ms
[row 424] s4 idx  24  OK         16.880 ms
[row 425] s4 idx  25  OK         16.955 ms
[row 426] s4 idx  26  OK         16.989 ms
[row 427] s4 idx  27  OK         16.874 ms
[row 428] s4 idx  28  OK         17.035 ms
[row 429] s4 idx  29  OK         16.907 ms
[row 430] s4 idx  30  OK         16.899 ms
[row 431] s4 idx  31  OK         16.975 ms
[row 432] s4 idx  32  OK         16.966 ms
[row 433] s4 idx  33  OK         16.883 ms
[row 434] s4 idx  34  OK         17.033 ms
[row 435] s4 idx  35  OK         16.821 ms
[row 436] s4 idx  36  OK         17.183 ms
[row 437] s4 idx  37  OK         16.855 ms
[row 438] s4 idx  38  OK         17.038 ms
[row 439] s4 idx  39  OK         16.678 ms
[row 440] s4 idx  40  OK         17.012 ms
[row 441] s4 idx  41  OK         16.867 ms
[row 442] s4 idx  42  OK         17.074 ms
[row 443] s4 idx  43  OK         16.799 ms
[row 444] s4 idx  44  OK         16.875 ms
[row 445] s4 idx  45  OK         17.091 ms
[row 446] s4 idx  46  OK         16.706 ms
[row 447] s4 idx  47  OK         16.998 ms
[row 448] s4 idx  48  OK         16.939 ms
[row 449] s4 idx  49  OK         16.920 ms
[row 450] s4 idx  50  OK         17.023 ms
[row 451] s4 idx  51  OK         16.787 ms
[row 452] s4 idx  52  OK         16.945 ms
[row 453] s4 idx  53  OK         17.099 ms
[row 454] s4 idx  54  OK         16.824 ms
[row 455] s4 idx  55  OK         16.993 ms
[row 456] s4 idx  56  OK         16.827 ms
[row 457] s4 idx  57  OK         16.829 ms
[row 458] s4 idx  58  OK         16.967 ms
[row 459] s4 idx  59  OK         16.955 ms
[row 460] s4 idx  60  OK         16.959 ms
[row 461] s4 idx  61  OK         16.965 ms
[row 462] s4 idx  62  OK         16.828 ms
[row 463] s4 idx  63  OK         17.093 ms
[row 464] s4 idx  64  OK         16.807 ms
[row 465] s4 idx  65  OK         16.983 ms
[row 466] s4 idx  66  OK         16.921 ms
[row 467] s4 idx  67  OK         16.873 ms
[row 468] s4 idx  68  OK         17.089 ms
[row 469] s4 idx  69  OK         16.886 ms
[row 470] s4 idx  70  OK         16.845 ms
[row 471] s4 idx  71  OK         16.918 ms
[row 472] s4 idx  72  OK         16.953 ms
[row 473] s4 idx  73  OK         16.940 ms
[row 474] s4 idx  74  OK         17.024 ms
[row 475] s4 idx  75  OK         16.826 ms
[row 476] s4 idx  76  OK         16.930 ms
[row 477] s4 idx  77  OK         16.958 ms
[row 478] s4 idx  78  OK         16.971 ms
[row 479] s4 idx  79  OK         17.034 ms
[row 480] s4 idx  80  OK         16.820 ms
[row 481] s4 idx  81  OK         17.017 ms
[row 482] s4 idx  82  OK         16.888 ms
[row 483] s4 idx  83  OK         17.101 ms
[row 484] s4 idx  84  OK         16.744 ms
[row 485] s4 idx  85  OK         17.077 ms
[row 486] s4 idx  86  OK         17.000 ms
[row 487] s4 idx  87  OK         16.750 ms
[row 488] s4 idx  88  OK         16.960 ms
[row 489] s4 idx  89  OK         16.876 ms
[row 490] s4 idx  90  OK         16.938 ms
[row 491] s4 idx  91  OK         16.919 ms
[row 492] s4 idx  92  OK         17.013 ms
[row 493] s4 idx  93  OK         16.902 ms
[row 494] s4 idx  94  OK         16.896 ms
[row 495] s4 idx  95  OK         16.977 ms
[row 496] s4 idx  96  OK         16.961 ms
[row 497] s4 idx  97  OK         16.918 ms
[row 498] s4 idx  98  OK         17.014 ms
[row 499] s4 idx  99  OK         16.866 ms
[row 500] s5 idx   0  OK         16.843 ms
[row 501] s5 idx   1  OK         17.044 ms
[row 502] s5 idx   2  OK         16.935 ms
[row 503] s5 idx   3  OK         16.818 ms
[row 504] s5 idx   4  OK         16.976 ms
[row 505] s5 idx   5  OK         16.925 ms
[row 506] s5 idx   6  OK         16.992 ms
[row 507] s5 idx   7  OK         16.918 ms
[row 508] s5 idx   8  OK         16.986 ms
[row 509] s5 idx   9  OK         16.889 ms
[row 510] s5 idx  10  OK         16.858 ms
[row 511] s5 idx  11  OK         17.078 ms
[row 512] s5 idx  12  OK         16.925 ms
[row 513] s5 idx  13  OK         16.923 ms
[row 514] s5 idx  14  OK         16.973 ms
[row 515] s5 idx  15  OK         16.797 ms
[row 516] s5 idx  16  OK         16.909 ms
[row 517] s5 idx  17  OK         17.108 ms
[row 518] s5 idx  18  OK         16.813 ms
[row 519] s5 idx  19  OK         16.877 ms
[row 520] s5 idx  20  OK         16.892 ms
[row 521] s5 idx  21  OK         16.939 ms
[row 522] s5 idx  22  OK         16.914 ms
[row 523] s5 idx  23  OK         17.036 ms
[row 524] s5 idx  24  OK         16.867 ms
[row 525] s5 idx  25  OK         16.802 ms
[row 526] s5 idx  26  OK         16.865 ms
[row 527] s5 idx  27  OK         16.933 ms
[row 528] s5 idx  28  OK         16.930 ms
[row 529] s5 idx  29  OK         17.021 ms
[row 530] s5 idx  30  OK         16.871 ms
[row 531] s5 idx  31  OK         16.999 ms
[row 532] s5 idx  32  OK         16.813 ms
[row 533] s5 idx  33  OK         16.935 ms
[row 534] s5 idx  34  OK         16.927 ms
[row 535] s5 idx  35  OK         16.989 ms
[row 536] s5 idx  36  OK         16.886 ms
[row 537] s5 idx  37  OK         16.905 ms
[row 538] s5 idx  38  OK         17.036 ms
[row 539] s5 idx  39  OK         16.826 ms
[row 540] s5 idx  40  OK         17.003 ms
[row 541] s5 idx  41  OK         16.967 ms
[row 542] s5 idx  42  OK         16.795 ms
[row 543] s5 idx  43  OK         16.942 ms
[row 544] s5 idx  44  OK         16.947 ms
[row 545] s5 idx  45  OK         16.906 ms
[row 546] s5 idx  46  OK         16.980 ms
[row 547] s5 idx  47  OK         16.849 ms
[row 548] s5 idx  48  OK         16.935 ms
[row 549] s5 idx  49  OK         16.935 ms
[row 550] s5 idx  50  OK         17.059 ms
[row 551] s5 idx  51  OK         16.770 ms
[row 552] s5 idx  52  OK         16.902 ms
[row 553] s5 idx  53  OK         16.911 ms
[row 554] s5 idx  54  OK         16.955 ms
[row 555] s5 idx  55  OK         17.041 ms
[row 556] s5 idx  56  OK         16.912 ms
[row 557] s5 idx  57  OK         16.901 ms
[row 558] s5 idx  58  OK         16.831 ms
[row 559] s5 idx  59  OK         16.942 ms
[row 560] s5 idx  60  OK         16.961 ms
[row 561] s5 idx  61  OK         16.902 ms
[row 562] s5 idx  62  OK         17.100 ms
[row 563] s5 idx  63  OK         16.839 ms
[row 564] s5 idx  64  OK         16.900 ms
[row 565] s5 idx  65  OK         16.952 ms
[row 566] s5 idx  66  OK         16.835 ms
[row 567] s5 idx  67  OK         16.934 ms
[row 568] s5 idx  68  OK         16.912 ms
[row 569] s5 idx  69  OK         16.893 ms
[row 570] s5 idx  70  OK         16.928 ms
[row 571] s5 idx  71  OK         17.052 ms
[row 572] s5 idx  72  OK         16.852 ms
[row 573] s5 idx  73  OK         17.031 ms
[row 574] s5 idx  74  OK         16.765 ms
[row 575] s5 idx  75  OK         17.046 ms
[row 576] s5 idx  76  OK         16.910 ms
[row 577] s5 idx  77  OK         16.804 ms
[row 578] s5 idx  78  OK         16.988 ms
[row 579] s5 idx  79  OK         16.937 ms
[row 580] s5 idx  80  OK         16.897 ms
[row 581] s5 idx  81  OK         17.086 ms
[row 582] s5 idx  82  OK         16.893 ms
[row 583] s5 idx  83  OK         17.000 ms
[row 584] s5 idx  84  OK         16.899 ms
[row 585] s5 idx  85  OK         16.888 ms
[row 586] s5 idx  86  OK         17.023 ms
[row 587] s5 idx  87  OK         16.729 ms
[row 588] s5 idx  88  OK         16.929 ms
[row 589] s5 idx  89  OK         16.929 ms
[row 590] s5 idx  90  OK         16.904 ms
[row 591] s5 idx  91  OK         16.991 ms
[row 592] s5 idx  92  OK         16.990 ms
[row 593] s5 idx  93  OK         16.833 ms
[row 594] s5 idx  94  OK         16.783 ms
[row 595] s5 idx  95  OK         16.973 ms
[row 596] s5 idx  96  OK         16.989 ms
[row 597] s5 idx  97  OK         16.832 ms
[row 598] s5 idx  98  OK         16.896 ms
[row 599] s5 idx  99  OK         16.909 ms
[row 600] s6 idx   0  OK         17.016 ms
[row 601] s6 idx   1  OK         16.832 ms
[row 602] s6 idx   2  OK         16.889 ms
[row 603] s6 idx   3  OK         16.965 ms
[row 604] s6 idx   4  OK         16.994 ms
[row 605] s6 idx   5  OK         16.977 ms
[row 606] s6 idx   6  OK         16.861 ms
[row 607] s6 idx   7  OK         17.060 ms
[row 608] s6 idx   8  OK         16.874 ms
[row 609] s6 idx   9  OK         16.981 ms
[row 610] s6 idx  10  OK         16.883 ms
[row 611] s6 idx  11  OK         16.835 ms
[row 612] s6 idx  12  OK         16.930 ms
[row 613] s6 idx  13  OK         16.880 ms
[row 614] s6 idx  14  OK         17.010 ms
[row 615] s6 idx  15  OK         17.072 ms
[row 616] s6 idx  16  OK         16.775 ms
[row 617] s6 idx  17  OK         16.853 ms
[row 618] s6 idx  18  OK         16.964 ms
[row 619] s6 idx  19  OK         16.957 ms
[row 620] s6 idx  20  OK         17.030 ms
[row 621] s6 idx  21  OK         16.824 ms
[row 622] s6 idx  22  OK         16.852 ms
[row 623] s6 idx  23  OK         16.898 ms
[row 624] s6 idx  24  OK         16.935 ms
[row 625] s6 idx  25  OK         16.924 ms
[row 626] s6 idx  26  OK         17.014 ms
[row 627] s6 idx  27  OK         16.898 ms
[row 628] s6 idx  28  OK         16.851 ms
[row 629] s6 idx  29  OK         16.922 ms
[row 630] s6 idx  30  OK         16.922 ms
[row 631] s6 idx  31  OK         16.918 ms
[row 632] s6 idx  32  OK         16.909 ms
[row 633] s6 idx  33  OK         16.956 ms
[row 634] s6 idx  34  OK         16.872 ms
[row 635] s6 idx  35  OK         17.028 ms
[row 636] s6 idx  36  OK         16.927 ms
[row 637] s6 idx  37  OK         16.860 ms
[row 638] s6 idx  38  OK         16.916 ms
[row 639] s6 idx  39  OK         16.899 ms
[row 640] s6 idx  40  OK         16.939 ms
[row 641] s6 idx  41  OK         17.049 ms
[row 642] s6 idx  42  OK         16.882 ms
[row 643] s6 idx  43  OK         16.795 ms
[row 644] s6 idx  44  OK         17.024 ms
[row 645] s6 idx  45  OK         16.825 ms
[row 646] s6 idx  46  OK         17.007 ms
[row 647] s6 idx  47  OK         16.933 ms
[row 648] s6 idx  48  OK         16.785 ms
[row 649] s6 idx  49  OK         16.875 ms
[row 650] s6 idx  50  OK         17.041 ms
[row 651] s6 idx  51  OK         17.096 ms
[row 652] s6 idx  52  OK         16.734 ms
[row 653] s6 idx  53  OK         16.984 ms
[row 654] s6 idx  54  OK         16.819 ms
[row 655] s6 idx  55  OK         16.991 ms
[row 656] s6 idx  56  OK         16.915 ms
[row 657] s6 idx  57  OK         17.030 ms
[row 658] s6 idx  58  OK         16.806 ms
[row 659] s6 idx  59  OK         17.007 ms
[row 660] s6 idx  60  OK         16.865 ms
[row 661] s6 idx  61  OK         16.888 ms
[row 662] s6 idx  62  OK         17.075 ms
[row 663] s6 idx  63  OK         16.876 ms
[row 664] s6 idx  64  OK         16.894 ms
[row 665] s6 idx  65  OK         16.803 ms
[row 666] s6 idx  66  OK         17.022 ms
[row 667] s6 idx  67  OK         16.921 ms
[row 668] s6 idx  68  OK         16.977 ms
[row 669] s6 idx  69  OK         16.903 ms
[row 670] s6 idx  70  OK         16.947 ms
[row 671] s6 idx  71  OK         16.997 ms
[row 672] s6 idx  72  OK         16.867 ms
[row 673] s6 idx  73  OK         16.843 ms
[row 674] s6 idx  74  OK         16.987 ms
[row 675] s6 idx  75  OK         16.949 ms
[row 676] s6 idx  76  OK         16.899 ms
[row 677] s6 idx  77  OK         16.962 ms
[row 678] s6 idx  78  OK         16.996 ms
[row 679] s6 idx  79  OK         16.743 ms
[row 680] s6 idx  80  OK         16.921 ms
[row 681] s6 idx  81  OK         16.928 ms
[row 682] s6 idx  82  OK         16.914 ms
[row 683] s6 idx  83  OK         16.946 ms
[row 684] s6 idx  84  OK         16.871 ms
[row 685] s6 idx  85  OK         16.904 ms
[row 686] s6 idx  86  OK         16.994 ms
[row 687] s6 idx  87  OK         16.913 ms
[row 688] s6 idx  88  OK         16.940 ms
[row 689] s6 idx  89  OK         16.831 ms
[row 690] s6 idx  90  OK         16.872 ms
[row 691] s6 idx  91  OK         16.944 ms
[row 692] s6 idx  92  OK         16.910 ms
[row 693] s6 idx  93  OK         16.994 ms
[row 694] s6 idx  94  OK         16.848 ms
[row 695] s6 idx  95  OK         16.880 ms
[row 696] s6 idx  96  OK         16.991 ms
[row 697] s6 idx  97  OK         16.922 ms
[row 698] s6 idx  98  OK         16.945 ms
[row 699] s6 idx  99  OK         16.967 ms
[row 700] s7 idx   0  OK         16.874 ms
[row 701] s7 idx   1  OK         16.923 ms
[row 702] s7 idx   2  OK         16.877 ms
[row 703] s7 idx   3  OK         16.941 ms
[row 704] s7 idx   4  OK         17.064 ms
[row 705] s7 idx   5  OK         16.792 ms
[row 706] s7 idx   6  OK         16.976 ms
[row 707] s7 idx   7  OK         16.818 ms
[row 708] s7 idx   8  OK         16.953 ms
[row 709] s7 idx   9  OK         17.098 ms
[row 710] s7 idx  10  OK         16.812 ms
[row 711] s7 idx  11  OK         16.902 ms
[row 712] s7 idx  12  OK         17.624 ms
[row 713] s7 idx  13  OK         16.181 ms
[row 714] s7 idx  14  OK         16.908 ms
[row 715] s7 idx  15  OK         16.909 ms
[row 716] s7 idx  16  OK         17.019 ms
[row 717] s7 idx  17  OK         16.784 ms
[row 718] s7 idx  18  OK         16.928 ms
[row 719] s7 idx  19  OK         16.967 ms
[row 720] s7 idx  20  OK         16.948 ms
[row 721] s7 idx  21  OK         16.904 ms
[row 722] s7 idx  22  OK         16.892 ms
[row 723] s7 idx  23  OK         16.954 ms
[row 724] s7 idx  24  OK         16.902 ms
[row 725] s7 idx  25  OK         16.915 ms
[row 726] s7 idx  26  OK         16.933 ms
[row 727] s7 idx  27  OK         16.882 ms
[row 728] s7 idx  28  OK         16.935 ms
[row 729] s7 idx  29  OK         16.904 ms
[row 730] s7 idx  30  OK         16.920 ms
[row 731] s7 idx  31  OK         16.917 ms
[row 732] s7 idx  32  OK         17.069 ms
[row 733] s7 idx  33  OK         16.770 ms
[row 734] s7 idx  34  OK         17.036 ms
[row 735] s7 idx  35  OK         16.794 ms
[row 736] s7 idx  36  OK         17.054 ms
[row 737] s7 idx  37  OK         16.816 ms
[row 738] s7 idx  38  OK         16.944 ms
[row 739] s7 idx  39  OK         16.897 ms
[row 740] s7 idx  40  OK         16.893 ms
[row 741] s7 idx  41  OK         16.932 ms
[row 742] s7 idx  42  OK         16.944 ms
[row 743] s7 idx  43  OK         16.142 ms
[row 744] s7 idx  44  OK         16.918 ms
[row 745] s7 idx  45  OK         16.923 ms
[row 746] s7 idx  46  OK         17.048 ms
[row 747] s7 idx  47  OK         16.857 ms
[row 748] s7 idx  48  OK         16.899 ms
[row 749] s7 idx  49  OK         16.914 ms
[row 750] s7 idx  50  OK         16.941 ms
[row 751] s7 idx  51  OK         16.986 ms
[row 752] s7 idx  52  OK         16.849 ms
[row 753] s7 idx  53  OK         16.945 ms
[row 754] s7 idx  54  OK         16.882 ms
[row 755] s7 idx  55  OK         16.941 ms
[row 756] s7 idx  56  OK         16.901 ms
[row 757] s7 idx  57  OK         16.906 ms
[row 758] s7 idx  58  OK         16.961 ms
[row 759] s7 idx  59  OK         16.993 ms
[row 760] s7 idx  60  OK         16.916 ms
[row 761] s7 idx  61  OK         16.770 ms
[row 762] s7 idx  62  OK         16.953 ms
[row 763] s7 idx  63  OK         16.954 ms
[row 764] s7 idx  64  OK         16.882 ms
[row 765] s7 idx  65  OK         16.999 ms
[row 766] s7 idx  66  OK         16.916 ms
[row 767] s7 idx  67  OK         16.857 ms
[row 768] s7 idx  68  OK         16.962 ms
[row 769] s7 idx  69  OK         17.035 ms
[row 770] s7 idx  70  OK         16.819 ms
[row 771] s7 idx  71  OK         16.988 ms
[row 772] s7 idx  72  OK         16.859 ms
[row 773] s7 idx  73  OK         16.914 ms
[row 774] s7 idx  74  OK         16.901 ms
[row 775] s7 idx  75  OK         16.960 ms
[row 776] s7 idx  76  OK         16.910 ms
[row 777] s7 idx  77  OK         16.887 ms
[row 778] s7 idx  78  OK         17.043 ms
[row 779] s7 idx  79  OK         16.834 ms
[row 780] s7 idx  80  OK         17.012 ms
[row 781] s7 idx  81  OK         16.862 ms
[row 782] s7 idx  82  OK         17.065 ms
[row 783] s7 idx  83  OK         16.791 ms
[row 784] s7 idx  84  OK         17.026 ms
[row 785] s7 idx  85  OK         16.861 ms
[row 786] s7 idx  86  OK         16.927 ms
[row 787] s7 idx  87  OK         16.879 ms
[row 788] s7 idx  88  OK         17.055 ms
[row 789] s7 idx  89  OK         16.865 ms
[row 790] s7 idx  90  OK         16.967 ms
[row 791] s7 idx  91  OK         16.901 ms
[row 792] s7 idx  92  OK         16.884 ms
[row 793] s7 idx  93  OK         16.961 ms
[row 794] s7 idx  94  OK         16.922 ms
[row 795] s7 idx  95  OK         16.956 ms
[row 796] s7 idx  96  OK         16.926 ms
[row 797] s7 idx  97  OK         16.913 ms
[row 798] s7 idx  98  OK         16.908 ms
[row 799] s7 idx  99  OK         16.964 ms
[row 800] s8 idx   0  OK         16.897 ms
[row 801] s8 idx   1  OK         16.913 ms
[row 802] s8 idx   2  OK         16.991 ms
[row 803] s8 idx   3  OK         16.817 ms
[row 804] s8 idx   4  OK         16.984 ms
[row 805] s8 idx   5  OK         16.922 ms
[row 806] s8 idx   6  OK         16.916 ms
[row 807] s8 idx   7  OK         16.925 ms
[row 808] s8 idx   8  OK         16.924 ms
[row 809] s8 idx   9  OK         16.945 ms
[row 810] s8 idx  10  OK         16.967 ms
[row 811] s8 idx  11  OK         16.981 ms
[row 812] s8 idx  12  OK         16.847 ms
[row 813] s8 idx  13  OK         16.905 ms
[row 814] s8 idx  14  OK         16.946 ms
[row 815] s8 idx  15  OK         16.915 ms
[row 816] s8 idx  16  OK         16.885 ms
[row 817] s8 idx  17  OK         16.943 ms
[row 818] s8 idx  18  OK         16.921 ms
[row 819] s8 idx  19  OK         16.886 ms
[row 820] s8 idx  20  OK         16.983 ms
[row 821] s8 idx  21  OK         17.026 ms
[row 822] s8 idx  22  OK         16.809 ms
[row 823] s8 idx  23  OK         16.946 ms
[row 824] s8 idx  24  OK         16.860 ms
[row 825] s8 idx  25  OK         17.260 ms
[row 826] s8 idx  26  OK         16.648 ms
[row 827] s8 idx  27  OK         16.896 ms
[row 828] s8 idx  28  OK         16.927 ms
[row 829] s8 idx  29  OK         16.899 ms
[row 830] s8 idx  30  OK         16.886 ms
[row 831] s8 idx  31  OK         16.998 ms
[row 832] s8 idx  32  OK         16.893 ms
[row 833] s8 idx  33  OK         16.875 ms
[row 834] s8 idx  34  OK         17.042 ms
[row 835] s8 idx  35  OK         16.809 ms
[row 836] s8 idx  36  OK         16.910 ms
[row 837] s8 idx  37  OK         16.945 ms
[row 838] s8 idx  38  OK         16.933 ms
[row 839] s8 idx  39  OK         16.963 ms
[row 840] s8 idx  40  OK         16.879 ms
[row 841] s8 idx  41  OK         16.937 ms
[row 842] s8 idx  42  OK         16.966 ms
[row 843] s8 idx  43  OK         16.910 ms
[row 844] s8 idx  44  OK         16.996 ms
[row 845] s8 idx  45  OK         16.971 ms
[row 846] s8 idx  46  OK         16.793 ms
[row 847] s8 idx  47  OK         16.958 ms
[row 848] s8 idx  48  OK         16.903 ms
[row 849] s8 idx  49  OK         16.901 ms
[row 850] s8 idx  50  OK         16.894 ms
[row 851] s8 idx  51  OK         16.915 ms
[row 852] s8 idx  52  OK         16.891 ms
[row 853] s8 idx  53  OK         16.908 ms
[row 854] s8 idx  54  OK         16.906 ms
[row 855] s8 idx  55  OK         16.935 ms
[row 856] s8 idx  56  OK         16.861 ms
[row 857] s8 idx  57  OK         16.916 ms
[row 858] s8 idx  58  OK         16.922 ms
[row 859] s8 idx  59  OK         16.958 ms
[row 860] s8 idx  60  OK         16.850 ms
[row 861] s8 idx  61  OK         16.998 ms
[row 862] s8 idx  62  OK         16.908 ms
[row 863] s8 idx  63  OK         16.899 ms
[row 864] s8 idx  64  OK         16.921 ms
[row 865] s8 idx  65  OK         16.965 ms
[row 866] s8 idx  66  OK         16.848 ms
[row 867] s8 idx  67  OK         16.847 ms
[row 868] s8 idx  68  OK         17.003 ms
[row 869] s8 idx  69  OK         16.893 ms
[row 870] s8 idx  70  OK         16.932 ms
[row 871] s8 idx  71  OK         16.923 ms
[row 872] s8 idx  72  OK         16.956 ms
[row 873] s8 idx  73  OK         16.796 ms
[row 874] s8 idx  74  OK         16.908 ms
[row 875] s8 idx  75  OK         16.985 ms
[row 876] s8 idx  76  OK         16.937 ms
[row 877] s8 idx  77  OK         16.771 ms
[row 878] s8 idx  78  OK         16.934 ms
[row 879] s8 idx  79  OK         16.910 ms
[row 880] s8 idx  80  OK         16.958 ms
[row 881] s8 idx  81  OK         16.909 ms
[row 882] s8 idx  82  OK         16.847 ms
[row 883] s8 idx  83  OK         16.935 ms
[row 884] s8 idx  84  OK         16.829 ms
[row 885] s8 idx  85  OK         16.994 ms
[row 886] s8 idx  86  OK         17.047 ms
[row 887] s8 idx  87  OK         16.752 ms
[row 888] s8 idx  88  OK         16.921 ms
[row 889] s8 idx  89  OK         16.908 ms
[row 890] s8 idx  90  OK         17.013 ms
[row 891] s8 idx  91  OK         16.873 ms
[row 892] s8 idx  92  OK         16.867 ms
[row 893] s8 idx  93  OK         16.963 ms
[row 894] s8 idx  94  OK         17.056 ms
[row 895] s8 idx  95  OK         16.781 ms
[row 896] s8 idx  96  OK         16.931 ms
[row 897] s8 idx  97  OK         16.901 ms
[row 898] s8 idx  98  OK         17.005 ms
[row 899] s8 idx  99  OK         16.908 ms
[row 900] s8 idx 100  OK         16.947 ms
[row 901] s8 idx 101  OK         16.939 ms
[row 902] s8 idx 102  OK         16.914 ms
[row 903] s8 idx 103  OK         16.867 ms
[row 904] s8 idx 104  OK         17.040 ms
[row 905] s8 idx 105  OK         16.741 ms
[row 906] s8 idx 106  OK         16.992 ms
[row 907] s8 idx 107  OK         16.974 ms
[row 908] s8 idx 108  OK         16.930 ms
[row 909] s8 idx 109  OK         16.950 ms
[row 910] s8 idx 110  OK         16.856 ms
[row 911] s8 idx 111  OK         16.917 ms
[row 912] s9 idx   0  OK         16.888 ms
[row 913] s9 idx   1  OK         16.934 ms
[row 914] s9 idx   2  OK         16.936 ms
[row 915] s9 idx   3  OK         16.906 ms
[row 916] s9 idx   4  OK         16.957 ms
[row 917] s9 idx   5  OK         16.945 ms
[row 918] s9 idx   6  OK         16.899 ms
[row 919] s9 idx   7  OK         16.907 ms
[row 920] s9 idx   8  OK         16.900 ms
[row 921] s9 idx   9  OK         17.033 ms
[row 922] s9 idx  10  OK         16.944 ms
[row 923] s9 idx  11  OK         16.963 ms
[row 924] s9 idx  12  OK         16.854 ms
[row 925] s9 idx  13  OK         16.970 ms
[row 926] s9 idx  14  OK         16.863 ms
[row 927] s9 idx  15  OK         16.911 ms
[row 928] s9 idx  16  OK         16.948 ms
[row 929] s9 idx  17  OK         16.919 ms
[row 930] s9 idx  18  OK         16.940 ms
[row 931] s9 idx  19  OK         16.937 ms
[row 932] s9 idx  20  OK         16.903 ms
[row 933] s9 idx  21  OK         16.972 ms
[row 934] s9 idx  22  OK         16.929 ms
[row 935] s9 idx  23  OK         16.909 ms
[row 936] s9 idx  24  OK         16.899 ms
[row 937] s9 idx  25  OK         16.952 ms
[row 938] s9 idx  26  OK         16.913 ms
[row 939] s9 idx  27  OK         16.939 ms
[row 940] s9 idx  28  OK         16.913 ms
[row 941] s9 idx  29  OK         16.901 ms
[row 942] s9 idx  30  OK         16.985 ms
[row 943] s9 idx  31  OK         16.926 ms
[row 944] s9 idx  32  OK         16.933 ms
[row 945] s9 idx  33  OK         16.877 ms
[row 946] s9 idx  34  OK         17.030 ms
[row 947] s9 idx  35  OK         16.891 ms
[row 948] s9 idx  36  OK         16.907 ms
[row 949] s9 idx  37  OK         16.909 ms
[row 950] s9 idx  38  OK         16.949 ms
[row 951] s9 idx  39  OK         17.006 ms
[row 952] s9 idx  40  OK         16.854 ms
[row 953] s9 idx  41  OK         16.853 ms
[row 954] s9 idx  42  OK         16.967 ms
[row 955] s9 idx  43  OK         16.945 ms
[row 956] s9 idx  44  OK         16.909 ms
[row 957] s9 idx  45  OK         16.896 ms
[row 958] s9 idx  46  OK         16.901 ms
[row 959] s9 idx  47  OK         16.908 ms
[row 960] s9 idx  48  OK         16.925 ms
[row 961] s9 idx  49  OK         16.924 ms
[row 962] s9 idx  50  OK         16.986 ms
[row 963] s9 idx  51  OK         17.027 ms
[row 964] s9 idx  52  OK         16.877 ms
[row 965] s9 idx  53  OK         16.763 ms
[row 966] s9 idx  54  OK         17.066 ms
[row 967] s9 idx  55  OK         16.893 ms
[row 968] s9 idx  56  OK         17.071 ms
[row 969] s9 idx  57  OK         16.887 ms
[row 970] s9 idx  58  OK         16.840 ms
[row 971] s9 idx  59  OK         16.850 ms
[row 972] s9 idx  60  OK         16.941 ms
[row 973] s9 idx  61  OK         17.026 ms
[row 974] s9 idx  62  OK         16.810 ms
[row 975] s9 idx  63  OK         16.881 ms
[row 976] s9 idx  64  OK         16.909 ms
[row 977] s9 idx  65  OK         16.950 ms
[row 978] s9 idx  66  OK         16.867 ms
[row 979] s9 idx  67  OK         16.917 ms
[row 980] s9 idx  68  OK         16.923 ms
[row 981] s9 idx  69  OK         16.986 ms
[row 982] s9 idx  70  OK         16.917 ms
[row 983] s9 idx  71  OK         16.888 ms
[row 984] s9 idx  72  OK         16.825 ms
[row 985] s9 idx  73  OK         16.892 ms
[row 986] s9 idx  74  OK         16.903 ms
[row 987] s9 idx  75  OK         16.986 ms
[row 988] s9 idx  76  OK         17.061 ms
[row 989] s9 idx  77  OK         16.746 ms
[row 990] s9 idx  78  OK         17.070 ms
[row 991] s9 idx  79  OK         16.830 ms
[row 992] s9 idx  80  OK         17.012 ms
[row 993] s9 idx  81  OK         16.786 ms
[row 994] s9 idx  82  OK         16.984 ms
[row 995] s9 idx  83  OK         16.914 ms
[row 996] s9 idx  84  OK         16.865 ms
[row 997] s9 idx  85  OK         16.856 ms
[row 998] s9 idx  86  OK         16.852 ms
[row 999] s9 idx  87  OK         16.870 ms
[row 1000] s9 idx  88  OK         16.927 ms
[row 1001] s9 idx  89  OK         16.890 ms
[row 1002] s9 idx  90  OK         17.339 ms
[row 1003] s9 idx  91  OK         16.445 ms
[row 1004] s9 idx  92  OK         16.986 ms
[row 1005] s9 idx  93  OK         16.904 ms
[row 1006] s9 idx  94  OK         17.041 ms
[row 1007] s9 idx  95  OK         16.823 ms
[row 1008] s9 idx  96  OK         16.933 ms
[row 1009] s9 idx  97  OK         16.923 ms
[row 1010] s9 idx  98  OK         16.911 ms
[row 1011] s9 idx  99  OK         16.930 ms
[row 1012] s9 idx 100  OK         16.932 ms
[row 1013] s9 idx 101  OK         16.951 ms
[row 1014] s9 idx 102  OK         16.881 ms
[row 1015] s9 idx 103  OK         16.946 ms
[row 1016] s9 idx 104  OK         17.007 ms
[row 1017] s9 idx 105  OK         16.869 ms
[row 1018] s9 idx 106  OK         16.933 ms
[row 1019] s9 idx 107  OK         16.940 ms
[row 1020] s9 idx 108  OK         16.972 ms
[row 1021] s9 idx 109  OK         16.968 ms
[row 1022] s9 idx 110  OK         16.940 ms
[row 1023] s9 idx 111  OK         16.820 ms
[row 1024] s10 idx   0  OK         16.934 ms
[row 1025] s10 idx   1  OK         16.906 ms
[row 1026] s10 idx   2  OK         17.023 ms
[row 1027] s10 idx   3  OK         16.815 ms
[row 1028] s10 idx   4  OK         17.070 ms
[row 1029] s10 idx   5  OK         16.783 ms
[row 1030] s10 idx   6  OK         16.881 ms
[row 1031] s10 idx   7  OK         16.938 ms
[row 1032] s10 idx   8  OK         16.919 ms
[row 1033] s10 idx   9  OK         16.943 ms
[row 1034] s10 idx  10  OK         17.016 ms
[row 1035] s10 idx  11  OK         16.802 ms
[row 1036] s10 idx  12  OK         16.952 ms
[row 1037] s10 idx  13  OK         16.943 ms
[row 1038] s10 idx  14  OK         17.079 ms
[row 1039] s10 idx  15  OK         16.819 ms
[row 1040] s10 idx  16  OK         17.051 ms
[row 1041] s10 idx  17  OK         16.902 ms
[row 1042] s10 idx  18  OK         16.945 ms
[row 1043] s10 idx  19  OK         16.778 ms
[row 1044] s10 idx  20  OK         16.991 ms
[row 1045] s10 idx  21  OK         16.928 ms
[row 1046] s10 idx  22  OK         17.027 ms
[row 1047] s10 idx  23  OK         16.705 ms
[row 1048] s10 idx  24  OK         16.949 ms
[row 1049] s10 idx  25  OK         16.934 ms
[row 1050] s10 idx  26  OK         17.020 ms
[row 1051] s10 idx  27  OK         16.847 ms
[row 1052] s10 idx  28  OK         16.893 ms
[row 1053] s10 idx  29  OK         16.983 ms
[row 1054] s10 idx  30  OK         17.009 ms
[row 1055] s10 idx  31  OK         16.729 ms
[row 1056] s10 idx  32  OK         16.953 ms
[row 1057] s10 idx  33  OK         16.924 ms
[row 1058] s10 idx  34  OK         16.987 ms
[row 1059] s10 idx  35  OK         16.878 ms
[row 1060] s10 idx  36  OK         16.960 ms
[row 1061] s10 idx  37  OK         17.087 ms
[row 1062] s10 idx  38  OK         16.847 ms
[row 1063] s10 idx  39  OK         16.888 ms
[row 1064] s10 idx  40  OK         16.943 ms
[row 1065] s10 idx  41  OK         16.838 ms
[row 1066] s10 idx  42  OK         16.921 ms
[row 1067] s10 idx  43  OK         16.866 ms
[row 1068] s10 idx  44  OK         16.991 ms
[row 1069] s10 idx  45  OK         16.963 ms
[row 1070] s10 idx  46  OK         16.914 ms
[row 1071] s10 idx  47  OK         16.867 ms
[row 1072] s10 idx  48  OK         17.047 ms
[row 1073] s10 idx  49  OK         16.916 ms
[row 1074] s10 idx  50  OK         16.879 ms
[row 1075] s10 idx  51  OK         17.127 ms
[row 1076] s10 idx  52  OK         16.711 ms
[row 1077] s10 idx  53  OK         17.074 ms
[row 1078] s10 idx  54  OK         16.790 ms
[row 1079] s10 idx  55  OK         17.010 ms
[row 1080] s10 idx  56  OK         16.858 ms
[row 1081] s10 idx  57  OK         16.908 ms
[row 1082] s10 idx  58  OK         16.828 ms
[row 1083] s10 idx  59  OK         16.919 ms
[row 1084] s10 idx  60  OK         17.040 ms
[row 1085] s10 idx  61  OK         16.800 ms
[row 1086] s10 idx  62  OK         16.908 ms
[row 1087] s10 idx  63  OK         16.894 ms
[row 1088] s10 idx  64  OK         16.926 ms
[row 1089] s10 idx  65  OK         17.014 ms
[row 1090] s10 idx  66  OK         16.853 ms
[row 1091] s10 idx  67  OK         16.847 ms
[row 1092] s10 idx  68  OK         16.957 ms
[row 1093] s10 idx  69  OK         17.056 ms
[row 1094] s10 idx  70  OK         16.744 ms
[row 1095] s10 idx  71  OK         16.942 ms
[row 1096] s10 idx  72  OK         16.907 ms
[row 1097] s10 idx  73  OK         16.960 ms
[row 1098] s10 idx  74  OK         16.899 ms
[row 1099] s10 idx  75  OK         16.908 ms
[row 1100] s10 idx  76  OK         16.977 ms
[row 1101] s10 idx  77  OK         17.016 ms
[row 1102] s10 idx  78  OK         16.920 ms
[row 1103] s10 idx  79  OK         16.856 ms
[row 1104] s10 idx  80  OK         17.080 ms
[row 1105] s10 idx  81  OK         16.785 ms
[row 1106] s10 idx  82  OK         17.021 ms
[row 1107] s10 idx  83  OK         16.894 ms
[row 1108] s10 idx  84  OK         16.848 ms
[row 1109] s10 idx  85  OK         16.970 ms
[row 1110] s10 idx  86  OK         17.134 ms
[row 1111] s10 idx  87  OK         16.662 ms
[row 1112] s10 idx  88  OK         17.028 ms
[row 1113] s10 idx  89  OK         16.813 ms
[row 1114] s10 idx  90  OK         17.123 ms
[row 1115] s10 idx  91  OK         16.748 ms
[row 1116] s10 idx  92  OK         16.941 ms
[row 1117] s10 idx  93  OK         17.027 ms
[row 1118] s10 idx  94  OK         16.790 ms
[row 1119] s10 idx  95  OK         16.971 ms
[row 1120] s10 idx  96  OK         16.931 ms
[row 1121] s10 idx  97  OK         16.841 ms
[row 1122] s10 idx  98  OK         17.023 ms
[row 1123] s10 idx  99  OK         16.909 ms
[row 1124] s10 idx 100  OK         16.869 ms
[row 1125] s10 idx 101  OK         16.967 ms
[row 1126] s10 idx 102  OK         16.897 ms
[row 1127] s10 idx 103  OK         16.924 ms
[row 1128] s10 idx 104  OK         16.916 ms
[row 1129] s10 idx 105  OK         16.936 ms
[row 1130] s10 idx 106  OK         16.995 ms
[row 1131] s10 idx 107  OK         16.959 ms
[row 1132] s10 idx 108  OK         16.970 ms
[row 1133] s10 idx 109  OK         16.812 ms
[row 1134] s10 idx 110  OK         16.971 ms
[row 1135] s10 idx 111  OK         16.829 ms
[row 1136] s11 idx   0  OK         16.989 ms
[row 1137] s11 idx   1  OK         17.018 ms
[row 1138] s11 idx   2  OK         16.766 ms
[row 1139] s11 idx   3  OK         16.919 ms
[row 1140] s11 idx   4  OK         16.993 ms
[row 1141] s11 idx   5  OK         17.061 ms
[row 1142] s11 idx   6  OK         16.853 ms
[row 1143] s11 idx   7  OK         16.900 ms
[row 1144] s11 idx   8  OK         16.999 ms
[row 1145] s11 idx   9  OK         16.816 ms
[row 1146] s11 idx  10  OK         16.970 ms
[row 1147] s11 idx  11  OK         16.784 ms
[row 1148] s11 idx  12  OK         16.880 ms
[row 1149] s11 idx  13  OK         17.027 ms
[row 1150] s11 idx  14  OK         16.824 ms
[row 1151] s11 idx  15  OK         16.970 ms
[row 1152] s11 idx  16  OK         16.930 ms
[row 1153] s11 idx  17  OK         16.944 ms
[row 1154] s11 idx  18  OK         16.958 ms
[row 1155] s11 idx  19  OK         16.867 ms
[row 1156] s11 idx  20  OK         16.810 ms
[row 1157] s11 idx  21  OK         16.979 ms
[row 1158] s11 idx  22  OK         16.915 ms
[row 1159] s11 idx  23  OK         16.922 ms
[row 1160] s11 idx  24  OK         16.981 ms
[row 1161] s11 idx  25  OK         16.907 ms
[row 1162] s11 idx  26  OK         16.849 ms
[row 1163] s11 idx  27  OK         16.928 ms
[row 1164] s11 idx  28  OK         17.000 ms
[row 1165] s11 idx  29  OK         16.899 ms
[row 1166] s11 idx  30  OK         17.038 ms
[row 1167] s11 idx  31  OK         16.765 ms
[row 1168] s11 idx  32  OK         16.962 ms
[row 1169] s11 idx  33  OK         16.969 ms
[row 1170] s11 idx  34  OK         16.820 ms
[row 1171] s11 idx  35  OK         16.981 ms
[row 1172] s11 idx  36  OK         16.902 ms
[row 1173] s11 idx  37  OK         16.904 ms
[row 1174] s11 idx  38  OK         16.933 ms
[row 1175] s11 idx  39  OK         16.958 ms
[row 1176] s11 idx  40  OK         16.862 ms
[row 1177] s11 idx  41  OK         16.929 ms
[row 1178] s11 idx  42  OK         16.901 ms
[row 1179] s11 idx  43  OK         16.962 ms
[row 1180] s11 idx  44  OK         16.864 ms
[row 1181] s11 idx  45  OK         17.003 ms
[row 1182] s11 idx  46  OK         16.874 ms
[row 1183] s11 idx  47  OK         16.965 ms
[row 1184] s11 idx  48  OK         16.922 ms
[row 1185] s11 idx  49  OK         16.971 ms
[row 1186] s11 idx  50  OK         16.854 ms
[row 1187] s11 idx  51  OK         16.875 ms
[row 1188] s11 idx  52  OK         17.093 ms
[row 1189] s11 idx  53  OK         16.617 ms
[row 1190] s11 idx  54  OK         16.909 ms
[row 1191] s11 idx  55  OK         16.915 ms
[row 1192] s11 idx  56  OK         16.993 ms
[row 1193] s11 idx  57  OK         16.915 ms
[row 1194] s11 idx  58  OK         16.900 ms
[row 1195] s11 idx  59  OK         17.022 ms
[row 1196] s11 idx  60  OK         16.854 ms
[row 1197] s11 idx  61  OK         16.909 ms
[row 1198] s11 idx  62  OK         17.006 ms
[row 1199] s11 idx  63  OK         16.914 ms
[row 1200] s11 idx  64  OK         16.846 ms
[row 1201] s11 idx  65  OK         16.939 ms
[row 1202] s11 idx  66  OK         16.901 ms
[row 1203] s11 idx  67  OK         17.039 ms
[row 1204] s11 idx  68  OK         16.965 ms
[row 1205] s11 idx  69  OK         16.836 ms
[row 1206] s11 idx  70  OK         17.057 ms
[row 1207] s11 idx  71  OK         16.888 ms
[row 1208] s11 idx  72  OK         17.018 ms
[row 1209] s11 idx  73  OK         16.734 ms
[row 1210] s11 idx  74  OK         16.926 ms
[row 1211] s11 idx  75  OK         17.002 ms
[row 1212] s11 idx  76  OK         16.888 ms
[row 1213] s11 idx  77  OK         16.872 ms
[row 1214] s11 idx  78  OK         16.935 ms
[row 1215] s11 idx  79  OK         16.948 ms
[row 1216] s11 idx  80  OK         16.935 ms
[row 1217] s11 idx  81  OK         17.053 ms
[row 1218] s11 idx  82  OK         16.810 ms
[row 1219] s11 idx  83  OK         16.915 ms
[row 1220] s11 idx  84  OK         16.906 ms
[row 1221] s11 idx  85  OK         16.904 ms
[row 1222] s11 idx  86  OK         16.902 ms
[row 1223] s11 idx  87  OK         16.969 ms
[row 1224] s11 idx  88  OK         16.964 ms
[row 1225] s11 idx  89  OK         16.783 ms
[row 1226] s11 idx  90  OK         16.902 ms
[row 1227] s11 idx  91  OK         16.943 ms
[row 1228] s11 idx  92  OK         16.908 ms
[row 1229] s11 idx  93  OK         17.005 ms
[row 1230] s11 idx  94  OK         16.962 ms
[row 1231] s11 idx  95  OK         16.777 ms
[row 1232] s11 idx  96  OK         16.996 ms
[row 1233] s11 idx  97  OK         16.855 ms
[row 1234] s11 idx  98  OK         17.005 ms
[row 1235] s11 idx  99  OK         16.846 ms
[row 1236] s11 idx 100  OK         16.879 ms
[row 1237] s11 idx 101  OK         17.097 ms
[row 1238] s11 idx 102  OK         16.793 ms
[row 1239] s11 idx 103  OK         16.881 ms
[row 1240] s11 idx 104  OK         16.900 ms
[row 1241] s11 idx 105  OK         16.948 ms
[row 1242] s11 idx 106  OK         16.923 ms
[row 1243] s11 idx 107  OK         16.975 ms
[row 1244] s11 idx 108  OK         16.970 ms
[row 1245] s11 idx 109  OK         16.903 ms
[row 1246] s11 idx 110  OK         16.847 ms
[row 1247] s11 idx 111  OK         16.923 ms
[row 1248] s11 idx 112  OK         16.876 ms
[row 1249] s11 idx 113  OK         16.956 ms
[row 1250] s11 idx 114  OK         16.986 ms
[row 1251] s11 idx 115  OK         16.867 ms
[row 1252] s11 idx 116  OK         16.968 ms
[row 1253] s11 idx 117  OK         17.020 ms
[row 1254] s11 idx 118  OK         16.876 ms
[row 1255] s11 idx 119  OK         17.016 ms
[row 1256] s11 idx 120  OK         16.927 ms
[row 1257] s11 idx 121  OK         17.026 ms
[row 1258] s11 idx 122  OK         16.743 ms
[row 1259] s11 idx 123  OK         16.880 ms
[row 1260] s11 idx 124  OK         16.994 ms
[row 1261] s11 idx 125  OK         16.904 ms
[row 1262] s11 idx 126  OK         16.916 ms
[row 1263] s11 idx 127  OK         16.919 ms
[row 1264] s11 idx 128  OK         17.007 ms
[row 1265] s12 idx   0  OK         16.934 ms
[row 1266] s12 idx   1  OK         16.863 ms
[row 1267] s12 idx   2  OK         16.957 ms
[row 1268] s12 idx   3  OK         16.914 ms
[row 1269] s12 idx   4  OK         16.928 ms
[row 1270] s12 idx   5  OK         17.009 ms
[row 1271] s12 idx   6  OK         16.879 ms
[row 1272] s12 idx   7  OK         16.942 ms
[row 1273] s12 idx   8  OK         16.950 ms
[row 1274] s12 idx   9  OK         16.938 ms
[row 1275] s12 idx  10  OK         16.941 ms
[row 1276] s12 idx  11  OK         17.016 ms
[row 1277] s12 idx  12  OK         16.792 ms
[row 1278] s12 idx  13  OK         16.944 ms
[row 1279] s12 idx  14  OK         16.885 ms
[row 1280] s12 idx  15  OK         16.973 ms
[row 1281] s12 idx  16  OK         16.919 ms
[row 1282] s12 idx  17  OK         16.971 ms
[row 1283] s12 idx  18  OK         16.903 ms
[row 1284] s12 idx  19  OK         16.887 ms
[row 1285] s12 idx  20  OK         17.027 ms
[row 1286] s12 idx  21  OK         16.910 ms
[row 1287] s12 idx  22  OK         16.852 ms
[row 1288] s12 idx  23  OK         16.931 ms
[row 1289] s12 idx  24  OK         16.874 ms
[row 1290] s12 idx  25  OK         16.965 ms
[row 1291] s12 idx  26  OK         16.934 ms
[row 1292] s12 idx  27  OK         16.893 ms
[row 1293] s12 idx  28  OK         16.872 ms
[row 1294] s12 idx  29  OK         16.907 ms
[row 1295] s12 idx  30  OK         16.914 ms
[row 1296] s12 idx  31  OK         17.004 ms
[row 1297] s12 idx  32  OK         16.948 ms
[row 1298] s12 idx  33  OK         16.923 ms
[row 1299] s12 idx  34  OK         16.874 ms
[row 1300] s12 idx  35  OK         16.949 ms
[row 1301] s12 idx  36  OK         16.963 ms
[row 1302] s12 idx  37  OK         16.906 ms
[row 1303] s12 idx  38  OK         16.915 ms
[row 1304] s12 idx  39  OK         16.943 ms
[row 1305] s12 idx  40  OK         16.948 ms
[row 1306] s12 idx  41  OK         16.919 ms
[row 1307] s12 idx  42  OK         16.870 ms
[row 1308] s12 idx  43  OK         16.935 ms
[row 1309] s12 idx  44  OK         16.900 ms
[row 1310] s12 idx  45  OK         16.924 ms
[row 1311] s12 idx  46  OK         16.942 ms
[row 1312] s12 idx  47  OK         16.915 ms
[row 1313] s12 idx  48  OK         17.003 ms
[row 1314] s12 idx  49  OK         16.975 ms
[row 1315] s12 idx  50  OK         16.884 ms
[row 1316] s12 idx  51  OK         16.864 ms
[row 1317] s12 idx  52  OK         16.960 ms
[row 1318] s12 idx  53  OK         16.856 ms
[row 1319] s12 idx  54  OK         17.057 ms
[row 1320] s12 idx  55  OK         16.859 ms
[row 1321] s12 idx  56  OK         16.869 ms
[row 1322] s12 idx  57  OK         16.941 ms
[row 1323] s12 idx  58  OK         16.930 ms
[row 1324] s12 idx  59  OK         16.944 ms
[row 1325] s12 idx  60  OK         16.917 ms
[row 1326] s12 idx  61  OK         16.923 ms
[row 1327] s12 idx  62  OK         16.850 ms
[row 1328] s12 idx  63  OK         16.933 ms
[row 1329] s12 idx  64  OK         16.944 ms
[row 1330] s12 idx  65  OK         16.920 ms
[row 1331] s12 idx  66  OK         16.857 ms
[row 1332] s12 idx  67  OK         16.935 ms
[row 1333] s12 idx  68  OK         16.916 ms
[row 1334] s12 idx  69  OK         16.909 ms
[row 1335] s12 idx  70  OK         16.900 ms
[row 1336] s12 idx  71  OK         16.993 ms
[row 1337] s12 idx  72  OK         16.906 ms
[row 1338] s12 idx  73  OK         16.960 ms
[row 1339] s12 idx  74  OK         16.916 ms
[row 1340] s12 idx  75  OK         16.886 ms
[row 1341] s12 idx  76  OK         16.906 ms
[row 1342] s12 idx  77  OK         16.921 ms
[row 1343] s12 idx  78  OK         16.964 ms
[row 1344] s12 idx  79  OK         16.941 ms
[row 1345] s12 idx  80  OK         16.941 ms
[row 1346] s12 idx  81  OK         17.005 ms
[row 1347] s12 idx  82  OK         16.818 ms
[row 1348] s12 idx  83  OK         16.897 ms
[row 1349] s12 idx  84  OK         16.959 ms
[row 1350] s12 idx  85  OK         16.928 ms
[row 1351] s12 idx  86  OK         16.977 ms
[row 1352] s12 idx  87  OK         16.900 ms
[row 1353] s12 idx  88  OK         16.837 ms
[row 1354] s12 idx  89  OK         17.110 ms
[row 1355] s12 idx  90  OK         16.920 ms
[row 1356] s12 idx  91  OK         16.787 ms
[row 1357] s12 idx  92  OK         16.972 ms
[row 1358] s12 idx  93  OK         17.027 ms
[row 1359] s12 idx  94  OK         16.752 ms
[row 1360] s12 idx  95  OK         16.904 ms
[row 1361] s12 idx  96  OK         16.918 ms
[row 1362] s12 idx  97  OK         16.940 ms
[row 1363] s12 idx  98  OK         16.981 ms
[row 1364] s12 idx  99  OK         16.888 ms
[row 1365] s12 idx 100  OK         16.864 ms
[row 1366] s12 idx 101  OK         17.056 ms
[row 1367] s12 idx 102  OK         16.810 ms
[row 1368] s12 idx 103  OK         16.974 ms
[row 1369] s12 idx 104  OK         16.892 ms
[row 1370] s12 idx 105  OK         16.889 ms
[row 1371] s12 idx 106  OK         16.894 ms
[row 1372] s12 idx 107  OK         17.052 ms
[row 1373] s12 idx 108  OK         16.919 ms
[row 1374] s12 idx 109  OK         16.886 ms
[row 1375] s12 idx 110  OK         16.939 ms
[row 1376] s12 idx 111  OK         16.895 ms
[row 1377] s12 idx 112  OK         16.905 ms
[row 1378] s12 idx 113  OK         16.901 ms
[row 1379] s12 idx 114  OK         16.983 ms
[row 1380] s12 idx 115  OK         16.867 ms
[row 1381] s12 idx 116  OK         16.921 ms
[row 1382] s12 idx 117  OK         17.025 ms
[row 1383] s12 idx 118  OK         16.805 ms
[row 1384] s12 idx 119  OK         16.891 ms
[row 1385] s12 idx 120  OK         16.926 ms
[row 1386] s12 idx 121  OK         16.885 ms
[row 1387] s12 idx 122  OK         17.129 ms
[row 1388] s12 idx 123  OK         16.758 ms
[row 1389] s12 idx 124  OK         16.926 ms
[row 1390] s12 idx 125  OK         16.861 ms
[row 1391] s12 idx 126  OK         16.979 ms
[row 1392] s12 idx 127  OK         16.935 ms
[row 1393] s12 idx 128  OK         16.840 ms
[row 1394] s13 idx   0  OK         16.927 ms
[row 1395] s13 idx   1  OK         16.970 ms
[row 1396] s13 idx   2  OK         16.919 ms
[row 1397] s13 idx   3  OK         16.881 ms
[row 1398] s13 idx   4  OK         16.978 ms
[row 1399] s13 idx   5  OK         16.734 ms
[row 1400] s13 idx   6  OK         16.984 ms
[row 1401] s13 idx   7  OK         17.002 ms
[row 1402] s13 idx   8  OK         16.913 ms
[row 1403] s13 idx   9  OK         16.843 ms
[row 1404] s13 idx  10  OK         16.968 ms
[row 1405] s13 idx  11  OK         16.956 ms
[row 1406] s13 idx  12  OK         16.937 ms
[row 1407] s13 idx  13  OK         16.933 ms
[row 1408] s13 idx  14  OK         16.811 ms
[row 1409] s13 idx  15  OK         17.028 ms
[row 1410] s13 idx  16  OK         16.961 ms
[row 1411] s13 idx  17  OK         16.957 ms
[row 1412] s13 idx  18  OK         16.827 ms
[row 1413] s13 idx  19  OK         16.891 ms
[row 1414] s13 idx  20  OK         16.926 ms
[row 1415] s13 idx  21  OK         16.898 ms
[row 1416] s13 idx  22  OK         16.920 ms
[row 1417] s13 idx  23  OK         16.894 ms
[row 1418] s13 idx  24  OK         16.901 ms
[row 1419] s13 idx  25  OK         16.970 ms
[row 1420] s13 idx  26  OK         16.882 ms
[row 1421] s13 idx  27  OK         16.929 ms
[row 1422] s13 idx  28  OK         16.964 ms
[row 1423] s13 idx  29  OK         16.835 ms
[row 1424] s13 idx  30  OK         16.948 ms
[row 1425] s13 idx  31  OK         16.944 ms
[row 1426] s13 idx  32  OK         16.900 ms
[row 1427] s13 idx  33  OK         16.848 ms
[row 1428] s13 idx  34  OK         17.066 ms
[row 1429] s13 idx  35  OK         16.764 ms
[row 1430] s13 idx  36  OK         16.906 ms
[row 1431] s13 idx  37  OK         17.051 ms
[row 1432] s13 idx  38  OK         16.870 ms
[row 1433] s13 idx  39  OK         16.873 ms
[row 1434] s13 idx  40  OK         16.990 ms
[row 1435] s13 idx  41  OK         17.009 ms
[row 1436] s13 idx  42  OK         16.814 ms
[row 1437] s13 idx  43  OK         17.036 ms
[row 1438] s13 idx  44  OK         16.972 ms
[row 1439] s13 idx  45  OK         16.926 ms
[row 1440] s13 idx  46  OK         16.711 ms
[row 1441] s13 idx  47  OK         17.107 ms
[row 1442] s13 idx  48  OK         16.814 ms
[row 1443] s13 idx  49  OK         16.872 ms
[row 1444] s13 idx  50  OK         17.032 ms
[row 1445] s13 idx  51  OK         16.826 ms
[row 1446] s13 idx  52  OK         16.951 ms
[row 1447] s13 idx  53  OK         17.044 ms
[row 1448] s13 idx  54  OK         16.867 ms
[row 1449] s13 idx  55  OK         16.944 ms
[row 1450] s13 idx  56  OK         16.834 ms
[row 1451] s13 idx  57  OK         16.895 ms
[row 1452] s13 idx  58  OK         16.866 ms
[row 1453] s13 idx  59  OK         16.921 ms
[row 1454] s13 idx  60  OK         16.927 ms
[row 1455] s13 idx  61  OK         16.929 ms
[row 1456] s13 idx  62  OK         16.861 ms
[row 1457] s13 idx  63  OK         16.918 ms
[row 1458] s13 idx  64  OK         16.863 ms
[row 1459] s14 idx   0  OK         16.968 ms
[row 1460] s14 idx   1  OK         17.581 ms
[row 1461] s14 idx   2  OK         16.181 ms
[row 1462] s14 idx   3  OK         16.927 ms
[row 1463] s14 idx   4  OK         16.922 ms
[row 1464] s14 idx   5  OK         16.937 ms
[row 1465] s14 idx   6  OK         16.828 ms
[row 1466] s14 idx   7  OK         16.950 ms
[row 1467] s14 idx   8  OK         16.876 ms
[row 1468] s14 idx   9  OK         16.937 ms
[row 1469] s14 idx  10  OK         16.996 ms
[row 1470] s14 idx  11  OK         16.869 ms
[row 1471] s14 idx  12  OK         16.960 ms
[row 1472] s14 idx  13  OK         16.911 ms
[row 1473] s14 idx  14  OK         17.248 ms
[row 1474] s14 idx  15  OK         16.697 ms
[row 1475] s14 idx  16  OK         16.829 ms
[row 1476] s14 idx  17  OK         16.995 ms
[row 1477] s14 idx  18  OK         16.784 ms
[row 1478] s14 idx  19  OK         17.057 ms
[row 1479] s14 idx  20  OK         16.808 ms
[row 1480] s14 idx  21  OK         16.940 ms
[row 1481] s14 idx  22  OK         16.952 ms
[row 1482] s14 idx  23  OK         16.938 ms
[row 1483] s14 idx  24  OK         16.940 ms
[row 1484] s14 idx  25  OK         16.894 ms
[row 1485] s14 idx  26  OK         17.080 ms
[row 1486] s14 idx  27  OK         16.812 ms
[row 1487] s14 idx  28  OK         16.903 ms
[row 1488] s14 idx  29  OK         16.912 ms
[row 1489] s14 idx  30  OK         16.952 ms
[row 1490] s14 idx  31  OK         16.887 ms
[row 1491] s14 idx  32  OK         16.937 ms
[row 1492] s14 idx  33  OK         16.970 ms
[row 1493] s14 idx  34  OK         17.055 ms
[row 1494] s14 idx  35  OK         16.822 ms
[row 1495] s14 idx  36  OK         17.149 ms
[row 1496] s14 idx  37  OK         16.740 ms
[row 1497] s14 idx  38  OK         16.895 ms
[row 1498] s14 idx  39  OK         16.848 ms
[row 1499] s14 idx  40  OK         16.950 ms
[row 1500] s14 idx  41  OK         16.893 ms
[row 1501] s14 idx  42  OK         17.018 ms
[row 1502] s14 idx  43  OK         16.855 ms
[row 1503] s14 idx  44  OK         16.920 ms
[row 1504] s14 idx  45  OK         16.905 ms
[row 1505] s14 idx  46  OK         16.913 ms
[row 1506] s14 idx  47  OK         16.885 ms
[row 1507] s14 idx  48  OK         16.949 ms
[row 1508] s14 idx  49  OK         16.927 ms
[row 1509] s14 idx  50  OK         16.926 ms
[row 1510] s14 idx  51  OK         16.984 ms
[row 1511] s14 idx  52  OK         16.824 ms
[row 1512] s14 idx  53  OK         16.861 ms
[row 1513] s14 idx  54  OK         16.962 ms
[row 1514] s14 idx  55  OK         16.896 ms
[row 1515] s14 idx  56  OK         16.942 ms
[row 1516] s14 idx  57  OK         16.950 ms
[row 1517] s14 idx  58  OK         16.981 ms
[row 1518] s14 idx  59  OK         16.835 ms
[row 1519] s14 idx  60  OK         16.918 ms
[row 1520] s14 idx  61  OK         16.849 ms
[row 1521] s14 idx  62  OK         16.921 ms
[row 1522] s14 idx  63  OK         16.955 ms
[row 1523] s14 idx  64  OK         16.862 ms
[row 1524] s15 idx   0  OK         16.905 ms
[row 1525] s15 idx   1  OK         16.921 ms
[row 1526] s15 idx   2  OK         16.884 ms
[row 1527] s15 idx   3  OK         16.927 ms
[row 1528] s15 idx   4  OK         19.201 ms
[row 1529] s15 idx   5  OK         14.608 ms
[row 1530] s15 idx   6  OK         16.927 ms
[row 1531] s15 idx   7  OK         17.012 ms
[row 1532] s15 idx   8  OK         16.835 ms
[row 1533] s15 idx   9  OK         16.928 ms
[row 1534] s15 idx  10  OK         16.919 ms
[row 1535] s15 idx  11  OK         16.909 ms
[row 1536] s15 idx  12  OK         16.909 ms
[row 1537] s15 idx  13  OK         16.901 ms
[row 1538] s15 idx  14  OK         16.935 ms
[row 1539] s15 idx  15  OK         16.953 ms
[row 1540] s15 idx  16  OK         16.917 ms
[row 1541] s15 idx  17  OK         16.914 ms
[row 1542] s15 idx  18  OK         16.939 ms
[row 1543] s15 idx  19  OK         16.901 ms
[row 1544] s15 idx  20  OK         16.922 ms
[row 1545] s15 idx  21  OK         17.025 ms
[row 1546] s15 idx  22  OK         16.853 ms
[row 1547] s15 idx  23  OK         16.978 ms
[row 1548] s15 idx  24  OK         16.869 ms
[row 1549] s15 idx  25  OK         16.903 ms
[row 1550] s15 idx  26  OK         17.013 ms
[row 1551] s15 idx  27  OK         16.812 ms
[row 1552] s15 idx  28  OK         16.940 ms
[row 1553] s15 idx  29  OK         16.968 ms
[row 1554] s15 idx  30  OK         16.937 ms
[row 1555] s15 idx  31  OK         16.912 ms
[row 1556] s15 idx  32  OK         16.901 ms
[row 1557] s15 idx  33  OK         16.956 ms
[row 1558] s15 idx  34  OK         16.884 ms
[row 1559] s15 idx  35  OK         16.919 ms
[row 1560] s15 idx  36  OK         16.954 ms
[row 1561] s15 idx  37  OK         16.893 ms
[row 1562] s15 idx  38  OK         20.251 ms
[row 1563] s15 idx  39  OK         13.640 ms
[row 1564] s15 idx  40  OK         16.846 ms
[row 1565] s15 idx  41  OK         16.956 ms
[row 1566] s15 idx  42  OK         16.881 ms
[row 1567] s15 idx  43  OK         16.938 ms
[row 1568] s15 idx  44  OK         16.885 ms
[row 1569] s15 idx  45  OK         17.002 ms
[row 1570] s15 idx  46  OK         16.865 ms
[row 1571] s15 idx  47  OK         16.959 ms
[row 1572] s15 idx  48  OK         16.908 ms
[row 1573] s15 idx  49  OK         16.860 ms
[row 1574] s15 idx  50  OK         16.932 ms
[row 1575] s15 idx  51  OK         17.019 ms
[row 1576] s15 idx  52  OK         16.978 ms
[row 1577] s15 idx  53  OK         16.996 ms
[row 1578] s15 idx  54  OK         16.777 ms
[row 1579] s15 idx  55  OK         16.926 ms
[row 1580] s15 idx  56  OK         17.107 ms
[row 1581] s15 idx  57  OK         16.726 ms
[row 1582] s15 idx  58  OK         17.062 ms
[row 1583] s15 idx  59  OK         16.926 ms
[row 1584] s15 idx  60  OK         16.791 ms
[row 1585] s15 idx  61  OK         17.027 ms
[row 1586] s15 idx  62  OK         16.814 ms
[row 1587] s15 idx  63  OK         16.988 ms
[row 1588] s15 idx  64  OK         16.899 ms
[row 1589] s15 idx  65  OK         16.903 ms
[row 1590] s15 idx  66  OK         16.950 ms
[row 1591] s15 idx  67  OK         17.028 ms
[row 1592] s15 idx  68  OK         16.846 ms
[row 1593] s15 idx  69  OK         16.940 ms
[row 1594] s15 idx  70  OK         16.903 ms
[row 1595] s15 idx  71  OK         16.913 ms
[row 1596] s15 idx  72  OK         16.934 ms
[row 1597] s15 idx  73  OK         16.948 ms
[row 1598] s15 idx  74  OK         16.912 ms
[row 1599] s15 idx  75  OK         16.931 ms
[row 1600] s15 idx  76  OK         16.890 ms
[row 1601] s15 idx  77  OK         16.930 ms
[row 1602] s15 idx  78  OK         16.940 ms
[row 1603] s15 idx  79  OK         16.897 ms
[row 1604] s15 idx  80  OK         16.984 ms
[row 1605] s15 idx  81  OK         16.946 ms
[row 1606] s15 idx  82  OK         16.925 ms
[row 1607] s15 idx  83  OK         16.843 ms
[row 1608] s15 idx  84  OK         17.050 ms
[row 1609] s15 idx  85  OK         16.837 ms
[row 1610] s15 idx  86  OK         16.914 ms
[row 1611] s15 idx  87  OK         16.934 ms
[row 1612] s15 idx  88  OK         17.693 ms
[row 1613] s15 idx  89  OK         16.107 ms
[row 1614] s15 idx  90  OK         16.957 ms
[row 1615] s15 idx  91  OK         16.912 ms
[row 1616] s15 idx  92  OK         16.895 ms
[row 1617] s15 idx  93  OK         17.080 ms
[row 1618] s15 idx  94  OK         16.738 ms
[row 1619] s15 idx  95  OK         16.893 ms
[row 1620] s15 idx  96  OK         16.988 ms
[row 1621] s15 idx  97  OK         16.885 ms
[row 1622] s15 idx  98  OK         16.965 ms
[row 1623] s15 idx  99  OK         16.850 ms
[row 1624] s15 idx 100  OK         16.993 ms
[row 1625] s15 idx 101  OK         16.913 ms
[row 1626] s15 idx 102  OK         16.887 ms
[row 1627] s15 idx 103  OK         16.818 ms
[row 1628] s15 idx 104  OK         16.920 ms
[row 1629] s15 idx 105  OK         17.078 ms
[row 1630] s15 idx 106  OK         16.913 ms
[row 1631] s15 idx 107  OK         16.894 ms
[row 1632] s15 idx 108  OK         16.844 ms
[row 1633] s15 idx 109  OK         16.960 ms
[row 1634] s15 idx 110  OK         16.932 ms
[row 1635] s15 idx 111  OK         16.932 ms
[row 1636] s15 idx 112  OK         17.040 ms
[row 1637] s15 idx 113  OK         16.855 ms
[row 1638] s15 idx 114  OK         16.963 ms
[row 1639] s15 idx 115  OK         16.960 ms
[row 1640] s15 idx 116  OK         16.763 ms
[row 1641] s15 idx 117  OK         17.106 ms
[row 1642] s15 idx 118  OK         16.765 ms
[row 1643] s15 idx 119  OK         16.926 ms
[row 1644] s15 idx 120  OK         17.007 ms
[row 1645] s15 idx 121  OK         16.861 ms
[row 1646] s15 idx 122  OK         16.964 ms
[row 1647] s15 idx 123  OK         16.864 ms
[row 1648] s15 idx 124  OK         16.915 ms
[row 1649] s15 idx 125  OK         17.057 ms
[row 1650] s15 idx 126  OK         16.900 ms
[row 1651] s15 idx 127  OK         16.870 ms
[row 1652] s15 idx 128  OK         16.955 ms
[row 1653] s15 idx 129  OK         16.837 ms
[row 1654] s16 idx   0  OK         16.871 ms
[row 1655] s16 idx   1  OK         16.921 ms
[row 1656] s16 idx   2  OK         16.956 ms
[row 1657] s16 idx   3  OK         16.909 ms
[row 1658] s16 idx   4  OK         17.028 ms
[row 1659] s16 idx   5  OK         16.841 ms
[row 1660] s16 idx   6  OK         16.982 ms
[row 1661] s16 idx   7  OK         16.949 ms
[row 1662] s16 idx   8  OK         16.871 ms
[row 1663] s16 idx   9  OK         16.987 ms
[row 1664] s16 idx  10  OK         16.978 ms
[row 1665] s16 idx  11  OK         16.784 ms
[row 1666] s16 idx  12  OK         16.985 ms
[row 1667] s16 idx  13  OK         16.850 ms
[row 1668] s16 idx  14  OK         16.963 ms
[row 1669] s16 idx  15  OK         16.979 ms
[row 1670] s16 idx  16  OK         16.893 ms
[row 1671] s16 idx  17  OK         16.866 ms
[row 1672] s16 idx  18  OK         16.973 ms
[row 1673] s16 idx  19  OK         16.845 ms
[row 1674] s16 idx  20  OK         16.909 ms
[row 1675] s16 idx  21  OK         17.036 ms
[row 1676] s16 idx  22  OK         16.833 ms
[row 1677] s16 idx  23  OK         17.098 ms
[row 1678] s16 idx  24  OK         16.764 ms
[row 1679] s16 idx  25  OK         16.993 ms
[row 1680] s16 idx  26  OK         16.890 ms
[row 1681] s16 idx  27  OK         16.919 ms
[row 1682] s16 idx  28  OK         16.885 ms
[row 1683] s16 idx  29  OK         16.922 ms
[row 1684] s16 idx  30  OK         16.940 ms
[row 1685] s16 idx  31  OK         16.878 ms
[row 1686] s16 idx  32  OK         16.914 ms
[row 1687] s16 idx  33  OK         16.941 ms
[row 1688] s16 idx  34  OK         16.922 ms
[row 1689] s16 idx  35  OK         17.015 ms
[row 1690] s16 idx  36  OK         16.849 ms
[row 1691] s16 idx  37  OK         16.961 ms
[row 1692] s16 idx  38  OK         16.950 ms
[row 1693] s16 idx  39  OK         16.803 ms
[row 1694] s16 idx  40  OK         16.948 ms
[row 1695] s16 idx  41  OK         16.924 ms
[row 1696] s16 idx  42  OK         16.868 ms
[row 1697] s16 idx  43  OK         17.026 ms
[row 1698] s16 idx  44  OK         16.916 ms
[row 1699] s16 idx  45  OK         16.826 ms
[row 1700] s16 idx  46  OK         16.987 ms
[row 1701] s16 idx  47  OK         16.874 ms
[row 1702] s16 idx  48  OK         16.863 ms
[row 1703] s16 idx  49  OK         16.877 ms
[row 1704] s16 idx  50  OK         16.912 ms
[row 1705] s16 idx  51  OK         16.917 ms
[row 1706] s16 idx  52  OK         16.923 ms
[row 1707] s16 idx  53  OK         16.933 ms
[row 1708] s16 idx  54  OK         16.908 ms
[row 1709] s16 idx  55  OK         17.047 ms
[row 1710] s16 idx  56  OK         16.848 ms
[row 1711] s16 idx  57  OK         16.938 ms
[row 1712] s16 idx  58  OK         16.883 ms
[row 1713] s16 idx  59  OK         16.942 ms
[row 1714] s16 idx  60  OK         16.894 ms
[row 1715] s16 idx  61  OK         16.799 ms
[row 1716] s16 idx  62  OK         16.968 ms
[row 1717] s16 idx  63  OK         16.940 ms
[row 1718] s16 idx  64  OK         16.870 ms
[row 1719] s16 idx  65  OK         16.934 ms
[row 1720] s16 idx  66  OK         17.009 ms
[row 1721] s16 idx  67  OK         16.893 ms
[row 1722] s16 idx  68  OK         16.951 ms
[row 1723] s16 idx  69  OK         16.833 ms
[row 1724] s16 idx  70  OK         16.938 ms
[row 1725] s16 idx  71  OK         16.957 ms
[row 1726] s16 idx  72  OK         16.836 ms
[row 1727] s16 idx  73  OK         16.895 ms
[row 1728] s16 idx  74  OK         16.957 ms
[row 1729] s16 idx  75  OK         16.963 ms
[row 1730] s16 idx  76  OK         16.902 ms
[row 1731] s16 idx  77  OK         16.851 ms
[row 1732] s16 idx  78  OK         17.003 ms
[row 1733] s16 idx  79  OK         16.812 ms
[row 1734] s16 idx  80  OK         16.945 ms
[row 1735] s16 idx  81  OK         16.930 ms
[row 1736] s16 idx  82  OK         16.862 ms
[row 1737] s16 idx  83  OK         16.932 ms
[row 1738] s16 idx  84  OK         16.988 ms
[row 1739] s16 idx  85  OK         16.833 ms
[row 1740] s16 idx  86  OK         16.935 ms
[row 1741] s16 idx  87  OK         16.894 ms
[row 1742] s16 idx  88  OK         16.893 ms
[row 1743] s16 idx  89  OK         17.014 ms
[row 1744] s16 idx  90  OK         16.931 ms
[row 1745] s16 idx  91  OK         16.883 ms
[row 1746] s16 idx  92  OK         16.894 ms
[row 1747] s16 idx  93  OK         16.877 ms
[row 1748] s16 idx  94  OK         16.925 ms
[row 1749] s16 idx  95  OK         16.922 ms
[row 1750] s17 idx   0  OK         16.882 ms
[row 1751] s18 idx   0  OK         16.939 ms
[row 1752] s18 idx   1  OK         16.885 ms
[row 1753] s18 idx   2  OK         16.950 ms
[row 1754] s18 idx   3  OK         16.993 ms
[row 1755] s18 idx   4  OK         18.270 ms
[row 1756] s18 idx   5  OK         15.438 ms
[row 1757] s18 idx   6  OK         16.959 ms
[row 1758] s19 idx   0  OK         16.918 ms
[row 1759] s19 idx   1  OK         16.920 ms
[row 1760] s19 idx   2  OK         16.943 ms
[row 1761] s19 idx   3  OK         17.010 ms
[row 1762] s19 idx   4  OK         16.858 ms
[row 1763] s19 idx   5  OK         16.875 ms
[row 1764] s19 idx   6  OK         16.923 ms
[row 1765] s19 idx   7  OK         16.928 ms
[row 1766] s19 idx   8  OK         16.848 ms
[row 1767] s19 idx   9  OK         16.943 ms
[row 1768] s19 idx  10  OK         16.960 ms
[row 1769] s19 idx  11  OK         16.957 ms
[row 1770] s19 idx  12  OK         16.901 ms
[row 1771] s19 idx  13  OK         16.898 ms
[row 1772] s19 idx  14  OK         16.912 ms
[row 1773] s20 idx   0  OK         16.982 ms
[row 1774] s20 idx   1  OK         16.886 ms
[row 1775] s20 idx   2  OK         16.905 ms
[row 1776] s20 idx   3  OK         16.929 ms
[row 1777] s20 idx   4  OK         16.929 ms
[row 1778] s20 idx   5  OK         16.926 ms
[row 1779] s20 idx   6  OK         16.944 ms
[row 1780] s20 idx   7  OK         16.902 ms
[row 1781] s20 idx   8  OK         16.905 ms
[row 1782] s20 idx   9  OK         16.966 ms
[row 1783] s20 idx  10  OK         16.926 ms
[row 1784] s20 idx  11  OK         16.959 ms
[row 1785] s20 idx  12  OK         16.845 ms
[row 1786] s20 idx  13  OK         16.926 ms
[row 1787] s20 idx  14  OK         16.878 ms
[row 1788] s20 idx  15  OK         16.970 ms
[row 1789] s21 idx   0  OK         16.910 ms
[row 1790] s21 idx   1  OK         16.948 ms
[row 1791] s21 idx   2  OK         16.959 ms
[row 1792] s21 idx   3  OK         16.847 ms
[row 1793] s21 idx   4  OK         16.971 ms
[row 1794] s21 idx   5  OK         16.900 ms
[row 1795] s21 idx   6  OK         16.924 ms
[row 1796] s21 idx   7  OK         16.912 ms
[row 1797] s21 idx   8  OK         16.919 ms
[row 1798] s21 idx   9  OK         16.886 ms
[row 1799] s21 idx  10  OK         17.000 ms
[row 1800] s21 idx  11  OK         16.863 ms
[row 1801] s21 idx  12  OK         16.886 ms
[row 1802] s21 idx  13  OK         16.930 ms
[row 1803] s21 idx  14  OK         16.946 ms
[row 1804] s21 idx  15  OK         16.904 ms
[row 1805] s21 idx  16  OK         16.968 ms
[row 1806] s22 idx   0  OK         16.959 ms
[row 1807] s22 idx   1  OK         16.920 ms
[row 1808] s22 idx   2  OK         16.926 ms
[row 1809] s22 idx   3  OK         16.913 ms
[row 1810] s22 idx   4  OK         16.964 ms
[row 1811] s22 idx   5  OK         16.882 ms
[row 1812] s22 idx   6  OK         16.942 ms
[row 1813] s22 idx   7  OK         16.899 ms
[row 1814] s22 idx   8  OK         16.920 ms
[row 1815] s22 idx   9  OK         16.922 ms
[row 1816] s22 idx  10  OK         16.879 ms
[row 1817] s22 idx  11  OK         16.922 ms
[row 1818] s22 idx  12  OK         16.954 ms
[row 1819] s22 idx  13  OK         16.852 ms
[row 1820] s22 idx  14  OK         16.930 ms
[row 1821] s22 idx  15  OK         16.932 ms
[row 1822] s22 idx  16  OK         16.885 ms
[row 1823] s22 idx  17  OK         16.986 ms
[row 1824] s22 idx  18  OK         16.847 ms
[row 1825] s22 idx  19  OK         16.901 ms
[row 1826] s22 idx  20  OK         17.021 ms
[row 1827] s22 idx  21  OK         16.855 ms
[row 1828] s22 idx  22  OK         16.922 ms
[row 1829] s22 idx  23  OK         16.923 ms
[row 1830] s22 idx  24  OK         16.958 ms
[row 1831] s22 idx  25  OK         16.931 ms
[row 1832] s22 idx  26  OK         17.005 ms
[row 1833] s22 idx  27  OK         16.836 ms
[row 1834] s22 idx  28  OK         16.895 ms
[row 1835] s22 idx  29  OK         16.949 ms
[row 1836] s22 idx  30  OK         16.927 ms
[row 1837] s22 idx  31  OK         16.931 ms
[row 1838] s22 idx  32  OK         16.907 ms
[row 1839] s22 idx  33  OK         16.938 ms
[row 1840] s22 idx  34  OK         16.883 ms
[row 1841] s22 idx  35  OK         16.947 ms
[row 1842] s22 idx  36  OK         16.990 ms
[row 1843] s22 idx  37  OK         16.928 ms
[row 1844] s22 idx  38  OK         16.794 ms
[row 1845] s22 idx  39  OK         16.963 ms
[row 1846] s22 idx  40  OK         16.875 ms
[row 1847] s22 idx  41  OK         16.900 ms
[row 1848] s22 idx  42  OK         16.904 ms
[row 1849] s22 idx  43  OK         16.958 ms
[row 1850] s22 idx  44  OK         16.909 ms
[row 1851] s22 idx  45  OK         16.941 ms
[row 1852] s22 idx  46  OK         16.909 ms
[row 1853] s22 idx  47  OK         16.917 ms
[row 1854] s22 idx  48  OK         16.971 ms
[row 1855] s22 idx  49  OK         16.864 ms
[row 1856] s22 idx  50  OK         16.968 ms
[row 1857] s22 idx  51  OK         16.856 ms
[row 1858] s22 idx  52  OK         16.969 ms
[row 1859] s22 idx  53  OK         16.963 ms
[row 1860] s22 idx  54  OK         16.816 ms
[row 1861] s22 idx  55  OK         16.928 ms
[row 1862] s22 idx  56  OK         16.913 ms
[row 1863] s22 idx  57  OK         16.953 ms
[row 1864] s22 idx  58  OK         16.907 ms
[row 1865] s22 idx  59  OK         17.005 ms
[row 1866] s22 idx  60  OK         16.848 ms
[row 1867] s22 idx  61  OK         16.980 ms
[row 1868] s22 idx  62  OK         16.921 ms
[row 1869] s22 idx  63  OK         16.882 ms
[row 1870] s22 idx  64  OK         16.989 ms
[row 1871] s22 idx  65  OK         16.928 ms
[row 1872] s22 idx  66  OK         16.909 ms
[row 1873] s22 idx  67  OK         16.854 ms
[row 1874] s22 idx  68  OK         16.987 ms
[row 1875] s22 idx  69  OK         16.843 ms
[row 1876] s22 idx  70  OK         16.988 ms
[row 1877] s22 idx  71  OK         16.926 ms
[row 1878] s22 idx  72  OK         16.940 ms
[row 1879] s22 idx  73  OK         16.904 ms
[row 1880] s22 idx  74  OK         17.049 ms
[row 1881] s22 idx  75  OK         16.799 ms
[row 1882] s22 idx  76  OK         16.904 ms
[row 1883] s22 idx  77  OK         16.889 ms
[row 1884] s22 idx  78  OK         16.910 ms
[row 1885] s22 idx  79  OK         16.926 ms
[row 1886] s22 idx  80  OK         16.898 ms
[row 1887] s22 idx  81  OK         16.957 ms
[row 1888] s22 idx  82  OK         16.928 ms
[row 1889] s22 idx  83  OK         16.923 ms
[row 1890] s22 idx  84  OK         16.905 ms
[row 1891] s22 idx  85  OK         16.900 ms
[row 1892] s22 idx  86  OK         16.935 ms
[row 1893] s22 idx  87  OK         16.928 ms
[row 1894] s22 idx  88  OK         16.851 ms
[row 1895] s22 idx  89  OK         16.947 ms
[row 1896] s22 idx  90  OK         16.958 ms
[row 1897] s22 idx  91  OK         16.923 ms
[row 1898] s22 idx  92  OK         17.009 ms
[row 1899] s22 idx  93  OK         16.826 ms
[row 1900] s22 idx  94  OK         16.895 ms
[row 1901] s22 idx  95  OK         16.918 ms
[row 1902] s22 idx  96  OK         16.887 ms
[row 1903] s22 idx  97  OK         16.906 ms
[row 1904] s22 idx  98  OK         16.923 ms
[row 1905] s22 idx  99  OK         16.898 ms
[row 1906] s22 idx 100  OK         16.876 ms
[row 1907] s22 idx 101  OK         16.927 ms
[row 1908] s22 idx 102  OK         16.870 ms
[row 1909] s22 idx 103  OK         16.919 ms
[row 1910] s22 idx 104  OK         16.906 ms
[row 1911] s22 idx 105  OK         16.936 ms
[row 1912] s22 idx 106  OK         16.880 ms
[row 1913] s22 idx 107  OK         16.939 ms
[row 1914] s22 idx 108  OK         16.857 ms
[row 1915] s22 idx 109  OK         16.918 ms
[row 1916] s22 idx 110  OK         16.908 ms
[row 1917] s22 idx 111  OK         16.944 ms
[row 1918] s22 idx 112  OK         16.893 ms
[row 1919] s22 idx 113  OK         16.880 ms
[row 1920] s22 idx 114  OK         16.910 ms
[row 1921] s22 idx 115  OK         16.930 ms
[row 1922] s22 idx 116  OK         16.878 ms
[row 1923] s22 idx 117  OK         16.921 ms
[row 1924] s22 idx 118  OK         16.923 ms
[row 1925] s22 idx 119  OK         16.910 ms
[row 1926] s22 idx 120  OK         16.908 ms
[row 1927] s22 idx 121  OK         16.929 ms
[row 1928] s22 idx 122  OK         16.916 ms
[row 1929] s22 idx 123  OK         16.877 ms
[row 1930] s22 idx 124  OK         16.954 ms
[row 1931] s22 idx 125  OK         16.874 ms
[row 1932] s22 idx 126  OK         16.941 ms
[row 1933] s22 idx 127  OK         16.921 ms
[row 1934] s22 idx 128  OK         16.898 ms
[row 1935] s22 idx 129  OK         16.969 ms
[row 1936] s22 idx 130  OK         16.931 ms
[row 1937] s22 idx 131  OK         16.892 ms
[row 1938] s22 idx 132  OK         16.952 ms
[row 1939] s22 idx 133  OK         16.899 ms
[row 1940] s22 idx 134  OK         16.930 ms
[row 1941] s22 idx 135  OK         16.915 ms
[row 1942] s22 idx 136  OK         16.911 ms
[row 1943] s22 idx 137  OK         16.889 ms
[row 1944] s22 idx 138  OK         16.914 ms
[row 1945] s22 idx 139  OK         16.914 ms
[row 1946] s22 idx 140  OK         16.935 ms
[row 1947] s22 idx 141  OK         16.890 ms
[row 1948] s22 idx 142  OK         17.010 ms
[row 1949] s22 idx 143  OK         16.993 ms
[row 1950] s22 idx 144  OK         16.891 ms
[row 1951] s22 idx 145  OK         16.851 ms
[row 1952] s22 idx 146  OK         16.929 ms
[row 1953] s22 idx 147  OK         16.819 ms
[row 1954] s22 idx 148  OK         16.906 ms
[row 1955] s22 idx 149  OK         16.931 ms
[row 1956] s22 idx 150  OK         16.948 ms
[row 1957] s22 idx 151  OK         16.984 ms
[row 1958] s22 idx 152  OK         16.793 ms
[row 1959] s22 idx 153  OK         16.930 ms
[row 1960] s22 idx 154  OK         16.916 ms
[row 1961] s22 idx 155  OK         16.970 ms
[row 1962] s22 idx 156  OK         16.958 ms
[row 1963] s22 idx 157  OK         16.916 ms
[row 1964] s22 idx 158  OK         16.870 ms
[row 1965] s22 idx 159  OK         16.876 ms
[row 1966] s22 idx 160  OK         16.950 ms
[row 1967] s22 idx 161  OK         17.015 ms
[row 1968] s22 idx 162  OK         16.932 ms
[row 1969] s22 idx 163  OK         16.798 ms
[row 1970] s22 idx 164  OK         16.944 ms
[row 1971] s22 idx 165  OK         16.978 ms
[row 1972] s22 idx 166  OK         16.927 ms
[row 1973] s22 idx 167  OK         16.998 ms
[row 1974] s22 idx 168  OK         16.941 ms
[row 1975] s22 idx 169  OK         16.910 ms
[row 1976] s22 idx 170  OK         16.899 ms
[row 1977] s22 idx 171  OK         16.890 ms
[row 1978] s22 idx 172  OK         16.936 ms
[row 1979] s22 idx 173  OK         16.921 ms
[row 1980] s22 idx 174  OK         16.964 ms
[row 1981] s22 idx 175  OK         16.901 ms
[row 1982] s22 idx 176  OK         17.026 ms
[row 1983] s22 idx 177  OK         16.939 ms
[row 1984] s22 idx 178  OK         16.804 ms
[row 1985] s22 idx 179  OK         16.932 ms
[row 1986] s22 idx 180  OK         16.984 ms
[row 1987] s22 idx 181  OK         16.828 ms
[row 1988] s22 idx 182  OK         16.946 ms
[row 1989] s22 idx 183  OK         16.920 ms
[row 1990] s22 idx 184  OK         16.980 ms
[row 1991] s22 idx 185  OK         16.877 ms
[row 1992] s22 idx 186  OK         17.000 ms
[row 1993] s22 idx 187  OK         16.856 ms
[row 1994] s22 idx 188  OK         16.971 ms
[row 1995] s22 idx 189  OK         16.879 ms
[row 1996] s22 idx 190  OK         16.954 ms
[row 1997] s22 idx 191  OK         16.952 ms
[row 1998] s22 idx 192  OK         16.895 ms
[row 1999] s22 idx 193  OK         16.928 ms
[row 2000] s22 idx 194  OK         16.895 ms
[row 2001] s22 idx 195  OK         17.025 ms
[row 2002] s22 idx 196  OK         16.846 ms
[row 2003] s22 idx 197  OK         16.785 ms
[row 2004] s22 idx 198  OK         17.006 ms
[row 2005] s22 idx 199  OK         16.910 ms
[row 2006] s22 idx 200  OK         16.926 ms
[row 2007] s22 idx 201  OK         16.968 ms
[row 2008] s22 idx 202  OK         16.848 ms
[row 2009] s22 idx 203  OK         16.981 ms
[row 2010] s22 idx 204  OK         16.958 ms
[row 2011] s22 idx 205  OK         16.901 ms
[row 2012] s22 idx 206  OK         17.001 ms
[row 2013] s22 idx 207  OK         16.855 ms
[row 2014] s22 idx 208  OK         16.914 ms
[row 2015] s22 idx 209  OK         17.021 ms
[row 2016] s22 idx 210  OK         16.787 ms
[row 2017] s22 idx 211  OK         16.850 ms
[row 2018] s22 idx 212  OK         16.988 ms
[row 2019] s22 idx 213  OK         18.284 ms
[row 2020] s22 idx 214  OK         15.550 ms
[row 2021] s22 idx 215  OK         16.903 ms
[row 2022] s22 idx 216  OK         16.960 ms
[row 2023] s22 idx 217  OK         16.932 ms
[row 2024] s22 idx 218  OK         16.940 ms
[row 2025] s22 idx 219  OK         16.945 ms
[row 2026] s22 idx 220  OK         16.943 ms
[row 2027] s22 idx 221  OK         16.973 ms
[row 2028] s22 idx 222  OK         16.858 ms
[row 2029] s22 idx 223  OK         16.978 ms
[row 2030] s22 idx 224  OK         16.976 ms
[row 2031] s22 idx 225  OK         16.793 ms
[row 2032] s22 idx 226  OK         16.968 ms
[row 2033] s22 idx 227  OK         16.913 ms
[row 2034] s22 idx 228  OK         16.871 ms
[row 2035] s22 idx 229  OK         17.102 ms
[row 2036] s22 idx 230  OK         16.726 ms
[row 2037] s22 idx 231  OK         17.021 ms
[row 2038] s22 idx 232  OK         16.829 ms
[row 2039] s22 idx 233  OK         17.049 ms
[row 2040] s22 idx 234  OK         16.885 ms
[row 2041] s22 idx 235  OK         16.892 ms
[row 2042] s22 idx 236  OK         16.956 ms
[row 2043] s22 idx 237  OK         16.878 ms
[row 2044] s22 idx 238  OK         16.948 ms
[row 2045] s22 idx 239  OK         16.954 ms
[row 2046] s22 idx 240  OK         17.052 ms
[row 2047] s22 idx 241  OK         16.918 ms
[row 2048] s22 idx 242  OK         16.776 ms
[row 2049] s22 idx 243  OK         16.874 ms
[row 2050] s22 idx 244  OK         16.920 ms
[row 2051] s22 idx 245  OK         16.875 ms
[row 2052] s22 idx 246  OK         17.060 ms
[row 2053] s22 idx 247  OK         16.821 ms
[row 2054] s22 idx 248  OK         16.937 ms
[row 2055] s22 idx 249  OK         16.921 ms
[row 2056] s22 idx 250  OK         16.914 ms
[row 2057] s22 idx 251  OK         16.911 ms
[row 2058] s22 idx 252  OK         16.896 ms
[row 2059] s22 idx 253  OK         16.927 ms
[row 2060] s22 idx 254  OK         16.893 ms
[row 2061] s22 idx 255  OK         16.931 ms
[row 2062] s22 idx 256  OK         16.916 ms
[row 2063] s23 idx   0  OK         16.933 ms
[row 2064] s23 idx   1  OK         16.956 ms
[row 2065] s23 idx   2  OK         16.894 ms
[row 2066] s23 idx   3  OK         16.932 ms
[row 2067] s23 idx   4  OK         16.981 ms
[row 2068] s23 idx   5  OK         16.936 ms
[row 2069] s23 idx   6  OK         16.886 ms
[row 2070] s23 idx   7  OK         16.916 ms
[row 2071] s23 idx   8  OK         16.926 ms
[row 2072] s23 idx   9  OK         16.934 ms
[row 2073] s23 idx  10  OK         16.909 ms
[row 2074] s23 idx  11  OK         16.868 ms
[row 2075] s23 idx  12  OK         17.023 ms
[row 2076] s23 idx  13  OK         16.820 ms
[row 2077] s23 idx  14  OK         16.955 ms
[row 2078] s23 idx  15  OK         16.906 ms
[row 2079] s23 idx  16  OK         16.961 ms
[row 2080] s23 idx  17  OK         16.918 ms
[row 2081] s23 idx  18  OK         16.908 ms
[row 2082] s23 idx  19  OK         17.003 ms
[row 2083] s23 idx  20  OK         16.903 ms
[row 2084] s23 idx  21  OK         17.001 ms
[row 2085] s23 idx  22  OK         16.952 ms
[row 2086] s23 idx  23  OK         16.867 ms
[row 2087] s23 idx  24  OK         16.888 ms
[row 2088] s23 idx  25  OK         16.996 ms
[row 2089] s23 idx  26  OK         16.878 ms
[row 2090] s23 idx  27  OK         16.973 ms
[row 2091] s23 idx  28  OK         16.818 ms
[row 2092] s23 idx  29  OK         16.901 ms
[row 2093] s23 idx  30  OK         16.927 ms
[row 2094] s23 idx  31  OK         17.049 ms
[row 2095] s23 idx  32  OK         16.836 ms
[row 2096] s23 idx  33  OK         16.914 ms
[row 2097] s23 idx  34  OK         16.916 ms
[row 2098] s23 idx  35  OK         17.096 ms
[row 2099] s23 idx  36  OK         16.799 ms
[row 2100] s23 idx  37  OK         16.880 ms
[row 2101] s23 idx  38  OK         17.126 ms
[row 2102] s23 idx  39  OK         16.606 ms
[row 2103] s23 idx  40  OK         16.919 ms
[row 2104] s23 idx  41  OK         16.922 ms
[row 2105] s23 idx  42  OK         16.944 ms
[row 2106] s23 idx  43  OK         16.925 ms
[row 2107] s23 idx  44  OK         16.867 ms
[row 2108] s23 idx  45  OK         16.978 ms
[row 2109] s23 idx  46  OK         17.000 ms
[row 2110] s23 idx  47  OK         16.969 ms
[row 2111] s23 idx  48  OK         16.872 ms
[row 2112] s23 idx  49  OK         16.860 ms
[row 2113] s23 idx  50  OK         16.902 ms
[row 2114] s23 idx  51  OK         17.009 ms
[row 2115] s23 idx  52  OK         16.891 ms
[row 2116] s23 idx  53  OK         17.009 ms
[row 2117] s23 idx  54  OK         16.995 ms
[row 2118] s23 idx  55  OK         16.801 ms
[row 2119] s23 idx  56  OK         17.013 ms
[row 2120] s23 idx  57  OK         16.868 ms
[row 2121] s23 idx  58  OK         16.984 ms
[row 2122] s23 idx  59  OK         16.936 ms
[row 2123] s23 idx  60  OK         16.951 ms
[row 2124] s23 idx  61  OK         16.779 ms
[row 2125] s23 idx  62  OK         17.085 ms
[row 2126] s23 idx  63  OK         16.800 ms
[row 2127] s23 idx  64  OK         16.868 ms
[row 2128] s23 idx  65  OK         16.960 ms
[row 2129] s23 idx  66  OK         16.965 ms
[row 2130] s23 idx  67  OK         16.797 ms
[row 2131] s23 idx  68  OK         16.979 ms
[row 2132] s23 idx  69  OK         16.900 ms
[row 2133] s23 idx  70  OK         17.047 ms
[row 2134] s23 idx  71  OK         16.838 ms
[row 2135] s23 idx  72  OK         16.956 ms
[row 2136] s23 idx  73  OK         16.971 ms
[row 2137] s23 idx  74  OK         16.847 ms
[row 2138] s23 idx  75  OK         16.912 ms
[row 2139] s23 idx  76  OK         16.884 ms
[row 2140] s23 idx  77  OK         16.933 ms
[row 2141] s23 idx  78  OK         17.034 ms
[row 2142] s23 idx  79  OK         16.847 ms
[row 2143] s23 idx  80  OK         16.964 ms
[row 2144] s23 idx  81  OK         16.988 ms
[row 2145] s23 idx  82  OK         16.845 ms
[row 2146] s23 idx  83  OK         16.882 ms
[row 2147] s23 idx  84  OK         16.982 ms
[row 2148] s23 idx  85  OK         17.028 ms
[row 2149] s23 idx  86  OK         16.766 ms
[row 2150] s23 idx  87  OK         16.974 ms
[row 2151] s23 idx  88  OK         16.965 ms
[row 2152] s23 idx  89  OK         16.911 ms
[row 2153] s23 idx  90  OK         16.861 ms
[row 2154] s23 idx  91  OK         16.970 ms
[row 2155] s23 idx  92  OK         16.926 ms
[row 2156] s23 idx  93  OK         16.949 ms
[row 2157] s23 idx  94  OK         16.843 ms
[row 2158] s23 idx  95  OK         16.968 ms
[row 2159] s23 idx  96  OK         16.966 ms
[row 2160] s23 idx  97  OK         16.828 ms
[row 2161] s23 idx  98  OK         16.975 ms
[row 2162] s23 idx  99  OK         16.852 ms
[row 2163] s23 idx 100  OK         16.918 ms
[row 2164] s23 idx 101  OK         16.998 ms
[row 2165] s23 idx 102  OK         16.904 ms
[row 2166] s23 idx 103  OK         16.818 ms
[row 2167] s23 idx 104  OK         16.920 ms
[row 2168] s23 idx 105  OK         16.924 ms
[row 2169] s23 idx 106  OK         16.914 ms
[row 2170] s23 idx 107  OK         16.873 ms
[row 2171] s23 idx 108  OK         16.981 ms
[row 2172] s23 idx 109  OK         16.890 ms
[row 2173] s23 idx 110  OK         16.910 ms
[row 2174] s23 idx 111  OK         16.898 ms
[row 2175] s23 idx 112  OK         17.003 ms
[row 2176] s23 idx 113  OK         16.831 ms
[row 2177] s23 idx 114  OK         17.055 ms
[row 2178] s23 idx 115  OK         16.868 ms
[row 2179] s23 idx 116  OK         16.991 ms
[row 2180] s23 idx 117  OK         16.777 ms
[row 2181] s23 idx 118  OK         17.014 ms
[row 2182] s23 idx 119  OK         16.812 ms
[row 2183] s23 idx 120  OK         16.991 ms
[row 2184] s23 idx 121  OK         16.960 ms
[row 2185] s23 idx 122  OK         16.812 ms
[row 2186] s23 idx 123  OK         16.962 ms
[row 2187] s23 idx 124  OK         16.940 ms
[row 2188] s23 idx 125  OK         18.303 ms
[row 2189] s23 idx 126  OK         15.502 ms
[row 2190] s23 idx 127  OK         16.935 ms
[row 2191] s23 idx 128  OK         16.997 ms
[row 2192] s23 idx 129  OK         16.842 ms
[row 2193] s23 idx 130  OK         16.855 ms
[row 2194] s23 idx 131  OK         16.888 ms
[row 2195] s23 idx 132  OK         16.996 ms
[row 2196] s23 idx 133  OK         16.855 ms
[row 2197] s23 idx 134  OK         16.887 ms
[row 2198] s23 idx 135  OK         16.917 ms
[row 2199] s23 idx 136  OK         16.894 ms
[row 2200] s23 idx 137  OK         17.057 ms
[row 2201] s23 idx 138  OK         16.793 ms
[row 2202] s23 idx 139  OK         18.586 ms
[row 2203] s23 idx 140  OK         15.224 ms
[row 2204] s23 idx 141  OK         16.793 ms
[row 2205] s23 idx 142  OK         16.882 ms
[row 2206] s23 idx 143  OK         16.876 ms
[row 2207] s23 idx 144  OK         17.007 ms
[row 2208] s23 idx 145  OK         16.827 ms
[row 2209] s23 idx 146  OK         16.983 ms
[row 2210] s23 idx 147  OK         16.901 ms
[row 2211] s23 idx 148  OK         17.162 ms
[row 2212] s23 idx 149  OK         16.670 ms
[row 2213] s23 idx 150  OK         16.887 ms
[row 2214] s23 idx 151  OK         16.873 ms
[row 2215] s23 idx 152  OK         16.940 ms
[row 2216] s23 idx 153  OK         16.962 ms
[row 2217] s23 idx 154  OK         17.000 ms
[row 2218] s23 idx 155  OK         16.881 ms
[row 2219] s23 idx 156  OK         16.983 ms
[row 2220] s23 idx 157  OK         16.823 ms
[row 2221] s23 idx 158  OK         16.903 ms
[row 2222] s23 idx 159  OK         16.933 ms
[row 2223] s23 idx 160  OK         17.019 ms
[row 2224] s23 idx 161  OK         16.879 ms
[row 2225] s23 idx 162  OK         16.908 ms
[row 2226] s23 idx 163  OK         16.907 ms
[row 2227] s23 idx 164  OK         16.957 ms
[row 2228] s23 idx 165  OK         16.934 ms
[row 2229] s23 idx 166  OK         16.952 ms
[row 2230] s23 idx 167  OK         16.895 ms
[row 2231] s23 idx 168  OK         16.921 ms
[row 2232] s23 idx 169  OK         16.916 ms
[row 2233] s23 idx 170  OK         16.954 ms
[row 2234] s23 idx 171  OK         16.876 ms
[row 2235] s23 idx 172  OK         16.949 ms
[row 2236] s23 idx 173  OK         16.955 ms
[row 2237] s23 idx 174  OK         16.935 ms
[row 2238] s23 idx 175  OK         16.924 ms
[row 2239] s23 idx 176  OK         16.977 ms
[row 2240] s23 idx 177  OK         16.892 ms
[row 2241] s23 idx 178  OK         16.964 ms
[row 2242] s23 idx 179  OK         16.903 ms
[row 2243] s23 idx 180  OK         16.919 ms
[row 2244] s23 idx 181  OK         16.942 ms
[row 2245] s23 idx 182  OK         16.829 ms
[row 2246] s23 idx 183  OK         16.986 ms
[row 2247] s23 idx 184  OK         16.927 ms
[row 2248] s23 idx 185  OK         16.933 ms
[row 2249] s23 idx 186  OK         16.904 ms
[row 2250] s23 idx 187  OK         17.012 ms
[row 2251] s23 idx 188  OK         16.843 ms
[row 2252] s23 idx 189  OK         16.905 ms
[row 2253] s23 idx 190  OK         16.866 ms
[row 2254] s23 idx 191  OK         16.990 ms
[row 2255] s23 idx 192  OK         16.849 ms
[row 2256] s23 idx 193  OK         16.913 ms
[row 2257] s23 idx 194  OK         16.939 ms
[row 2258] s23 idx 195  OK         16.963 ms
[row 2259] s23 idx 196  OK         16.824 ms
[row 2260] s23 idx 197  OK         17.024 ms
[row 2261] s23 idx 198  OK         16.928 ms
[row 2262] s23 idx 199  OK         16.872 ms
[row 2263] s23 idx 200  OK         16.933 ms
[row 2264] s23 idx 201  OK         16.947 ms
[row 2265] s23 idx 202  OK         16.881 ms
[row 2266] s23 idx 203  OK         16.921 ms
[row 2267] s23 idx 204  OK         16.901 ms
[row 2268] s23 idx 205  OK         16.937 ms
[row 2269] s23 idx 206  OK         16.963 ms
[row 2270] s23 idx 207  OK         16.853 ms
[row 2271] s23 idx 208  OK         16.919 ms
[row 2272] s23 idx 209  OK         16.981 ms
[row 2273] s23 idx 210  OK         16.856 ms
[row 2274] s23 idx 211  OK         17.003 ms
[row 2275] s23 idx 212  OK         16.889 ms
[row 2276] s23 idx 213  OK         16.862 ms
[row 2277] s23 idx 214  OK         16.903 ms
[row 2278] s23 idx 215  OK         16.934 ms
[row 2279] s23 idx 216  OK         16.924 ms
[row 2280] s23 idx 217  OK         16.893 ms
[row 2281] s23 idx 218  OK         16.989 ms
[row 2282] s23 idx 219  OK         16.873 ms
[row 2283] s23 idx 220  OK         16.958 ms
[row 2284] s23 idx 221  OK         16.910 ms
[row 2285] s23 idx 222  OK         16.942 ms
[row 2286] s23 idx 223  OK         16.896 ms
[row 2287] s23 idx 224  OK         16.946 ms
[row 2288] s23 idx 225  OK         16.887 ms
[row 2289] s23 idx 226  OK         16.950 ms
[row 2290] s23 idx 227  OK         16.901 ms
[row 2291] s23 idx 228  OK         16.918 ms
[row 2292] s23 idx 229  OK         16.910 ms
[row 2293] s23 idx 230  OK         16.893 ms
[row 2294] s23 idx 231  OK         16.902 ms
[row 2295] s23 idx 232  OK         16.898 ms
[row 2296] s23 idx 233  OK         16.922 ms
[row 2297] s23 idx 234  OK         16.912 ms
[row 2298] s23 idx 235  OK         16.982 ms
[row 2299] s23 idx 236  OK         16.894 ms
[row 2300] s23 idx 237  OK         17.048 ms
[row 2301] s23 idx 238  OK         16.873 ms
[row 2302] s23 idx 239  OK         16.875 ms
[row 2303] s23 idx 240  OK         16.893 ms
[row 2304] s23 idx 241  OK         16.880 ms
[row 2305] s23 idx 242  OK         16.937 ms
[row 2306] s23 idx 243  OK         16.897 ms
[row 2307] s23 idx 244  OK         16.893 ms
[row 2308] s23 idx 245  OK         16.908 ms
[row 2309] s23 idx 246  OK         17.026 ms
[row 2310] s23 idx 247  OK         16.883 ms
[row 2311] s23 idx 248  OK         16.943 ms
[row 2312] s23 idx 249  OK         16.867 ms
[row 2313] s23 idx 250  OK         16.949 ms
[row 2314] s23 idx 251  OK         16.837 ms
[row 2315] s23 idx 252  OK         16.961 ms
[row 2316] s23 idx 253  OK         17.436 ms
[row 2317] s23 idx 254  OK         16.516 ms
[row 2318] s23 idx 255  OK         16.777 ms
[row 2319] s23 idx 256  OK         16.946 ms
[row 2320] s24 idx   0  OK         16.875 ms
[row 2321] s24 idx   1  OK         16.901 ms
[row 2322] s24 idx   2  OK         16.952 ms
[row 2323] s24 idx   3  OK         16.923 ms
[row 2324] s24 idx   4  OK         16.894 ms
[row 2325] s24 idx   5  OK         16.944 ms
[row 2326] s24 idx   6  OK         16.919 ms
[row 2327] s24 idx   7  OK         16.968 ms
[row 2328] s24 idx   8  OK         16.903 ms
[row 2329] s24 idx   9  OK         16.859 ms
[row 2330] s24 idx  10  OK         16.955 ms
[row 2331] s24 idx  11  OK         16.912 ms
[row 2332] s24 idx  12  OK         16.941 ms
[row 2333] s24 idx  13  OK         16.917 ms
[row 2334] s24 idx  14  OK         16.940 ms
[row 2335] s24 idx  15  OK         16.933 ms
[row 2336] s24 idx  16  OK         16.927 ms
[row 2337] s24 idx  17  OK         16.986 ms
[row 2338] s24 idx  18  OK         16.850 ms
[row 2339] s24 idx  19  OK         16.939 ms
[row 2340] s24 idx  20  OK         17.019 ms
[row 2341] s24 idx  21  OK         16.967 ms
[row 2342] s24 idx  22  OK         16.842 ms
[row 2343] s24 idx  23  OK         16.907 ms
[row 2344] s24 idx  24  OK         16.959 ms
[row 2345] s24 idx  25  OK         16.960 ms
[row 2346] s24 idx  26  OK         16.885 ms
[row 2347] s24 idx  27  OK         16.916 ms
[row 2348] s24 idx  28  OK         16.987 ms
[row 2349] s24 idx  29  OK         16.801 ms
[row 2350] s24 idx  30  OK         16.983 ms
[row 2351] s24 idx  31  OK         16.994 ms
[row 2352] s24 idx  32  OK         16.804 ms
[row 2353] s24 idx  33  OK         16.949 ms
[row 2354] s24 idx  34  OK         16.965 ms
[row 2355] s24 idx  35  OK         16.882 ms
[row 2356] s24 idx  36  OK         16.891 ms
[row 2357] s24 idx  37  OK         16.957 ms
[row 2358] s24 idx  38  OK         16.884 ms
[row 2359] s24 idx  39  OK         16.934 ms
[row 2360] s24 idx  40  OK         16.966 ms
[row 2361] s24 idx  41  OK         16.869 ms
[row 2362] s24 idx  42  OK         16.955 ms
[row 2363] s24 idx  43  OK         16.883 ms
[row 2364] s24 idx  44  OK         16.889 ms
[row 2365] s24 idx  45  OK         16.916 ms
[row 2366] s24 idx  46  OK         16.878 ms
[row 2367] s24 idx  47  OK         17.001 ms
[row 2368] s24 idx  48  OK         16.986 ms
[row 2369] s24 idx  49  OK         16.888 ms
[row 2370] s24 idx  50  OK         16.891 ms
[row 2371] s24 idx  51  OK         16.929 ms
[row 2372] s24 idx  52  OK         16.938 ms
[row 2373] s24 idx  53  OK         16.910 ms
[row 2374] s24 idx  54  OK         16.899 ms
[row 2375] s24 idx  55  OK         16.897 ms
[row 2376] s24 idx  56  OK         16.916 ms
[row 2377] s24 idx  57  OK         16.984 ms
[row 2378] s24 idx  58  OK         16.919 ms
[row 2379] s24 idx  59  OK         16.888 ms
[row 2380] s24 idx  60  OK         16.921 ms
[row 2381] s24 idx  61  OK         16.958 ms
[row 2382] s24 idx  62  OK         16.967 ms
[row 2383] s24 idx  63  OK         16.906 ms
[row 2384] s24 idx  64  OK         16.872 ms
[row 2385] s24 idx  65  OK         16.870 ms
[row 2386] s24 idx  66  OK         16.864 ms
[row 2387] s24 idx  67  OK         16.939 ms
[row 2388] s24 idx  68  OK         16.904 ms
[row 2389] s24 idx  69  OK         17.042 ms
[row 2390] s24 idx  70  OK         16.874 ms
[row 2391] s24 idx  71  OK         16.856 ms
[row 2392] s24 idx  72  OK         16.976 ms
[row 2393] s24 idx  73  OK         16.846 ms
[row 2394] s24 idx  74  OK         16.917 ms
[row 2395] s24 idx  75  OK         16.913 ms
[row 2396] s24 idx  76  OK         16.892 ms
[row 2397] s24 idx  77  OK         16.949 ms
[row 2398] s24 idx  78  OK         16.918 ms
[row 2399] s24 idx  79  OK         17.034 ms
[row 2400] s24 idx  80  OK         16.880 ms
[row 2401] s24 idx  81  OK         17.273 ms
[row 2402] s24 idx  82  OK         16.541 ms
[row 2403] s24 idx  83  OK         16.921 ms
[row 2404] s24 idx  84  OK         16.945 ms
[row 2405] s24 idx  85  OK         17.034 ms
[row 2406] s24 idx  86  OK         16.862 ms
[row 2407] s24 idx  87  OK         16.868 ms
[row 2408] s24 idx  88  OK         16.942 ms
[row 2409] s24 idx  89  OK         16.930 ms
[row 2410] s24 idx  90  OK         16.940 ms
[row 2411] s24 idx  91  OK         16.870 ms
[row 2412] s24 idx  92  OK         16.903 ms
[row 2413] s24 idx  93  OK         16.961 ms
[row 2414] s24 idx  94  OK         16.981 ms
[row 2415] s24 idx  95  OK         16.982 ms
[row 2416] s24 idx  96  OK         16.941 ms
[row 2417] s24 idx  97  OK         16.852 ms
[row 2418] s24 idx  98  OK         16.885 ms
[row 2419] s24 idx  99  OK         16.958 ms
[row 2420] s24 idx 100  OK         16.965 ms
[row 2421] s24 idx 101  OK         16.915 ms
[row 2422] s24 idx 102  OK         16.876 ms
[row 2423] s24 idx 103  OK         17.092 ms
[row 2424] s24 idx 104  OK         16.806 ms
[row 2425] s24 idx 105  OK         16.900 ms
[row 2426] s24 idx 106  OK         17.044 ms
[row 2427] s24 idx 107  OK         17.038 ms
[row 2428] s24 idx 108  OK         16.777 ms
[row 2429] s24 idx 109  OK         16.917 ms
[row 2430] s24 idx 110  OK         16.915 ms
[row 2431] s24 idx 111  OK         16.939 ms
[row 2432] s24 idx 112  OK         16.977 ms
[row 2433] s24 idx 113  OK         16.941 ms
[row 2434] s24 idx 114  OK         16.843 ms
[row 2435] s24 idx 115  OK         16.918 ms
[row 2436] s24 idx 116  OK         17.017 ms
[row 2437] s24 idx 117  OK         16.960 ms
[row 2438] s24 idx 118  OK         16.898 ms
[row 2439] s24 idx 119  OK         16.874 ms
[row 2440] s24 idx 120  OK         16.889 ms
[row 2441] s24 idx 121  OK         16.945 ms
[row 2442] s24 idx 122  OK         16.964 ms
[row 2443] s24 idx 123  OK         16.900 ms
[row 2444] s24 idx 124  OK         16.859 ms
[row 2445] s24 idx 125  OK         16.909 ms
[row 2446] s24 idx 126  OK         16.935 ms
[row 2447] s24 idx 127  OK         16.970 ms
[row 2448] s24 idx 128  OK         17.114 ms
[row 2449] s24 idx 129  OK         16.709 ms
[row 2450] s24 idx 130  OK         17.094 ms
[row 2451] s24 idx 131  OK         16.906 ms
[row 2452] s24 idx 132  OK         16.755 ms
[row 2453] s24 idx 133  OK         16.931 ms
[row 2454] s24 idx 134  OK         16.884 ms
[row 2455] s24 idx 135  OK         16.974 ms
[row 2456] s24 idx 136  OK         16.837 ms
[row 2457] s24 idx 137  OK         16.987 ms
[row 2458] s24 idx 138  OK         16.864 ms
[row 2459] s24 idx 139  OK         16.929 ms
[row 2460] s24 idx 140  OK         16.898 ms
[row 2461] s24 idx 141  OK         16.908 ms
[row 2462] s24 idx 142  OK         16.933 ms
[row 2463] s24 idx 143  OK         17.023 ms
[row 2464] s24 idx 144  OK         16.928 ms
[row 2465] s24 idx 145  OK         16.919 ms
[row 2466] s24 idx 146  OK         16.807 ms
[row 2467] s24 idx 147  OK         17.081 ms
[row 2468] s24 idx 148  OK         16.974 ms
[row 2469] s24 idx 149  OK         16.809 ms
[row 2470] s24 idx 150  OK         16.930 ms
[row 2471] s24 idx 151  OK         16.896 ms
[row 2472] s24 idx 152  OK         16.975 ms
[row 2473] s24 idx 153  OK         16.995 ms
[row 2474] s24 idx 154  OK         16.773 ms
[row 2475] s24 idx 155  OK         16.921 ms
[row 2476] s24 idx 156  OK         16.845 ms
[row 2477] s24 idx 157  OK         16.912 ms
[row 2478] s24 idx 158  OK         16.975 ms
[row 2479] s24 idx 159  OK         16.931 ms
[row 2480] s24 idx 160  OK         16.902 ms
[row 2481] s24 idx 161  OK         16.955 ms
[row 2482] s24 idx 162  OK         16.923 ms
[row 2483] s24 idx 163  OK         16.932 ms
[row 2484] s24 idx 164  OK         16.901 ms
[row 2485] s24 idx 165  OK         16.856 ms
[row 2486] s24 idx 166  OK         16.960 ms
[row 2487] s24 idx 167  OK         16.856 ms
[row 2488] s24 idx 168  OK         16.876 ms
[row 2489] s24 idx 169  OK         16.905 ms
[row 2490] s24 idx 170  OK         16.949 ms
[row 2491] s24 idx 171  OK         16.891 ms
[row 2492] s24 idx 172  OK         16.941 ms
[row 2493] s24 idx 173  OK         16.916 ms
[row 2494] s24 idx 174  OK         16.879 ms
[row 2495] s24 idx 175  OK         16.904 ms
[row 2496] s24 idx 176  OK         16.914 ms
[row 2497] s24 idx 177  OK         16.914 ms
[row 2498] s24 idx 178  OK         16.902 ms
[row 2499] s24 idx 179  OK         16.901 ms
[row 2500] s24 idx 180  OK         16.950 ms
[row 2501] s24 idx 181  OK         17.000 ms
[row 2502] s24 idx 182  OK         16.845 ms
[row 2503] s24 idx 183  OK         16.886 ms
[row 2504] s24 idx 184  OK         16.928 ms
[row 2505] s24 idx 185  OK         16.896 ms
[row 2506] s24 idx 186  OK         16.894 ms
[row 2507] s24 idx 187  OK         16.915 ms
[row 2508] s24 idx 188  OK         16.899 ms
[row 2509] s24 idx 189  OK         16.941 ms
[row 2510] s24 idx 190  OK         16.929 ms
[row 2511] s24 idx 191  OK         16.849 ms
[row 2512] s24 idx 192  OK         17.001 ms
[row 2513] s24 idx 193  OK         16.852 ms
[row 2514] s24 idx 194  OK         16.878 ms
[row 2515] s24 idx 195  OK         16.973 ms
[row 2516] s24 idx 196  OK         16.853 ms
[row 2517] s24 idx 197  OK         16.926 ms
[row 2518] s24 idx 198  OK         16.943 ms
[row 2519] s24 idx 199  OK         16.925 ms
[row 2520] s24 idx 200  OK         16.910 ms
[row 2521] s24 idx 201  OK         16.944 ms
[row 2522] s24 idx 202  OK         16.884 ms
[row 2523] s24 idx 203  OK         16.943 ms
[row 2524] s24 idx 204  OK         16.930 ms
[row 2525] s24 idx 205  OK         16.912 ms
[row 2526] s24 idx 206  OK         16.907 ms
[row 2527] s24 idx 207  OK         16.971 ms
[row 2528] s24 idx 208  OK         16.962 ms
[row 2529] s24 idx 209  OK         16.817 ms
[row 2530] s24 idx 210  OK         16.913 ms
[row 2531] s24 idx 211  OK         16.955 ms
[row 2532] s24 idx 212  OK         16.919 ms
[row 2533] s24 idx 213  OK         16.930 ms
[row 2534] s24 idx 214  OK         17.026 ms
[row 2535] s24 idx 215  OK         16.805 ms
[row 2536] s24 idx 216  OK         17.013 ms
[row 2537] s24 idx 217  OK         16.820 ms
[row 2538] s24 idx 218  OK         16.912 ms
[row 2539] s24 idx 219  OK         16.990 ms
[row 2540] s24 idx 220  OK         17.005 ms
[row 2541] s24 idx 221  OK         16.795 ms
[row 2542] s24 idx 222  OK         16.942 ms
[row 2543] s24 idx 223  OK         16.900 ms
[row 2544] s24 idx 224  OK         17.238 ms
[row 2545] s24 idx 225  OK         16.664 ms
[row 2546] s24 idx 226  OK         16.893 ms
[row 2547] s24 idx 227  OK         17.073 ms
[row 2548] s24 idx 228  OK         16.836 ms
[row 2549] s24 idx 229  OK         16.954 ms
[row 2550] s24 idx 230  OK         16.931 ms
[row 2551] s24 idx 231  OK         16.964 ms
[row 2552] s24 idx 232  OK         16.842 ms
[row 2553] s24 idx 233  OK         16.976 ms
[row 2554] s24 idx 234  OK         16.923 ms
[row 2555] s24 idx 235  OK         16.864 ms
[row 2556] s24 idx 236  OK         16.959 ms
[row 2557] s24 idx 237  OK         16.925 ms
[row 2558] s24 idx 238  OK         16.878 ms
[row 2559] s24 idx 239  OK         16.951 ms
[row 2560] s24 idx 240  OK         16.874 ms
[row 2561] s24 idx 241  OK         16.974 ms
[row 2562] s24 idx 242  OK         16.923 ms
[row 2563] s24 idx 243  OK         16.938 ms
[row 2564] s24 idx 244  OK         16.887 ms
[row 2565] s24 idx 245  OK         17.024 ms
[row 2566] s24 idx 246  OK         16.866 ms
[row 2567] s24 idx 247  OK         16.913 ms
[row 2568] s24 idx 248  OK         16.916 ms
[row 2569] s24 idx 249  OK         16.963 ms
[row 2570] s24 idx 250  OK         16.920 ms
[row 2571] s24 idx 251  OK         16.961 ms
[row 2572] s24 idx 252  OK         17.111 ms
[row 2573] s24 idx 253  OK         19.475 ms
[row 2574] s24 idx 254  OK         15.451 ms
[row 2575] s24 idx 255  OK         16.114 ms
[row 2576] s24 idx 256  OK         16.578 ms
[row 2577] s25 idx   0  OK         17.024 ms
[row 2578] s25 idx   1  OK         16.523 ms
[row 2579] s25 idx   2  OK         16.928 ms
[row 2580] s25 idx   3  OK         16.881 ms
[row 2581] s25 idx   4  OK         16.955 ms
[row 2582] s25 idx   5  OK         16.974 ms
[row 2583] s25 idx   6  OK         17.542 ms
[row 2584] s25 idx   7  OK         16.188 ms
[row 2585] s25 idx   8  OK         16.865 ms
[row 2586] s25 idx   9  OK         16.991 ms
[row 2587] s25 idx  10  OK         16.915 ms
[row 2588] s25 idx  11  OK         16.871 ms
[row 2589] s25 idx  12  OK         16.902 ms
[row 2590] s25 idx  13  OK         16.912 ms
[row 2591] s25 idx  14  OK         16.989 ms
[row 2592] s25 idx  15  OK         16.925 ms
[row 2593] s25 idx  16  OK         17.175 ms
[row 2594] s25 idx  17  OK         16.769 ms
[row 2595] s25 idx  18  OK         16.902 ms
[row 2596] s25 idx  19  OK         16.941 ms
[row 2597] s25 idx  20  OK         16.897 ms
[row 2598] s25 idx  21  OK         16.806 ms
[row 2599] s25 idx  22  OK         16.988 ms
[row 2600] s25 idx  23  OK         17.016 ms
[row 2601] s25 idx  24  OK         16.810 ms
[row 2602] s25 idx  25  OK         16.892 ms
[row 2603] s25 idx  26  OK         16.926 ms
[row 2604] s25 idx  27  OK         16.950 ms
[row 2605] s25 idx  28  OK         16.935 ms
[row 2606] s25 idx  29  OK         16.872 ms
[row 2607] s25 idx  30  OK         16.875 ms
[row 2608] s25 idx  31  OK         16.948 ms
[row 2609] s25 idx  32  OK         16.923 ms
[row 2610] s25 idx  33  OK         16.913 ms
[row 2611] s25 idx  34  OK         16.932 ms
[row 2612] s25 idx  35  OK         16.899 ms
[row 2613] s25 idx  36  OK         18.488 ms
[row 2614] s25 idx  37  OK         15.333 ms
[row 2615] s25 idx  38  OK         16.907 ms
[row 2616] s25 idx  39  OK         16.961 ms
[row 2617] s25 idx  40  OK         16.876 ms
[row 2618] s25 idx  41  OK         16.974 ms
[row 2619] s25 idx  42  OK         16.955 ms
[row 2620] s25 idx  43  OK         16.957 ms
[row 2621] s25 idx  44  OK         16.910 ms
[row 2622] s25 idx  45  OK         17.788 ms
[row 2623] s25 idx  46  OK         15.977 ms
[row 2624] s25 idx  47  OK         16.954 ms
[row 2625] s25 idx  48  OK         16.909 ms
[row 2626] s25 idx  49  OK         16.889 ms
[row 2627] s25 idx  50  OK         16.887 ms
[row 2628] s25 idx  51  OK         16.941 ms
[row 2629] s25 idx  52  OK         16.887 ms
[row 2630] s25 idx  53  OK         16.989 ms
[row 2631] s25 idx  54  OK         16.887 ms
[row 2632] s25 idx  55  OK         16.988 ms
[row 2633] s25 idx  56  OK         16.909 ms
[row 2634] s25 idx  57  OK         16.922 ms
[row 2635] s25 idx  58  OK         17.023 ms
[row 2636] s25 idx  59  OK         16.822 ms
[row 2637] s25 idx  60  OK         16.845 ms
[row 2638] s25 idx  61  OK         17.046 ms
[row 2639] s25 idx  62  OK         16.891 ms
[row 2640] s25 idx  63  OK         16.957 ms
[row 2641] s25 idx  64  OK         16.822 ms
[row 2642] s25 idx  65  OK         17.034 ms
[row 2643] s25 idx  66  OK         16.870 ms
[row 2644] s25 idx  67  OK         16.914 ms
[row 2645] s25 idx  68  OK         16.882 ms
[row 2646] s25 idx  69  OK         16.880 ms
[row 2647] s25 idx  70  OK         16.874 ms
[row 2648] s25 idx  71  OK         16.944 ms
[row 2649] s25 idx  72  OK         16.955 ms
[row 2650] s25 idx  73  OK         16.911 ms
[row 2651] s25 idx  74  OK         16.873 ms
[row 2652] s25 idx  75  OK         16.936 ms
[row 2653] s25 idx  76  OK         16.920 ms
[row 2654] s25 idx  77  OK         16.971 ms
[row 2655] s25 idx  78  OK         16.912 ms
[row 2656] s25 idx  79  OK         16.908 ms
[row 2657] s25 idx  80  OK         16.958 ms
[row 2658] s25 idx  81  OK         16.938 ms
[row 2659] s25 idx  82  OK         16.886 ms
[row 2660] s25 idx  83  OK         16.981 ms
[row 2661] s25 idx  84  OK         16.906 ms
[row 2662] s25 idx  85  OK         16.972 ms
[row 2663] s25 idx  86  OK         16.915 ms
[row 2664] s25 idx  87  OK         16.928 ms
[row 2665] s25 idx  88  OK         16.919 ms
[row 2666] s25 idx  89  OK         16.879 ms
[row 2667] s25 idx  90  OK         16.989 ms
[row 2668] s25 idx  91  OK         16.823 ms
[row 2669] s25 idx  92  OK         16.926 ms
[row 2670] s25 idx  93  OK         16.947 ms
[row 2671] s25 idx  94  OK         16.868 ms
[row 2672] s25 idx  95  OK         16.883 ms
[row 2673] s25 idx  96  OK         16.961 ms
[row 2674] s25 idx  97  OK         16.913 ms
[row 2675] s25 idx  98  OK         16.891 ms
[row 2676] s25 idx  99  OK         16.918 ms
[row 2677] s25 idx 100  OK         16.892 ms
[row 2678] s25 idx 101  OK         17.016 ms
[row 2679] s25 idx 102  OK         16.875 ms
[row 2680] s25 idx 103  OK         16.875 ms
[row 2681] s25 idx 104  OK         16.950 ms
[row 2682] s25 idx 105  OK         16.955 ms
[row 2683] s25 idx 106  OK         16.807 ms
[row 2684] s25 idx 107  OK         16.943 ms
[row 2685] s25 idx 108  OK         16.998 ms
[row 2686] s25 idx 109  OK         16.855 ms
[row 2687] s25 idx 110  OK         17.093 ms
[row 2688] s25 idx 111  OK         16.861 ms
[row 2689] s25 idx 112  OK         16.908 ms
[row 2690] s25 idx 113  OK         16.901 ms
[row 2691] s25 idx 114  OK         17.119 ms
[row 2692] s25 idx 115  OK         16.660 ms
[row 2693] s25 idx 116  OK         16.998 ms
[row 2694] s25 idx 117  OK         16.890 ms
[row 2695] s25 idx 118  OK         16.940 ms
[row 2696] s25 idx 119  OK         16.938 ms
[row 2697] s25 idx 120  OK         17.035 ms
[row 2698] s25 idx 121  OK         16.801 ms
[row 2699] s25 idx 122  OK         17.000 ms
[row 2700] s25 idx 123  OK         16.905 ms
[row 2701] s25 idx 124  OK         16.916 ms
[row 2702] s25 idx 125  OK         16.866 ms
[row 2703] s25 idx 126  OK         17.027 ms
[row 2704] s25 idx 127  OK         16.874 ms
[row 2705] s25 idx 128  OK         16.905 ms
[row 2706] s25 idx 129  OK         16.785 ms
[row 2707] s25 idx 130  OK         16.996 ms
[row 2708] s25 idx 131  OK         16.922 ms
[row 2709] s25 idx 132  OK         16.910 ms
[row 2710] s25 idx 133  OK         16.921 ms
[row 2711] s25 idx 134  OK         16.934 ms
[row 2712] s25 idx 135  OK         16.957 ms
[row 2713] s25 idx 136  OK         16.894 ms
[row 2714] s25 idx 137  OK         17.141 ms
[row 2715] s25 idx 138  OK         16.815 ms
[row 2716] s25 idx 139  OK         16.837 ms
[row 2717] s25 idx 140  OK         16.957 ms
[row 2718] s25 idx 141  OK         16.898 ms
[row 2719] s25 idx 142  OK         16.935 ms
[row 2720] s25 idx 143  OK         17.036 ms
[row 2721] s25 idx 144  OK         16.826 ms
[row 2722] s25 idx 145  OK         16.908 ms
[row 2723] s25 idx 146  OK         17.007 ms
[row 2724] s25 idx 147  OK         16.909 ms
[row 2725] s25 idx 148  OK         16.855 ms
[row 2726] s25 idx 149  OK         16.974 ms
[row 2727] s25 idx 150  OK         16.835 ms
[row 2728] s25 idx 151  OK         16.979 ms
[row 2729] s25 idx 152  OK         16.843 ms
[row 2730] s25 idx 153  OK         16.927 ms
[row 2731] s25 idx 154  OK         16.921 ms
[row 2732] s25 idx 155  OK         16.922 ms
[row 2733] s25 idx 156  OK         16.921 ms
[row 2734] s25 idx 157  OK         16.886 ms
[row 2735] s25 idx 158  OK         16.983 ms
[row 2736] s25 idx 159  OK         16.840 ms
[row 2737] s25 idx 160  OK         16.931 ms
[row 2738] s25 idx 161  OK         16.896 ms
[row 2739] s25 idx 162  OK         16.983 ms
[row 2740] s25 idx 163  OK         16.938 ms
[row 2741] s25 idx 164  OK         16.820 ms
[row 2742] s25 idx 165  OK         16.929 ms
[row 2743] s25 idx 166  OK         16.946 ms
[row 2744] s25 idx 167  OK         16.926 ms
[row 2745] s25 idx 168  OK         16.978 ms
[row 2746] s25 idx 169  OK         16.871 ms
[row 2747] s25 idx 170  OK         16.901 ms
[row 2748] s25 idx 171  OK         16.892 ms
[row 2749] s25 idx 172  OK         16.927 ms
[row 2750] s25 idx 173  OK         16.985 ms
[row 2751] s25 idx 174  OK         16.805 ms
[row 2752] s25 idx 175  OK         17.011 ms
[row 2753] s25 idx 176  OK         16.922 ms
[row 2754] s25 idx 177  OK         16.857 ms
[row 2755] s25 idx 178  OK         17.045 ms
[row 2756] s25 idx 179  OK         16.857 ms
[row 2757] s25 idx 180  OK         16.979 ms
[row 2758] s25 idx 181  OK         16.866 ms
[row 2759] s25 idx 182  OK         17.054 ms
[row 2760] s25 idx 183  OK         16.946 ms
[row 2761] s25 idx 184  OK         16.798 ms
[row 2762] s25 idx 185  OK         17.033 ms
[row 2763] s25 idx 186  OK         16.827 ms
[row 2764] s25 idx 187  OK         16.913 ms
[row 2765] s25 idx 188  OK         16.988 ms
[row 2766] s25 idx 189  OK         16.969 ms
[row 2767] s25 idx 190  OK         17.001 ms
[row 2768] s25 idx 191  OK         16.921 ms
[row 2769] s25 idx 192  OK         16.834 ms
[row 2770] s25 idx 193  OK         16.904 ms
[row 2771] s25 idx 194  OK         17.040 ms
[row 2772] s25 idx 195  OK         16.948 ms
[row 2773] s25 idx 196  OK         16.771 ms
[row 2774] s25 idx 197  OK         16.879 ms
[row 2775] s25 idx 198  OK         16.901 ms
[row 2776] s25 idx 199  OK         17.060 ms
[row 2777] s25 idx 200  OK         16.863 ms
[row 2778] s25 idx 201  OK         17.028 ms
[row 2779] s25 idx 202  OK         16.953 ms
[row 2780] s25 idx 203  OK         16.747 ms
[row 2781] s25 idx 204  OK         16.962 ms
[row 2782] s25 idx 205  OK         17.036 ms
[row 2783] s25 idx 206  OK         16.819 ms
[row 2784] s25 idx 207  OK         16.914 ms
[row 2785] s25 idx 208  OK         16.948 ms
[row 2786] s25 idx 209  OK         16.835 ms
[row 2787] s25 idx 210  OK         16.952 ms
[row 2788] s25 idx 211  OK         16.943 ms
[row 2789] s25 idx 212  OK         16.941 ms
[row 2790] s25 idx 213  OK         16.934 ms
[row 2791] s25 idx 214  OK         16.824 ms
[row 2792] s25 idx 215  OK         16.869 ms
[row 2793] s25 idx 216  OK         17.032 ms
[row 2794] s25 idx 217  OK         16.810 ms
[row 2795] s25 idx 218  OK         16.933 ms
[row 2796] s25 idx 219  OK         16.891 ms
[row 2797] s25 idx 220  OK         16.966 ms
[row 2798] s25 idx 221  OK         16.834 ms
[row 2799] s25 idx 222  OK         16.925 ms
[row 2800] s25 idx 223  OK         16.874 ms
[row 2801] s25 idx 224  OK         17.063 ms
[row 2802] s25 idx 225  OK         16.795 ms
[row 2803] s25 idx 226  OK         16.865 ms
[row 2804] s25 idx 227  OK         16.963 ms
[row 2805] s25 idx 228  OK         16.898 ms
[row 2806] s25 idx 229  OK         16.863 ms
[row 2807] s25 idx 230  OK         16.934 ms
[row 2808] s25 idx 231  OK         16.885 ms
[row 2809] s25 idx 232  OK         16.927 ms
[row 2810] s25 idx 233  OK         16.950 ms
[row 2811] s25 idx 234  OK         16.864 ms
[row 2812] s25 idx 235  OK         16.940 ms
[row 2813] s25 idx 236  OK         16.894 ms
[row 2814] s25 idx 237  OK         16.953 ms
[row 2815] s25 idx 238  OK         16.868 ms
[row 2816] s25 idx 239  OK         16.961 ms
[row 2817] s25 idx 240  OK         16.944 ms
[row 2818] s25 idx 241  OK         16.889 ms
[row 2819] s25 idx 242  OK         16.994 ms
[row 2820] s25 idx 243  OK         16.883 ms
[row 2821] s25 idx 244  OK         17.037 ms
[row 2822] s25 idx 245  OK         16.825 ms
[row 2823] s25 idx 246  OK         16.980 ms
[row 2824] s25 idx 247  OK         16.854 ms
[row 2825] s25 idx 248  OK         16.897 ms
[row 2826] s25 idx 249  OK         16.929 ms
[row 2827] s25 idx 250  OK         16.967 ms
[row 2828] s25 idx 251  OK         16.940 ms
[row 2829] s25 idx 252  OK         16.899 ms
[row 2830] s25 idx 253  OK         16.893 ms
[row 2831] s25 idx 254  OK         16.885 ms
[row 2832] s25 idx 255  OK         16.939 ms
[row 2833] s25 idx 256  OK         16.942 ms

================================================================
CUSTOM-RUNNER MEASUREMENT (not the official scoring script)
================================================================
fixture   /home/wayne/devel/jane/even_smaller/serial_adder_approach/board_results/board-serial195-20261004-074904-7xcoryuz/custom-fixture.jsonl
transport {"kind": "serial", "port": "/dev/ttyUSB1", "baud": 115200}   timeout 1 s
sent      2834/2834
all rows  OK 2834 | MISMATCH 0 | SHORT 0 | TIMEOUT 0
scored    OK 2443 | MISMATCH 0 | SHORT 0 | TIMEOUT 0   (index >= 16)
unsolicited-byte events  0
latency over 2834 complete responses:  mean 16.917 ms | median 16.922 ms | p95 17.047 ms
csv       /home/wayne/devel/jane/even_smaller/serial_adder_approach/board_results/board-serial195-20261004-074904-7xcoryuz/custom-after-reset/custom-runner_custom-fixture_serial195_20261004-075121.csv
summary   /home/wayne/devel/jane/even_smaller/serial_adder_approach/board_results/board-serial195-20261004-074904-7xcoryuz/custom-after-reset/custom-runner_custom-fixture_serial195_20261004-075121.summary.json
