runner,row,session,index,scored,status,detail,request_hex,expected_hex,response_hex,bytes_received,stale_before_send_hex,rtt_us
custom-runner,0,0,0,no,OK,,00 00 11 00 00 22 ff ff,00 00 11 00 22 00 00 00,00 00 11 00 22 00 00 00,8,,3087.44
custom-runner,1,0,1,no,OK,,00 01 22 ff ff 11 00 00,00 01 22 00 11 00 00 00,00 01 22 00 11 00 00 00,8,,16974.02
custom-runner,2,0,2,no,OK,,00 02 11 00 00 22 ff ff,00 02 11 00 22 00 00 00,00 02 11 00 22 00 00 00,8,,17036.98
custom-runner,3,0,3,no,OK,,00 03 22 ff ff 11 00 00,00 03 22 00 11 00 00 00,00 03 22 00 11 00 00 00,8,,16862.90
custom-runner,4,0,4,no,OK,,00 04 11 00 00 22 ff ff,00 04 11 00 22 00 00 00,00 04 11 00 22 00 00 00,8,,17045.99
custom-runner,5,0,5,no,OK,,00 05 22 ff ff 11 00 00,00 05 22 00 11 00 00 00,00 05 22 00 11 00 00 00,8,,16962.74
custom-runner,6,0,6,no,OK,,00 06 11 00 00 22 ff ff,00 06 11 00 22 00 00 00,00 06 11 00 22 00 00 00,8,,16761.67
custom-runner,7,0,7,no,OK,,00 07 22 ff ff 11 00 00,00 07 22 00 11 00 00 00,00 07 22 00 11 00 00 00,8,,17072.86
custom-runner,8,0,8,no,OK,,00 08 11 00 00 22 ff ff,00 08 11 00 22 00 00 00,00 08 11 00 22 00 00 00,8,,16831.48
custom-runner,9,0,9,no,OK,,00 09 22 ff ff 11 00 00,00 09 22 00 11 00 00 00,00 09 22 00 11 00 00 00,8,,16948.69
custom-runner,10,0,10,no,OK,,00 0a 11 00 00 22 ff ff,00 0a 11 00 22 00 00 00,00 0a 11 00 22 00 00 00,8,,17007.22
custom-runner,11,0,11,no,OK,,00 0b 22 ff ff 11 00 00,00 0b 22 00 11 00 00 00,00 0b 22 00 11 00 00 00,8,,16831.88
custom-runner,12,0,12,no,OK,,00 0c 11 00 00 22 ff ff,00 0c 11 00 22 00 00 00,00 0c 11 00 22 00 00 00,8,,16975.72
custom-runner,13,0,13,no,OK,,00 0d 22 ff ff 11 00 00,00 0d 22 00 11 00 00 00,00 0d 22 00 11 00 00 00,8,,16830.42
custom-runner,14,0,14,no,OK,,00 0e 11 00 00 22 ff ff,00 0e 11 00 22 00 00 00,00 0e 11 00 22 00 00 00,8,,17130.36
custom-runner,15,0,15,no,OK,,00 0f 22 ff ff 11 00 00,00 0f 22 00 11 00 00 00,00 0f 22 00 11 00 00 00,8,,16769.52
custom-runner,16,0,16,yes,OK,,00 10 11 ff ff 22 00 00,00 10 11 02 22 01 00 00,00 10 11 02 22 01 00 00,8,,17012.17
custom-runner,17,0,17,yes,OK,,00 11 22 ff ff 11 00 00,00 11 22 02 11 01 00 00,00 11 22 02 11 01 00 00,8,,16930.54
custom-runner,18,0,18,yes,OK,,00 12 11 00 01 22 ff fe,00 12 11 01 22 02 00 00,00 12 11 01 22 02 00 00,8,,16789.71
custom-runner,19,0,19,yes,OK,,00 13 22 00 01 11 ff fe,00 13 22 01 11 02 00 00,00 13 22 01 11 02 00 00,8,,17055.54
custom-runner,20,0,20,yes,OK,,00 14 11 ff ff 22 00 00,00 14 11 02 22 01 00 00,00 14 11 02 22 01 00 00,8,,16833.10
custom-runner,21,0,21,yes,OK,,00 15 22 ff ff 11 00 00,00 15 22 02 11 01 00 00,00 15 22 02 11 01 00 00,8,,17092.60
custom-runner,22,0,22,yes,OK,,00 16 11 00 01 22 ff fe,00 16 11 01 22 02 00 00,00 16 11 01 22 02 00 00,8,,16854.51
custom-runner,23,0,23,yes,OK,,00 17 22 00 01 11 ff fe,00 17 22 01 11 02 00 00,00 17 22 01 11 02 00 00,8,,16821.85
custom-runner,24,0,24,yes,OK,,00 18 11 ff ff 22 00 00,00 18 11 02 22 01 00 00,00 18 11 02 22 01 00 00,8,,16958.42
custom-runner,25,0,25,yes,OK,,00 19 22 ff ff 11 00 00,00 19 22 02 11 01 00 00,00 19 22 02 11 01 00 00,8,,16985.25
custom-runner,26,0,26,yes,OK,,00 1a 11 00 01 22 ff fe,00 1a 11 01 22 02 00 00,00 1a 11 01 22 02 00 00,8,,16890.52
custom-runner,27,0,27,yes,OK,,00 1b 22 00 01 11 ff fe,00 1b 22 01 11 02 00 00,00 1b 22 01 11 02 00 00,8,,16943.83
custom-runner,28,0,28,yes,OK,,00 1c 11 ff ff 22 00 00,00 1c 11 02 22 01 00 00,00 1c 11 02 22 01 00 00,8,,16873.64
custom-runner,29,0,29,yes,OK,,00 1d 22 ff ff 11 00 00,00 1d 22 02 11 01 00 00,00 1d 22 02 11 01 00 00,8,,16939.05
custom-runner,30,0,30,yes,OK,,00 1e 11 00 01 22 ff fe,00 1e 11 01 22 02 00 00,00 1e 11 01 22 02 00 00,8,,16893.75
custom-runner,31,0,31,yes,OK,,00 1f 22 00 01 11 ff fe,00 1f 22 01 11 02 00 00,00 1f 22 01 11 02 00 00,8,,17105.67
custom-runner,32,0,32,yes,OK,,00 20 11 ff ff 22 00 00,00 20 11 02 22 01 00 00,00 20 11 02 22 01 00 00,8,,16830.61
custom-runner,33,0,33,yes,OK,,00 21 22 ff ff 11 00 00,00 21 22 02 11 01 00 00,00 21 22 02 11 01 00 00,8,,16900.59
custom-runner,34,0,34,yes,OK,,00 22 11 00 01 22 ff fe,00 22 11 01 22 02 00 00,00 22 11 01 22 02 00 00,8,,17011.18
custom-runner,35,0,35,yes,OK,,00 23 22 00 01 11 ff fe,00 23 22 01 11 02 00 00,00 23 22 01 11 02 00 00,8,,16887.91
custom-runner,36,0,36,yes,OK,,00 24 11 ff ff 22 00 00,00 24 11 02 22 01 00 00,00 24 11 02 22 01 00 00,8,,16993.63
custom-runner,37,0,37,yes,OK,,00 25 22 ff ff 11 00 00,00 25 22 02 11 01 00 00,00 25 22 02 11 01 00 00,8,,16873.77
custom-runner,38,0,38,yes,OK,,00 26 11 00 01 22 ff fe,00 26 11 01 22 02 00 00,00 26 11 01 22 02 00 00,8,,16937.49
custom-runner,39,0,39,yes,OK,,00 27 22 00 01 11 ff fe,00 27 22 01 11 02 00 00,00 27 22 01 11 02 00 00,8,,17094.72
custom-runner,40,0,40,yes,OK,,00 28 11 ff ff 22 00 00,00 28 11 02 22 01 00 00,00 28 11 02 22 01 00 00,8,,16691.19
custom-runner,41,0,41,yes,OK,,00 29 22 ff ff 11 00 00,00 29 22 02 11 01 00 00,00 29 22 02 11 01 00 00,8,,16975.56
custom-runner,42,0,42,yes,OK,,00 2a 11 00 01 22 ff fe,00 2a 11 01 22 02 00 00,00 2a 11 01 22 02 00 00,8,,17103.09
custom-runner,43,0,43,yes,OK,,00 2b 22 00 01 11 ff fe,00 2b 22 01 11 02 00 00,00 2b 22 01 11 02 00 00,8,,16717.89
custom-runner,44,0,44,yes,OK,,00 2c 11 ff ff 22 00 00,00 2c 11 02 22 01 00 00,00 2c 11 02 22 01 00 00,8,,17039.63
custom-runner,45,0,45,yes,OK,,00 2d 22 ff ff 11 00 00,00 2d 22 02 11 01 00 00,00 2d 22 02 11 01 00 00,8,,16888.68
custom-runner,46,0,46,yes,OK,,00 2e 11 00 01 22 ff fe,00 2e 11 01 22 02 00 00,00 2e 11 01 22 02 00 00,8,,16753.71
custom-runner,47,0,47,yes,OK,,00 2f 22 00 01 11 ff fe,00 2f 22 01 11 02 00 00,00 2f 22 01 11 02 00 00,8,,17062.37
custom-runner,48,0,48,yes,OK,,00 30 11 ff ff 22 00 00,00 30 11 02 22 01 00 00,00 30 11 02 22 01 00 00,8,,16851.62
custom-runner,49,0,49,yes,OK,,00 31 22 ff ff 11 00 00,00 31 22 02 11 01 00 00,00 31 22 02 11 01 00 00,8,,16875.32
custom-runner,50,0,50,yes,OK,,00 32 11 00 01 22 ff fe,00 32 11 01 22 02 00 00,00 32 11 01 22 02 00 00,8,,16960.28
custom-runner,51,0,51,yes,OK,,00 33 22 00 01 11 ff fe,00 33 22 01 11 02 00 00,00 33 22 01 11 02 00 00,8,,17041.59
custom-runner,52,0,52,yes,OK,,00 34 11 ff ff 22 00 00,00 34 11 02 22 01 00 00,00 34 11 02 22 01 00 00,8,,16975.49
custom-runner,53,0,53,yes,OK,,00 35 22 ff ff 11 00 00,00 35 22 02 11 01 00 00,00 35 22 02 11 01 00 00,8,,16885.28
custom-runner,54,0,54,yes,OK,,00 36 11 00 01 22 ff fe,00 36 11 01 22 02 00 00,00 36 11 01 22 02 00 00,8,,16892.80
custom-runner,55,0,55,yes,OK,,00 37 22 00 01 11 ff fe,00 37 22 01 11 02 00 00,00 37 22 01 11 02 00 00,8,,17009.84
custom-runner,56,0,56,yes,OK,,00 38 11 ff ff 22 00 00,00 38 11 02 22 01 00 00,00 38 11 02 22 01 00 00,8,,17009.98
custom-runner,57,0,57,yes,OK,,00 39 22 ff ff 11 00 00,00 39 22 02 11 01 00 00,00 39 22 02 11 01 00 00,8,,16833.15
custom-runner,58,0,58,yes,OK,,00 3a 11 00 01 22 ff fe,00 3a 11 01 22 02 00 00,00 3a 11 01 22 02 00 00,8,,16960.28
custom-runner,59,0,59,yes,OK,,00 3b 22 00 01 11 ff fe,00 3b 22 01 11 02 00 00,00 3b 22 01 11 02 00 00,8,,16837.18
custom-runner,60,0,60,yes,OK,,00 3c 11 ff ff 22 00 00,00 3c 11 02 22 01 00 00,00 3c 11 02 22 01 00 00,8,,16936.15
custom-runner,61,0,61,yes,OK,,00 3d 22 ff ff 11 00 00,00 3d 22 02 11 01 00 00,00 3d 22 02 11 01 00 00,8,,16970.03
custom-runner,62,0,62,yes,OK,,00 3e 11 00 01 22 ff fe,00 3e 11 01 22 02 00 00,00 3e 11 01 22 02 00 00,8,,17073.56
custom-runner,63,0,63,yes,OK,,00 3f 22 00 01 11 ff fe,00 3f 22 01 11 02 00 00,00 3f 22 01 11 02 00 00,8,,16908.25
custom-runner,64,0,64,yes,OK,,00 40 11 ff ff 22 00 00,00 40 11 02 22 01 00 00,00 40 11 02 22 01 00 00,8,,16979.95
custom-runner,65,0,65,yes,OK,,00 41 22 ff ff 11 00 00,00 41 22 02 11 01 00 00,00 41 22 02 11 01 00 00,8,,16871.87
custom-runner,66,0,66,yes,OK,,00 42 11 00 01 22 ff fe,00 42 11 01 22 02 00 00,00 42 11 01 22 02 00 00,8,,17000.98
custom-runner,67,0,67,yes,OK,,00 43 22 00 01 11 ff fe,00 43 22 01 11 02 00 00,00 43 22 01 11 02 00 00,8,,16864.02
custom-runner,68,0,68,yes,OK,,00 44 11 ff ff 22 00 00,00 44 11 02 22 01 00 00,00 44 11 02 22 01 00 00,8,,16858.82
custom-runner,69,0,69,yes,OK,,00 45 22 ff ff 11 00 00,00 45 22 02 11 01 00 00,00 45 22 02 11 01 00 00,8,,16958.48
custom-runner,70,0,70,yes,OK,,00 46 11 00 01 22 ff fe,00 46 11 01 22 02 00 00,00 46 11 01 22 02 00 00,8,,16949.92
custom-runner,71,0,71,yes,OK,,00 47 22 00 01 11 ff fe,00 47 22 01 11 02 00 00,00 47 22 01 11 02 00 00,8,,16897.57
custom-runner,72,0,72,yes,OK,,00 48 11 ff ff 22 00 00,00 48 11 02 22 01 00 00,00 48 11 02 22 01 00 00,8,,16916.04
custom-runner,73,0,73,yes,OK,,00 49 22 ff ff 11 00 00,00 49 22 02 11 01 00 00,00 49 22 02 11 01 00 00,8,,16886.12
custom-runner,74,0,74,yes,OK,,00 4a 11 00 01 22 ff fe,00 4a 11 01 22 02 00 00,00 4a 11 01 22 02 00 00,8,,16916.54
custom-runner,75,0,75,yes,OK,,00 4b 22 00 01 11 ff fe,00 4b 22 01 11 02 00 00,00 4b 22 01 11 02 00 00,8,,16932.91
custom-runner,76,0,76,yes,OK,,00 4c 11 ff ff 22 00 00,00 4c 11 02 22 01 00 00,00 4c 11 02 22 01 00 00,8,,16975.39
custom-runner,77,0,77,yes,OK,,00 4d 22 ff ff 11 00 00,00 4d 22 02 11 01 00 00,00 4d 22 02 11 01 00 00,8,,16928.19
custom-runner,78,0,78,yes,OK,,00 4e 11 00 01 22 ff fe,00 4e 11 01 22 02 00 00,00 4e 11 01 22 02 00 00,8,,16908.73
custom-runner,79,0,79,yes,OK,,00 4f 22 00 01 11 ff fe,00 4f 22 01 11 02 00 00,00 4f 22 01 11 02 00 00,8,,16886.44
custom-runner,80,0,80,yes,OK,,00 50 11 ff ff 22 00 00,00 50 11 02 22 01 00 00,00 50 11 02 22 01 00 00,8,,16975.59
custom-runner,81,0,81,yes,OK,,00 51 22 ff ff 11 00 00,00 51 22 02 11 01 00 00,00 51 22 02 11 01 00 00,8,,17018.36
custom-runner,82,0,82,yes,OK,,00 52 11 00 01 22 ff fe,00 52 11 01 22 02 00 00,00 52 11 01 22 02 00 00,8,,16927.76
custom-runner,83,0,83,yes,OK,,00 53 22 00 01 11 ff fe,00 53 22 01 11 02 00 00,00 53 22 01 11 02 00 00,8,,16900.46
custom-runner,84,0,84,yes,OK,,00 54 11 ff ff 22 00 00,00 54 11 02 22 01 00 00,00 54 11 02 22 01 00 00,8,,16887.24
custom-runner,85,0,85,yes,OK,,00 55 22 ff ff 11 00 00,00 55 22 02 11 01 00 00,00 55 22 02 11 01 00 00,8,,17053.88
custom-runner,86,0,86,yes,OK,,00 56 11 00 01 22 ff fe,00 56 11 01 22 02 00 00,00 56 11 01 22 02 00 00,8,,16785.70
custom-runner,87,0,87,yes,OK,,00 57 22 00 01 11 ff fe,00 57 22 01 11 02 00 00,00 57 22 01 11 02 00 00,8,,17006.46
custom-runner,88,0,88,yes,OK,,00 58 11 ff ff 22 00 00,00 58 11 02 22 01 00 00,00 58 11 02 22 01 00 00,8,,16915.61
custom-runner,89,0,89,yes,OK,,00 59 22 ff ff 11 00 00,00 59 22 02 11 01 00 00,00 59 22 02 11 01 00 00,8,,17038.86
custom-runner,90,0,90,yes,OK,,00 5a 11 00 01 22 ff fe,00 5a 11 01 22 02 00 00,00 5a 11 01 22 02 00 00,8,,16870.17
custom-runner,91,0,91,yes,OK,,00 5b 22 00 01 11 ff fe,00 5b 22 01 11 02 00 00,00 5b 22 01 11 02 00 00,8,,17014.33
custom-runner,92,0,92,yes,OK,,00 5c 11 ff ff 22 00 00,00 5c 11 02 22 01 00 00,00 5c 11 02 22 01 00 00,8,,16809.60
custom-runner,93,0,93,yes,OK,,00 5d 22 ff ff 11 00 00,00 5d 22 02 11 01 00 00,00 5d 22 02 11 01 00 00,8,,17023.67
custom-runner,94,0,94,yes,OK,,00 5e 11 00 01 22 ff fe,00 5e 11 01 22 02 00 00,00 5e 11 01 22 02 00 00,8,,16862.20
custom-runner,95,0,95,yes,OK,,00 5f 22 00 01 11 ff fe,00 5f 22 01 11 02 00 00,00 5f 22 01 11 02 00 00,8,,16892.65
custom-runner,96,0,96,yes,OK,,00 60 11 ff ff 22 00 00,00 60 11 02 22 01 00 00,00 60 11 02 22 01 00 00,8,,16919.15
custom-runner,97,0,97,yes,OK,,00 61 22 ff ff 11 00 00,00 61 22 02 11 01 00 00,00 61 22 02 11 01 00 00,8,,16869.53
custom-runner,98,0,98,yes,OK,,00 62 11 00 01 22 ff fe,00 62 11 01 22 02 00 00,00 62 11 01 22 02 00 00,8,,17007.17
custom-runner,99,0,99,yes,OK,,00 63 22 00 01 11 ff fe,00 63 22 01 11 02 00 00,00 63 22 01 11 02 00 00,8,,16894.33
custom-runner,100,1,0,no,OK,,00 00 11 00 64 22 00 c8,00 00 11 00 22 00 00 00,00 00 11 00 22 00 00 00,8,,16884.03
custom-runner,101,1,1,no,OK,,00 01 11 00 64 22 00 c8,00 01 11 00 22 00 00 00,00 01 11 00 22 00 00 00,8,,16950.40
custom-runner,102,1,2,no,OK,,00 02 11 00 64 22 00 c8,00 02 11 00 22 00 00 00,00 02 11 00 22 00 00 00,8,,16990.19
custom-runner,103,1,3,no,OK,,00 03 11 00 64 22 00 c8,00 03 11 00 22 00 00 00,00 03 11 00 22 00 00 00,8,,16889.15
custom-runner,104,1,4,no,OK,,00 04 11 00 64 22 00 c8,00 04 11 00 22 00 00 00,00 04 11 00 22 00 00 00,8,,16863.24
custom-runner,105,1,5,no,OK,,00 05 11 00 64 22 00 c8,00 05 11 00 22 00 00 00,00 05 11 00 22 00 00 00,8,,16909.43
custom-runner,106,1,6,no,OK,,00 06 11 00 64 22 00 c8,00 06 11 00 22 00 00 00,00 06 11 00 22 00 00 00,8,,16936.14
custom-runner,107,1,7,no,OK,,00 07 11 00 64 22 00 c8,00 07 11 00 22 00 00 00,00 07 11 00 22 00 00 00,8,,17066.22
custom-runner,108,1,8,no,OK,,00 08 11 00 64 22 00 c8,00 08 11 00 22 00 00 00,00 08 11 00 22 00 00 00,8,,16962.14
custom-runner,109,1,9,no,OK,,00 09 11 00 64 22 00 c8,00 09 11 00 22 00 00 00,00 09 11 00 22 00 00 00,8,,16751.56
custom-runner,110,1,10,no,OK,,00 0a 11 00 64 22 00 c8,00 0a 11 00 22 00 00 00,00 0a 11 00 22 00 00 00,8,,17027.74
custom-runner,111,1,11,no,OK,,00 0b 11 00 64 22 00 c8,00 0b 11 00 22 00 00 00,00 0b 11 00 22 00 00 00,8,,16808.94
custom-runner,112,1,12,no,OK,,00 0c 11 00 64 22 00 c8,00 0c 11 00 22 00 00 00,00 0c 11 00 22 00 00 00,8,,16911.35
custom-runner,113,1,13,no,OK,,00 0d 11 00 64 22 00 c8,00 0d 11 00 22 00 00 00,00 0d 11 00 22 00 00 00,8,,16950.11
custom-runner,114,1,14,no,OK,,00 0e 11 00 64 22 00 c8,00 0e 11 00 22 00 00 00,00 0e 11 00 22 00 00 00,8,,16961.85
custom-runner,115,1,15,no,OK,,00 0f 11 00 64 22 00 c8,00 0f 11 00 22 00 00 00,00 0f 11 00 22 00 00 00,8,,17096.67
custom-runner,116,1,16,yes,OK,,00 10 11 00 64 22 00 c8,00 10 11 00 22 00 00 00,00 10 11 00 22 00 00 00,8,,16728.14
custom-runner,117,1,17,yes,OK,,00 11 11 00 64 22 00 c8,00 11 11 00 22 00 00 00,00 11 11 00 22 00 00 00,8,,17138.12
custom-runner,118,1,18,yes,OK,,00 12 11 00 64 22 00 c8,00 12 11 00 22 00 00 00,00 12 11 00 22 00 00 00,8,,16899.90
custom-runner,119,1,19,yes,OK,,00 13 11 00 64 22 00 c8,00 13 11 00 22 00 00 00,00 13 11 00 22 00 00 00,8,,16762.57
custom-runner,120,1,20,yes,OK,,00 14 11 00 64 22 00 c8,00 14 11 00 22 00 00 00,00 14 11 00 22 00 00 00,8,,17019.20
custom-runner,121,1,21,yes,OK,,00 15 11 00 64 22 00 c8,00 15 11 00 22 00 00 00,00 15 11 00 22 00 00 00,8,,16811.95
custom-runner,122,1,22,yes,OK,,00 16 11 00 64 22 00 c8,00 16 11 00 22 00 00 00,00 16 11 00 22 00 00 00,8,,16934.60
custom-runner,123,1,23,yes,OK,,00 17 11 00 64 22 00 c8,00 17 11 00 22 00 00 00,00 17 11 00 22 00 00 00,8,,16941.65
custom-runner,124,1,24,yes,OK,,00 18 11 00 64 22 00 c8,00 18 11 00 22 00 00 00,00 18 11 00 22 00 00 00,8,,17017.92
custom-runner,125,1,25,yes,OK,,00 19 11 00 64 22 00 c8,00 19 11 00 22 00 00 00,00 19 11 00 22 00 00 00,8,,16844.70
custom-runner,126,1,26,yes,OK,,00 1a 11 00 64 22 00 c8,00 1a 11 00 22 00 00 00,00 1a 11 00 22 00 00 00,8,,16973.20
custom-runner,127,1,27,yes,OK,,00 1b 11 00 64 22 00 c8,00 1b 11 00 22 00 00 00,00 1b 11 00 22 00 00 00,8,,16906.29
custom-runner,128,1,28,yes,OK,,00 1c 11 00 64 22 00 c8,00 1c 11 00 22 00 00 00,00 1c 11 00 22 00 00 00,8,,16944.52
custom-runner,129,1,29,yes,OK,,00 1d 11 00 64 22 00 c8,00 1d 11 00 22 00 00 00,00 1d 11 00 22 00 00 00,8,,16901.58
custom-runner,130,1,30,yes,OK,,00 1e 11 00 64 22 00 c8,00 1e 11 00 22 00 00 00,00 1e 11 00 22 00 00 00,8,,16933.01
custom-runner,131,1,31,yes,OK,,00 1f 11 00 64 22 00 c8,00 1f 11 00 22 00 00 00,00 1f 11 00 22 00 00 00,8,,17025.26
custom-runner,132,1,32,yes,OK,,00 20 11 00 64 22 00 c8,00 20 11 00 22 00 00 00,00 20 11 00 22 00 00 00,8,,16908.78
custom-runner,133,1,33,yes,OK,,00 21 11 00 64 22 00 c8,00 21 11 00 22 00 00 00,00 21 11 00 22 00 00 00,8,,16857.99
custom-runner,134,1,34,yes,OK,,00 22 11 00 64 22 00 c8,00 22 11 00 22 00 00 00,00 22 11 00 22 00 00 00,8,,17057.04
custom-runner,135,1,35,yes,OK,,00 23 11 00 64 22 00 c8,00 23 11 00 22 00 00 00,00 23 11 00 22 00 00 00,8,,16900.45
custom-runner,136,1,36,yes,OK,,00 24 11 00 64 22 00 c8,00 24 11 00 22 00 00 00,00 24 11 00 22 00 00 00,8,,16872.78
custom-runner,137,1,37,yes,OK,,00 25 11 00 64 22 00 c8,00 25 11 00 22 00 00 00,00 25 11 00 22 00 00 00,8,,16984.22
custom-runner,138,1,38,yes,OK,,00 26 11 00 64 22 00 c8,00 26 11 00 22 00 00 00,00 26 11 00 22 00 00 00,8,,16900.25
custom-runner,139,1,39,yes,OK,,00 27 11 00 64 22 00 c8,00 27 11 00 22 00 00 00,00 27 11 00 22 00 00 00,8,,17000.37
custom-runner,140,1,40,yes,OK,,00 28 11 00 64 22 00 c8,00 28 11 00 22 00 00 00,00 28 11 00 22 00 00 00,8,,16981.16
custom-runner,141,1,41,yes,OK,,00 29 11 00 64 22 00 c8,00 29 11 00 22 00 00 00,00 29 11 00 22 00 00 00,8,,16791.94
custom-runner,142,1,42,yes,OK,,00 2a 11 00 64 22 00 c8,00 2a 11 00 22 00 00 00,00 2a 11 00 22 00 00 00,8,,17041.31
custom-runner,143,1,43,yes,OK,,00 2b 11 00 64 22 00 c8,00 2b 11 00 22 00 00 00,00 2b 11 00 22 00 00 00,8,,16817.30
custom-runner,144,1,44,yes,OK,,00 2c 11 00 64 22 00 c8,00 2c 11 00 22 00 00 00,00 2c 11 00 22 00 00 00,8,,16943.24
custom-runner,145,1,45,yes,OK,,00 2d 11 00 64 22 00 c8,00 2d 11 00 22 00 00 00,00 2d 11 00 22 00 00 00,8,,16951.62
custom-runner,146,1,46,yes,OK,,00 2e 11 00 64 22 00 c8,00 2e 11 00 22 00 00 00,00 2e 11 00 22 00 00 00,8,,16920.66
custom-runner,147,1,47,yes,OK,,00 2f 11 00 64 22 00 c8,00 2f 11 00 22 00 00 00,00 2f 11 00 22 00 00 00,8,,16939.09
custom-runner,148,1,48,yes,OK,,00 30 11 00 64 22 00 c8,00 30 11 00 22 00 00 00,00 30 11 00 22 00 00 00,8,,17092.74
custom-runner,149,1,49,yes,OK,,00 31 11 00 64 22 00 c8,00 31 11 00 22 00 00 00,00 31 11 00 22 00 00 00,8,,17002.94
custom-runner,150,1,50,yes,OK,,00 32 11 00 64 22 00 c8,00 32 11 00 22 00 00 00,00 32 11 00 22 00 00 00,8,,16910.44
custom-runner,151,1,51,yes,OK,,00 33 11 00 64 22 00 c8,00 33 11 00 22 00 00 00,00 33 11 00 22 00 00 00,8,,16797.54
custom-runner,152,1,52,yes,OK,,00 34 11 00 64 22 00 c8,00 34 11 00 22 00 00 00,00 34 11 00 22 00 00 00,8,,17011.26
custom-runner,153,1,53,yes,OK,,00 35 11 00 64 22 00 c8,00 35 11 00 22 00 00 00,00 35 11 00 22 00 00 00,8,,17043.92
custom-runner,154,1,54,yes,OK,,00 36 11 00 64 22 00 c8,00 36 11 00 22 00 00 00,00 36 11 00 22 00 00 00,8,,16813.78
custom-runner,155,1,55,yes,OK,,00 37 11 00 64 22 00 c8,00 37 11 00 22 00 00 00,00 37 11 00 22 00 00 00,8,,16943.15
custom-runner,156,1,56,yes,OK,,00 38 11 00 64 22 00 c8,00 38 11 00 22 00 00 00,00 38 11 00 22 00 00 00,8,,17018.51
custom-runner,157,1,57,yes,OK,,00 39 11 00 64 22 00 c8,00 39 11 00 22 00 00 00,00 39 11 00 22 00 00 00,8,,16837.22
custom-runner,158,1,58,yes,OK,,00 3a 11 00 64 22 00 c8,00 3a 11 00 22 00 00 00,00 3a 11 00 22 00 00 00,8,,16774.43
custom-runner,159,1,59,yes,OK,,00 3b 11 00 64 22 00 c8,00 3b 11 00 22 00 00 00,00 3b 11 00 22 00 00 00,8,,17153.60
custom-runner,160,1,60,yes,OK,,00 3c 11 00 64 22 00 c8,00 3c 11 00 22 00 00 00,00 3c 11 00 22 00 00 00,8,,16782.90
custom-runner,161,1,61,yes,OK,,00 3d 11 00 64 22 00 c8,00 3d 11 00 22 00 00 00,00 3d 11 00 22 00 00 00,8,,16879.93
custom-runner,162,1,62,yes,OK,,00 3e 11 00 64 22 00 c8,00 3e 11 00 22 00 00 00,00 3e 11 00 22 00 00 00,8,,16900.95
custom-runner,163,1,63,yes,OK,,00 3f 11 00 64 22 00 c8,00 3f 11 00 22 00 00 00,00 3f 11 00 22 00 00 00,8,,17000.11
custom-runner,164,1,64,yes,OK,,00 40 11 00 64 22 00 c8,00 40 11 00 22 00 00 00,00 40 11 00 22 00 00 00,8,,16959.44
custom-runner,165,1,65,yes,OK,,00 41 11 00 64 22 00 c8,00 41 11 00 22 00 00 00,00 41 11 00 22 00 00 00,8,,16878.86
custom-runner,166,1,66,yes,OK,,00 42 11 00 64 22 00 c8,00 42 11 00 22 00 00 00,00 42 11 00 22 00 00 00,8,,16900.24
custom-runner,167,1,67,yes,OK,,00 43 11 00 64 22 00 c8,00 43 11 00 22 00 00 00,00 43 11 00 22 00 00 00,8,,16896.31
custom-runner,168,1,68,yes,OK,,00 44 11 00 64 22 00 c8,00 44 11 00 22 00 00 00,00 44 11 00 22 00 00 00,8,,16891.97
custom-runner,169,1,69,yes,OK,,00 45 11 00 64 22 00 c8,00 45 11 00 22 00 00 00,00 45 11 00 22 00 00 00,8,,16939.28
custom-runner,170,1,70,yes,OK,,00 46 11 00 64 22 00 c8,00 46 11 00 22 00 00 00,00 46 11 00 22 00 00 00,8,,16955.82
custom-runner,171,1,71,yes,OK,,00 47 11 00 64 22 00 c8,00 47 11 00 22 00 00 00,00 47 11 00 22 00 00 00,8,,16886.87
custom-runner,172,1,72,yes,OK,,00 48 11 00 64 22 00 c8,00 48 11 00 22 00 00 00,00 48 11 00 22 00 00 00,8,,16976.84
custom-runner,173,1,73,yes,OK,,00 49 11 00 64 22 00 c8,00 49 11 00 22 00 00 00,00 49 11 00 22 00 00 00,8,,17055.10
custom-runner,174,1,74,yes,OK,,00 4a 11 00 64 22 00 c8,00 4a 11 00 22 00 00 00,00 4a 11 00 22 00 00 00,8,,16814.70
custom-runner,175,1,75,yes,OK,,00 4b 11 00 64 22 00 c8,00 4b 11 00 22 00 00 00,00 4b 11 00 22 00 00 00,8,,16904.27
custom-runner,176,1,76,yes,OK,,00 4c 11 00 64 22 00 c8,00 4c 11 00 22 00 00 00,00 4c 11 00 22 00 00 00,8,,16926.45
custom-runner,177,1,77,yes,OK,,00 4d 11 00 64 22 00 c8,00 4d 11 00 22 00 00 00,00 4d 11 00 22 00 00 00,8,,17082.22
custom-runner,178,1,78,yes,OK,,00 4e 11 00 64 22 00 c8,00 4e 11 00 22 00 00 00,00 4e 11 00 22 00 00 00,8,,16827.78
custom-runner,179,1,79,yes,OK,,00 4f 11 00 64 22 00 c8,00 4f 11 00 22 00 00 00,00 4f 11 00 22 00 00 00,8,,16980.15
custom-runner,180,1,80,yes,OK,,00 50 11 00 64 22 00 c8,00 50 11 00 22 00 00 00,00 50 11 00 22 00 00 00,8,,16926.52
custom-runner,181,1,81,yes,OK,,00 51 11 00 64 22 00 c8,00 51 11 00 22 00 00 00,00 51 11 00 22 00 00 00,8,,16942.87
custom-runner,182,1,82,yes,OK,,00 52 11 00 64 22 00 c8,00 52 11 00 22 00 00 00,00 52 11 00 22 00 00 00,8,,16934.10
custom-runner,183,1,83,yes,OK,,00 53 11 00 64 22 00 c8,00 53 11 00 22 00 00 00,00 53 11 00 22 00 00 00,8,,16956.64
custom-runner,184,1,84,yes,OK,,00 54 11 00 64 22 00 c8,00 54 11 00 22 00 00 00,00 54 11 00 22 00 00 00,8,,16881.00
custom-runner,185,1,85,yes,OK,,00 55 11 00 64 22 00 c8,00 55 11 00 22 00 00 00,00 55 11 00 22 00 00 00,8,,16958.55
custom-runner,186,1,86,yes,OK,,00 56 11 00 64 22 00 c8,00 56 11 00 22 00 00 00,00 56 11 00 22 00 00 00,8,,16824.80
custom-runner,187,1,87,yes,OK,,00 57 11 00 64 22 00 c8,00 57 11 00 22 00 00 00,00 57 11 00 22 00 00 00,8,,16947.80
custom-runner,188,1,88,yes,OK,,00 58 11 00 64 22 00 c8,00 58 11 00 22 00 00 00,00 58 11 00 22 00 00 00,8,,16992.54
custom-runner,189,1,89,yes,OK,,00 59 11 00 64 22 00 c8,00 59 11 00 22 00 00 00,00 59 11 00 22 00 00 00,8,,16913.94
custom-runner,190,1,90,yes,OK,,00 5a 11 00 64 22 00 c8,00 5a 11 00 22 00 00 00,00 5a 11 00 22 00 00 00,8,,16889.81
custom-runner,191,1,91,yes,OK,,00 5b 11 00 64 22 00 c8,00 5b 11 00 22 00 00 00,00 5b 11 00 22 00 00 00,8,,16847.16
custom-runner,192,1,92,yes,OK,,00 5c 11 00 64 22 00 c8,00 5c 11 00 22 00 00 00,00 5c 11 00 22 00 00 00,8,,17086.04
custom-runner,193,1,93,yes,OK,,00 5d 11 00 64 22 00 c8,00 5d 11 00 22 00 00 00,00 5d 11 00 22 00 00 00,8,,16791.52
custom-runner,194,1,94,yes,OK,,00 5e 11 00 64 22 00 c8,00 5e 11 00 22 00 00 00,00 5e 11 00 22 00 00 00,8,,17005.44
custom-runner,195,1,95,yes,OK,,00 5f 11 00 64 22 00 c8,00 5f 11 00 22 00 00 00,00 5f 11 00 22 00 00 00,8,,16869.22
custom-runner,196,1,96,yes,OK,,00 60 11 00 64 22 00 c8,00 60 11 00 22 00 00 00,00 60 11 00 22 00 00 00,8,,16934.29
custom-runner,197,1,97,yes,OK,,00 61 11 00 64 22 00 c8,00 61 11 00 22 00 00 00,00 61 11 00 22 00 00 00,8,,16986.16
custom-runner,198,1,98,yes,OK,,00 62 11 00 64 22 00 c8,00 62 11 00 22 00 00 00,00 62 11 00 22 00 00 00,8,,16880.63
custom-runner,199,1,99,yes,OK,,00 63 11 00 64 22 00 c8,00 63 11 00 22 00 00 00,00 63 11 00 22 00 00 00,8,,16949.23
custom-runner,200,2,0,no,OK,,00 00 11 00 64 22 00 c8,00 00 11 00 22 00 00 00,00 00 11 00 22 00 00 00,8,,16889.20
custom-runner,201,2,1,no,OK,,00 01 22 00 c8 11 00 64,00 01 22 00 11 00 00 00,00 01 22 00 11 00 00 00,8,,16924.93
custom-runner,202,2,2,no,OK,,00 02 11 00 64 22 00 c8,00 02 11 00 22 00 00 00,00 02 11 00 22 00 00 00,8,,17083.23
custom-runner,203,2,3,no,OK,,00 03 22 00 c8 11 00 64,00 03 22 00 11 00 00 00,00 03 22 00 11 00 00 00,8,,16814.21
custom-runner,204,2,4,no,OK,,00 04 11 00 64 22 00 c8,00 04 11 00 22 00 00 00,00 04 11 00 22 00 00 00,8,,16874.75
custom-runner,205,2,5,no,OK,,00 05 22 00 c8 11 00 64,00 05 22 00 11 00 00 00,00 05 22 00 11 00 00 00,8,,16983.84
custom-runner,206,2,6,no,OK,,00 06 11 00 64 22 00 c8,00 06 11 00 22 00 00 00,00 06 11 00 22 00 00 00,8,,16878.72
custom-runner,207,2,7,no,OK,,00 07 22 00 c8 11 00 64,00 07 22 00 11 00 00 00,00 07 22 00 11 00 00 00,8,,16929.94
custom-runner,208,2,8,no,OK,,00 08 11 00 64 22 00 c8,00 08 11 00 22 00 00 00,00 08 11 00 22 00 00 00,8,,17507.90
custom-runner,209,2,9,no,OK,,00 09 22 00 c8 11 00 64,00 09 22 00 11 00 00 00,00 09 22 00 11 00 00 00,8,,16912.09
custom-runner,210,2,10,no,OK,,00 0a 11 00 64 22 00 c8,00 0a 11 00 22 00 00 00,00 0a 11 00 22 00 00 00,8,,16336.91
custom-runner,211,2,11,no,OK,,00 0b 22 00 c8 11 00 64,00 0b 22 00 11 00 00 00,00 0b 22 00 11 00 00 00,8,,17265.99
custom-runner,212,2,12,no,OK,,00 0c 11 00 64 22 00 c8,00 0c 11 00 22 00 00 00,00 0c 11 00 22 00 00 00,8,,18932.44
custom-runner,213,2,13,no,OK,,00 0d 22 00 c8 11 00 64,00 0d 22 00 11 00 00 00,00 0d 22 00 11 00 00 00,8,,16075.35
custom-runner,214,2,14,no,OK,,00 0e 11 00 64 22 00 c8,00 0e 11 00 22 00 00 00,00 0e 11 00 22 00 00 00,8,,15454.17
custom-runner,215,2,15,no,OK,,00 0f 22 00 c8 11 00 64,00 0f 22 00 11 00 00 00,00 0f 22 00 11 00 00 00,8,,19407.94
custom-runner,216,2,16,yes,OK,,00 10 11 00 64 22 00 c8,00 10 11 00 22 00 00 00,00 10 11 00 22 00 00 00,8,,14309.65
custom-runner,217,2,17,yes,OK,,00 11 22 00 c8 11 00 64,00 11 22 00 11 00 00 00,00 11 22 00 11 00 00 00,8,,16965.01
custom-runner,218,2,18,yes,OK,,00 12 11 00 64 22 00 c8,00 12 11 00 22 00 00 00,00 12 11 00 22 00 00 00,8,,16883.76
custom-runner,219,2,19,yes,OK,,00 13 22 00 c8 11 00 64,00 13 22 00 11 00 00 00,00 13 22 00 11 00 00 00,8,,17019.37
custom-runner,220,2,20,yes,OK,,00 14 11 00 64 22 00 c8,00 14 11 00 22 00 00 00,00 14 11 00 22 00 00 00,8,,16846.59
custom-runner,221,2,21,yes,OK,,00 15 22 00 c8 11 00 64,00 15 22 00 11 00 00 00,00 15 22 00 11 00 00 00,8,,16890.19
custom-runner,222,2,22,yes,OK,,00 16 11 00 64 22 00 c8,00 16 11 00 22 00 00 00,00 16 11 00 22 00 00 00,8,,17043.55
custom-runner,223,2,23,yes,OK,,00 17 22 00 c8 11 00 64,00 17 22 00 11 00 00 00,00 17 22 00 11 00 00 00,8,,16861.15
custom-runner,224,2,24,yes,OK,,00 18 11 00 64 22 00 c8,00 18 11 00 22 00 00 00,00 18 11 00 22 00 00 00,8,,16945.44
custom-runner,225,2,25,yes,OK,,00 19 22 00 c8 11 00 64,00 19 22 00 11 00 00 00,00 19 22 00 11 00 00 00,8,,17009.59
custom-runner,226,2,26,yes,OK,,00 1a 11 00 64 22 00 c8,00 1a 11 00 22 00 00 00,00 1a 11 00 22 00 00 00,8,,16863.59
custom-runner,227,2,27,yes,OK,,00 1b 22 00 c8 11 00 64,00 1b 22 00 11 00 00 00,00 1b 22 00 11 00 00 00,8,,16859.32
custom-runner,228,2,28,yes,OK,,00 1c 11 00 64 22 00 c8,00 1c 11 00 22 00 00 00,00 1c 11 00 22 00 00 00,8,,17047.65
custom-runner,229,2,29,yes,OK,,00 1d 22 00 c8 11 00 64,00 1d 22 00 11 00 00 00,00 1d 22 00 11 00 00 00,8,,17011.75
custom-runner,230,2,30,yes,OK,,00 1e 11 00 64 22 00 c8,00 1e 11 00 22 00 00 00,00 1e 11 00 22 00 00 00,8,,16854.31
custom-runner,231,2,31,yes,OK,,00 1f 22 00 c8 11 00 64,00 1f 22 00 11 00 00 00,00 1f 22 00 11 00 00 00,8,,16871.10
custom-runner,232,2,32,yes,OK,,00 20 11 00 64 22 00 c8,00 20 11 00 22 00 00 00,00 20 11 00 22 00 00 00,8,,16837.69
custom-runner,233,2,33,yes,OK,,00 21 22 00 c8 11 00 64,00 21 22 00 11 00 00 00,00 21 22 00 11 00 00 00,8,,16903.95
custom-runner,234,2,34,yes,OK,,00 22 11 00 64 22 00 c8,00 22 11 00 22 00 00 00,00 22 11 00 22 00 00 00,8,,17005.51
custom-runner,235,2,35,yes,OK,,00 23 22 00 c8 11 00 64,00 23 22 00 11 00 00 00,00 23 22 00 11 00 00 00,8,,16939.54
custom-runner,236,2,36,yes,OK,,00 24 11 00 64 22 00 c8,00 24 11 00 22 00 00 00,00 24 11 00 22 00 00 00,8,,16871.66
custom-runner,237,2,37,yes,OK,,00 25 22 00 c8 11 00 64,00 25 22 00 11 00 00 00,00 25 22 00 11 00 00 00,8,,16939.82
custom-runner,238,2,38,yes,OK,,00 26 11 00 64 22 00 c8,00 26 11 00 22 00 00 00,00 26 11 00 22 00 00 00,8,,16927.23
custom-runner,239,2,39,yes,OK,,00 27 22 00 c8 11 00 64,00 27 22 00 11 00 00 00,00 27 22 00 11 00 00 00,8,,17063.90
custom-runner,240,2,40,yes,OK,,00 28 11 00 64 22 00 c8,00 28 11 00 22 00 00 00,00 28 11 00 22 00 00 00,8,,16821.47
custom-runner,241,2,41,yes,OK,,00 29 22 00 c8 11 00 64,00 29 22 00 11 00 00 00,00 29 22 00 11 00 00 00,8,,17082.63
custom-runner,242,2,42,yes,OK,,00 2a 11 00 64 22 00 c8,00 2a 11 00 22 00 00 00,00 2a 11 00 22 00 00 00,8,,16840.16
custom-runner,243,2,43,yes,OK,,00 2b 22 00 c8 11 00 64,00 2b 22 00 11 00 00 00,00 2b 22 00 11 00 00 00,8,,16995.54
custom-runner,244,2,44,yes,OK,,00 2c 11 00 64 22 00 c8,00 2c 11 00 22 00 00 00,00 2c 11 00 22 00 00 00,8,,16884.58
custom-runner,245,2,45,yes,OK,,00 2d 22 00 c8 11 00 64,00 2d 22 00 11 00 00 00,00 2d 22 00 11 00 00 00,8,,17018.18
custom-runner,246,2,46,yes,OK,,00 2e 11 00 64 22 00 c8,00 2e 11 00 22 00 00 00,00 2e 11 00 22 00 00 00,8,,16824.83
custom-runner,247,2,47,yes,OK,,00 2f 22 00 c8 11 00 64,00 2f 22 00 11 00 00 00,00 2f 22 00 11 00 00 00,8,,16959.48
custom-runner,248,2,48,yes,OK,,00 30 11 00 64 22 00 c8,00 30 11 00 22 00 00 00,00 30 11 00 22 00 00 00,8,,16955.03
custom-runner,249,2,49,yes,OK,,00 31 22 00 c8 11 00 64,00 31 22 00 11 00 00 00,00 31 22 00 11 00 00 00,8,,16917.33
custom-runner,250,2,50,yes,OK,,00 32 11 00 64 22 00 c8,00 32 11 00 22 00 00 00,00 32 11 00 22 00 00 00,8,,16978.75
custom-runner,251,2,51,yes,OK,,00 33 22 00 c8 11 00 64,00 33 22 00 11 00 00 00,00 33 22 00 11 00 00 00,8,,16906.34
custom-runner,252,2,52,yes,OK,,00 34 11 00 64 22 00 c8,00 34 11 00 22 00 00 00,00 34 11 00 22 00 00 00,8,,16937.86
custom-runner,253,2,53,yes,OK,,00 35 22 00 c8 11 00 64,00 35 22 00 11 00 00 00,00 35 22 00 11 00 00 00,8,,16953.61
custom-runner,254,2,54,yes,OK,,00 36 11 00 64 22 00 c8,00 36 11 00 22 00 00 00,00 36 11 00 22 00 00 00,8,,16956.93
custom-runner,255,2,55,yes,OK,,00 37 22 00 c8 11 00 64,00 37 22 00 11 00 00 00,00 37 22 00 11 00 00 00,8,,16912.34
custom-runner,256,2,56,yes,OK,,00 38 11 00 64 22 00 c8,00 38 11 00 22 00 00 00,00 38 11 00 22 00 00 00,8,,16950.68
custom-runner,257,2,57,yes,OK,,00 39 22 00 c8 11 00 64,00 39 22 00 11 00 00 00,00 39 22 00 11 00 00 00,8,,16927.75
custom-runner,258,2,58,yes,OK,,00 3a 11 00 64 22 00 c8,00 3a 11 00 22 00 00 00,00 3a 11 00 22 00 00 00,8,,16951.32
custom-runner,259,2,59,yes,OK,,00 3b 22 00 c8 11 00 64,00 3b 22 00 11 00 00 00,00 3b 22 00 11 00 00 00,8,,16973.84
custom-runner,260,2,60,yes,OK,,00 3c 11 00 64 22 00 c8,00 3c 11 00 22 00 00 00,00 3c 11 00 22 00 00 00,8,,16861.96
custom-runner,261,2,61,yes,OK,,00 3d 22 00 c8 11 00 64,00 3d 22 00 11 00 00 00,00 3d 22 00 11 00 00 00,8,,16986.47
custom-runner,262,2,62,yes,OK,,00 3e 11 00 64 22 00 c8,00 3e 11 00 22 00 00 00,00 3e 11 00 22 00 00 00,8,,16868.44
custom-runner,263,2,63,yes,OK,,00 3f 22 00 c8 11 00 64,00 3f 22 00 11 00 00 00,00 3f 22 00 11 00 00 00,8,,16937.37
custom-runner,264,2,64,yes,OK,,00 40 11 00 64 22 00 c8,00 40 11 00 22 00 00 00,00 40 11 00 22 00 00 00,8,,16951.71
custom-runner,265,2,65,yes,OK,,00 41 22 00 c8 11 00 64,00 41 22 00 11 00 00 00,00 41 22 00 11 00 00 00,8,,16941.62
custom-runner,266,2,66,yes,OK,,00 42 11 00 64 22 00 c8,00 42 11 00 22 00 00 00,00 42 11 00 22 00 00 00,8,,16930.76
custom-runner,267,2,67,yes,OK,,00 43 22 00 c8 11 00 64,00 43 22 00 11 00 00 00,00 43 22 00 11 00 00 00,8,,16992.67
custom-runner,268,2,68,yes,OK,,00 44 11 00 64 22 00 c8,00 44 11 00 22 00 00 00,00 44 11 00 22 00 00 00,8,,16961.83
custom-runner,269,2,69,yes,OK,,00 45 22 00 c8 11 00 64,00 45 22 00 11 00 00 00,00 45 22 00 11 00 00 00,8,,16801.94
custom-runner,270,2,70,yes,OK,,00 46 11 00 64 22 00 c8,00 46 11 00 22 00 00 00,00 46 11 00 22 00 00 00,8,,16950.08
custom-runner,271,2,71,yes,OK,,00 47 22 00 c8 11 00 64,00 47 22 00 11 00 00 00,00 47 22 00 11 00 00 00,8,,16984.06
custom-runner,272,2,72,yes,OK,,00 48 11 00 64 22 00 c8,00 48 11 00 22 00 00 00,00 48 11 00 22 00 00 00,8,,16908.77
custom-runner,273,2,73,yes,OK,,00 49 22 00 c8 11 00 64,00 49 22 00 11 00 00 00,00 49 22 00 11 00 00 00,8,,17006.87
custom-runner,274,2,74,yes,OK,,00 4a 11 00 64 22 00 c8,00 4a 11 00 22 00 00 00,00 4a 11 00 22 00 00 00,8,,16940.34
custom-runner,275,2,75,yes,OK,,00 4b 22 00 c8 11 00 64,00 4b 22 00 11 00 00 00,00 4b 22 00 11 00 00 00,8,,16903.13
custom-runner,276,2,76,yes,OK,,00 4c 11 00 64 22 00 c8,00 4c 11 00 22 00 00 00,00 4c 11 00 22 00 00 00,8,,16898.75
custom-runner,277,2,77,yes,OK,,00 4d 22 00 c8 11 00 64,00 4d 22 00 11 00 00 00,00 4d 22 00 11 00 00 00,8,,16932.31
custom-runner,278,2,78,yes,OK,,00 4e 11 00 64 22 00 c8,00 4e 11 00 22 00 00 00,00 4e 11 00 22 00 00 00,8,,16980.40
custom-runner,279,2,79,yes,OK,,00 4f 22 00 c8 11 00 64,00 4f 22 00 11 00 00 00,00 4f 22 00 11 00 00 00,8,,16984.90
custom-runner,280,2,80,yes,OK,,00 50 11 00 64 22 00 c8,00 50 11 00 22 00 00 00,00 50 11 00 22 00 00 00,8,,16899.38
custom-runner,281,2,81,yes,OK,,00 51 22 00 c8 11 00 64,00 51 22 00 11 00 00 00,00 51 22 00 11 00 00 00,8,,16959.01
custom-runner,282,2,82,yes,OK,,00 52 11 00 64 22 00 c8,00 52 11 00 22 00 00 00,00 52 11 00 22 00 00 00,8,,16821.99
custom-runner,283,2,83,yes,OK,,00 53 22 00 c8 11 00 64,00 53 22 00 11 00 00 00,00 53 22 00 11 00 00 00,8,,16939.53
custom-runner,284,2,84,yes,OK,,00 54 11 00 64 22 00 c8,00 54 11 00 22 00 00 00,00 54 11 00 22 00 00 00,8,,16925.77
custom-runner,285,2,85,yes,OK,,00 55 22 00 c8 11 00 64,00 55 22 00 11 00 00 00,00 55 22 00 11 00 00 00,8,,17029.59
custom-runner,286,2,86,yes,OK,,00 56 11 00 64 22 00 c8,00 56 11 00 22 00 00 00,00 56 11 00 22 00 00 00,8,,16873.85
custom-runner,287,2,87,yes,OK,,00 57 22 00 c8 11 00 64,00 57 22 00 11 00 00 00,00 57 22 00 11 00 00 00,8,,16846.74
custom-runner,288,2,88,yes,OK,,00 58 11 00 64 22 00 c8,00 58 11 00 22 00 00 00,00 58 11 00 22 00 00 00,8,,16990.47
custom-runner,289,2,89,yes,OK,,00 59 22 00 c8 11 00 64,00 59 22 00 11 00 00 00,00 59 22 00 11 00 00 00,8,,16878.08
custom-runner,290,2,90,yes,OK,,00 5a 11 00 64 22 00 c8,00 5a 11 00 22 00 00 00,00 5a 11 00 22 00 00 00,8,,16986.84
custom-runner,291,2,91,yes,OK,,00 5b 22 00 c8 11 00 64,00 5b 22 00 11 00 00 00,00 5b 22 00 11 00 00 00,8,,16921.06
custom-runner,292,2,92,yes,OK,,00 5c 11 00 64 22 00 c8,00 5c 11 00 22 00 00 00,00 5c 11 00 22 00 00 00,8,,16946.40
custom-runner,293,2,93,yes,OK,,00 5d 22 00 c8 11 00 64,00 5d 22 00 11 00 00 00,00 5d 22 00 11 00 00 00,8,,16960.24
custom-runner,294,2,94,yes,OK,,00 5e 11 00 64 22 00 c8,00 5e 11 00 22 00 00 00,00 5e 11 00 22 00 00 00,8,,16911.91
custom-runner,295,2,95,yes,OK,,00 5f 22 00 c8 11 00 64,00 5f 22 00 11 00 00 00,00 5f 22 00 11 00 00 00,8,,16937.06
custom-runner,296,2,96,yes,OK,,00 60 11 00 64 22 00 c8,00 60 11 00 22 00 00 00,00 60 11 00 22 00 00 00,8,,16956.42
custom-runner,297,2,97,yes,OK,,00 61 22 00 c8 11 00 64,00 61 22 00 11 00 00 00,00 61 22 00 11 00 00 00,8,,16939.06
custom-runner,298,2,98,yes,OK,,00 62 11 00 64 22 00 c8,00 62 11 00 22 00 00 00,00 62 11 00 22 00 00 00,8,,16954.39
custom-runner,299,2,99,yes,OK,,00 63 22 00 c8 11 00 64,00 63 22 00 11 00 00 00,00 63 22 00 11 00 00 00,8,,16906.54
custom-runner,300,3,0,no,OK,,00 00 11 00 64 22 00 c8,00 00 11 00 22 00 00 00,00 00 11 00 22 00 00 00,8,,16956.62
custom-runner,301,3,1,no,OK,,00 01 22 00 c8 11 00 64,00 01 22 00 11 00 00 00,00 01 22 00 11 00 00 00,8,,16937.23
custom-runner,302,3,2,no,OK,,00 02 11 00 64 22 00 c8,00 02 11 00 22 00 00 00,00 02 11 00 22 00 00 00,8,,16941.12
custom-runner,303,3,3,no,OK,,00 03 22 00 c8 11 00 64,00 03 22 00 11 00 00 00,00 03 22 00 11 00 00 00,8,,16988.28
custom-runner,304,3,4,no,OK,,00 04 11 00 64 22 00 c8,00 04 11 00 22 00 00 00,00 04 11 00 22 00 00 00,8,,16986.76
custom-runner,305,3,5,no,OK,,00 05 22 00 c8 11 00 64,00 05 22 00 11 00 00 00,00 05 22 00 11 00 00 00,8,,16891.94
custom-runner,306,3,6,no,OK,,00 06 11 00 64 22 00 c8,00 06 11 00 22 00 00 00,00 06 11 00 22 00 00 00,8,,16942.08
custom-runner,307,3,7,no,OK,,00 07 22 00 c8 11 00 64,00 07 22 00 11 00 00 00,00 07 22 00 11 00 00 00,8,,16907.16
custom-runner,308,3,8,no,OK,,00 08 11 00 64 22 00 c8,00 08 11 00 22 00 00 00,00 08 11 00 22 00 00 00,8,,16950.19
custom-runner,309,3,9,no,OK,,00 09 22 00 c8 11 00 64,00 09 22 00 11 00 00 00,00 09 22 00 11 00 00 00,8,,16936.43
custom-runner,310,3,10,no,OK,,00 0a 11 00 64 22 00 c8,00 0a 11 00 22 00 00 00,00 0a 11 00 22 00 00 00,8,,17028.68
custom-runner,311,3,11,no,OK,,00 0b 22 00 c8 11 00 64,00 0b 22 00 11 00 00 00,00 0b 22 00 11 00 00 00,8,,16810.36
custom-runner,312,3,12,no,OK,,00 0c 11 00 64 22 00 c8,00 0c 11 00 22 00 00 00,00 0c 11 00 22 00 00 00,8,,16940.24
custom-runner,313,3,13,no,OK,,00 0d 22 00 c8 11 00 64,00 0d 22 00 11 00 00 00,00 0d 22 00 11 00 00 00,8,,16960.21
custom-runner,314,3,14,no,OK,,00 0e 11 00 64 22 00 c8,00 0e 11 00 22 00 00 00,00 0e 11 00 22 00 00 00,8,,16925.99
custom-runner,315,3,15,no,OK,,00 0f 22 00 c8 11 00 64,00 0f 22 00 11 00 00 00,00 0f 22 00 11 00 00 00,8,,16971.32
custom-runner,316,3,16,yes,OK,,00 10 11 00 66 22 00 c6,00 10 11 02 22 01 00 00,00 10 11 02 22 01 00 00,8,,17092.01
custom-runner,317,3,17,yes,OK,,00 11 22 00 c5 11 00 67,00 11 22 01 11 02 00 00,00 11 22 01 11 02 00 00,8,,16770.93
custom-runner,318,3,18,yes,OK,,00 12 11 00 63 22 00 c9,00 12 11 01 22 02 00 00,00 12 11 01 22 02 00 00,8,,17007.73
custom-runner,319,3,19,yes,OK,,00 13 22 00 ca 11 00 62,00 13 22 02 11 01 00 00,00 13 22 02 11 01 00 00,8,,16925.25
custom-runner,320,3,20,yes,OK,,00 14 11 00 66 22 00 c6,00 14 11 02 22 01 00 00,00 14 11 02 22 01 00 00,8,,16952.32
custom-runner,321,3,21,yes,OK,,00 15 22 00 c5 11 00 67,00 15 22 01 11 02 00 00,00 15 22 01 11 02 00 00,8,,16842.94
custom-runner,322,3,22,yes,OK,,00 16 11 00 63 22 00 c9,00 16 11 01 22 02 00 00,00 16 11 01 22 02 00 00,8,,16908.51
custom-runner,323,3,23,yes,OK,,00 17 22 00 ca 11 00 62,00 17 22 02 11 01 00 00,00 17 22 02 11 01 00 00,8,,16968.48
custom-runner,324,3,24,yes,OK,,00 18 11 00 66 22 00 c6,00 18 11 02 22 01 00 00,00 18 11 02 22 01 00 00,8,,16851.94
custom-runner,325,3,25,yes,OK,,00 19 22 00 c5 11 00 67,00 19 22 01 11 02 00 00,00 19 22 01 11 02 00 00,8,,16993.23
custom-runner,326,3,26,yes,OK,,00 1a 11 00 63 22 00 c9,00 1a 11 01 22 02 00 00,00 1a 11 01 22 02 00 00,8,,16913.25
custom-runner,327,3,27,yes,OK,,00 1b 22 00 ca 11 00 62,00 1b 22 02 11 01 00 00,00 1b 22 02 11 01 00 00,8,,16967.66
custom-runner,328,3,28,yes,OK,,00 1c 11 00 66 22 00 c6,00 1c 11 02 22 01 00 00,00 1c 11 02 22 01 00 00,8,,16934.60
custom-runner,329,3,29,yes,OK,,00 1d 22 00 c5 11 00 67,00 1d 22 01 11 02 00 00,00 1d 22 01 11 02 00 00,8,,16947.07
custom-runner,330,3,30,yes,OK,,00 1e 11 00 63 22 00 c9,00 1e 11 01 22 02 00 00,00 1e 11 01 22 02 00 00,8,,17039.38
custom-runner,331,3,31,yes,OK,,00 1f 22 00 ca 11 00 62,00 1f 22 02 11 01 00 00,00 1f 22 02 11 01 00 00,8,,16756.76
custom-runner,332,3,32,yes,OK,,00 20 11 00 66 22 00 c6,00 20 11 02 22 01 00 00,00 20 11 02 22 01 00 00,8,,16947.19
custom-runner,333,3,33,yes,OK,,00 21 22 00 c5 11 00 67,00 21 22 01 11 02 00 00,00 21 22 01 11 02 00 00,8,,16953.82
custom-runner,334,3,34,yes,OK,,00 22 11 00 63 22 00 c9,00 22 11 01 22 02 00 00,00 22 11 01 22 02 00 00,8,,16929.19
custom-runner,335,3,35,yes,OK,,00 23 22 00 ca 11 00 62,00 23 22 02 11 01 00 00,00 23 22 02 11 01 00 00,8,,16892.40
custom-runner,336,3,36,yes,OK,,00 24 11 00 66 22 00 c6,00 24 11 02 22 01 00 00,00 24 11 02 22 01 00 00,8,,16939.66
custom-runner,337,3,37,yes,OK,,00 25 22 00 c5 11 00 67,00 25 22 01 11 02 00 00,00 25 22 01 11 02 00 00,8,,16966.67
custom-runner,338,3,38,yes,OK,,00 26 11 00 63 22 00 c9,00 26 11 01 22 02 00 00,00 26 11 01 22 02 00 00,8,,16983.79
custom-runner,339,3,39,yes,OK,,00 27 22 00 ca 11 00 62,00 27 22 02 11 01 00 00,00 27 22 02 11 01 00 00,8,,16907.31
custom-runner,340,3,40,yes,OK,,00 28 11 00 66 22 00 c6,00 28 11 02 22 01 00 00,00 28 11 02 22 01 00 00,8,,16977.59
custom-runner,341,3,41,yes,OK,,00 29 22 00 c5 11 00 67,00 29 22 01 11 02 00 00,00 29 22 01 11 02 00 00,8,,16906.46
custom-runner,342,3,42,yes,OK,,00 2a 11 00 63 22 00 c9,00 2a 11 01 22 02 00 00,00 2a 11 01 22 02 00 00,8,,16971.43
custom-runner,343,3,43,yes,OK,,00 2b 22 00 ca 11 00 62,00 2b 22 02 11 01 00 00,00 2b 22 02 11 01 00 00,8,,16881.04
custom-runner,344,3,44,yes,OK,,00 2c 11 00 66 22 00 c6,00 2c 11 02 22 01 00 00,00 2c 11 02 22 01 00 00,8,,16994.32
custom-runner,345,3,45,yes,OK,,00 2d 22 00 c5 11 00 67,00 2d 22 01 11 02 00 00,00 2d 22 01 11 02 00 00,8,,16846.25
custom-runner,346,3,46,yes,OK,,00 2e 11 00 63 22 00 c9,00 2e 11 01 22 02 00 00,00 2e 11 01 22 02 00 00,8,,16915.94
custom-runner,347,3,47,yes,OK,,00 2f 22 00 ca 11 00 62,00 2f 22 02 11 01 00 00,00 2f 22 02 11 01 00 00,8,,16815.83
custom-runner,348,3,48,yes,OK,,00 30 11 00 66 22 00 c6,00 30 11 02 22 01 00 00,00 30 11 02 22 01 00 00,8,,16902.93
custom-runner,349,3,49,yes,OK,,00 31 22 00 c5 11 00 67,00 31 22 01 11 02 00 00,00 31 22 01 11 02 00 00,8,,16962.29
custom-runner,350,3,50,yes,OK,,00 32 11 00 63 22 00 c9,00 32 11 01 22 02 00 00,00 32 11 01 22 02 00 00,8,,16906.42
custom-runner,351,3,51,yes,OK,,00 33 22 00 ca 11 00 62,00 33 22 02 11 01 00 00,00 33 22 02 11 01 00 00,8,,16964.07
custom-runner,352,3,52,yes,OK,,00 34 11 00 66 22 00 c6,00 34 11 02 22 01 00 00,00 34 11 02 22 01 00 00,8,,16944.01
custom-runner,353,3,53,yes,OK,,00 35 22 00 c5 11 00 67,00 35 22 01 11 02 00 00,00 35 22 01 11 02 00 00,8,,16891.29
custom-runner,354,3,54,yes,OK,,00 36 11 00 63 22 00 c9,00 36 11 01 22 02 00 00,00 36 11 01 22 02 00 00,8,,16910.13
custom-runner,355,3,55,yes,OK,,00 37 22 00 ca 11 00 62,00 37 22 02 11 01 00 00,00 37 22 02 11 01 00 00,8,,17000.62
custom-runner,356,3,56,yes,OK,,00 38 11 00 66 22 00 c6,00 38 11 02 22 01 00 00,00 38 11 02 22 01 00 00,8,,16884.67
custom-runner,357,3,57,yes,OK,,00 39 22 00 c5 11 00 67,00 39 22 01 11 02 00 00,00 39 22 01 11 02 00 00,8,,17000.49
custom-runner,358,3,58,yes,OK,,00 3a 11 00 63 22 00 c9,00 3a 11 01 22 02 00 00,00 3a 11 01 22 02 00 00,8,,16929.03
custom-runner,359,3,59,yes,OK,,00 3b 22 00 ca 11 00 62,00 3b 22 02 11 01 00 00,00 3b 22 02 11 01 00 00,8,,16909.98
custom-runner,360,3,60,yes,OK,,00 3c 11 00 66 22 00 c6,00 3c 11 02 22 01 00 00,00 3c 11 02 22 01 00 00,8,,16930.27
custom-runner,361,3,61,yes,OK,,00 3d 22 00 c5 11 00 67,00 3d 22 01 11 02 00 00,00 3d 22 01 11 02 00 00,8,,16943.31
custom-runner,362,3,62,yes,OK,,00 3e 11 00 63 22 00 c9,00 3e 11 01 22 02 00 00,00 3e 11 01 22 02 00 00,8,,16934.19
custom-runner,363,3,63,yes,OK,,00 3f 22 00 ca 11 00 62,00 3f 22 02 11 01 00 00,00 3f 22 02 11 01 00 00,8,,16928.83
custom-runner,364,3,64,yes,OK,,00 40 11 00 66 22 00 c6,00 40 11 02 22 01 00 00,00 40 11 02 22 01 00 00,8,,17013.45
custom-runner,365,3,65,yes,OK,,00 41 22 00 c5 11 00 67,00 41 22 01 11 02 00 00,00 41 22 01 11 02 00 00,8,,16837.51
custom-runner,366,3,66,yes,OK,,00 42 11 00 63 22 00 c9,00 42 11 01 22 02 00 00,00 42 11 01 22 02 00 00,8,,16924.69
custom-runner,367,3,67,yes,OK,,00 43 22 00 ca 11 00 62,00 43 22 02 11 01 00 00,00 43 22 02 11 01 00 00,8,,16961.94
custom-runner,368,3,68,yes,OK,,00 44 11 00 66 22 00 c6,00 44 11 02 22 01 00 00,00 44 11 02 22 01 00 00,8,,16960.45
custom-runner,369,3,69,yes,OK,,00 45 22 00 c5 11 00 67,00 45 22 01 11 02 00 00,00 45 22 01 11 02 00 00,8,,16895.51
custom-runner,370,3,70,yes,OK,,00 46 11 00 63 22 00 c9,00 46 11 01 22 02 00 00,00 46 11 01 22 02 00 00,8,,16903.66
custom-runner,371,3,71,yes,OK,,00 47 22 00 ca 11 00 62,00 47 22 02 11 01 00 00,00 47 22 02 11 01 00 00,8,,16939.88
custom-runner,372,3,72,yes,OK,,00 48 11 00 66 22 00 c6,00 48 11 02 22 01 00 00,00 48 11 02 22 01 00 00,8,,16939.94
custom-runner,373,3,73,yes,OK,,00 49 22 00 c5 11 00 67,00 49 22 01 11 02 00 00,00 49 22 01 11 02 00 00,8,,16945.90
custom-runner,374,3,74,yes,OK,,00 4a 11 00 63 22 00 c9,00 4a 11 01 22 02 00 00,00 4a 11 01 22 02 00 00,8,,16870.01
custom-runner,375,3,75,yes,OK,,00 4b 22 00 ca 11 00 62,00 4b 22 02 11 01 00 00,00 4b 22 02 11 01 00 00,8,,17039.69
custom-runner,376,3,76,yes,OK,,00 4c 11 00 66 22 00 c6,00 4c 11 02 22 01 00 00,00 4c 11 02 22 01 00 00,8,,16858.00
custom-runner,377,3,77,yes,OK,,00 4d 22 00 c5 11 00 67,00 4d 22 01 11 02 00 00,00 4d 22 01 11 02 00 00,8,,16947.81
custom-runner,378,3,78,yes,OK,,00 4e 11 00 63 22 00 c9,00 4e 11 01 22 02 00 00,00 4e 11 01 22 02 00 00,8,,16947.84
custom-runner,379,3,79,yes,OK,,00 4f 22 00 ca 11 00 62,00 4f 22 02 11 01 00 00,00 4f 22 02 11 01 00 00,8,,16946.58
custom-runner,380,3,80,yes,OK,,00 50 11 00 66 22 00 c6,00 50 11 02 22 01 00 00,00 50 11 02 22 01 00 00,8,,16897.85
custom-runner,381,3,81,yes,OK,,00 51 22 00 c5 11 00 67,00 51 22 01 11 02 00 00,00 51 22 01 11 02 00 00,8,,16932.58
custom-runner,382,3,82,yes,OK,,00 52 11 00 63 22 00 c9,00 52 11 01 22 02 00 00,00 52 11 01 22 02 00 00,8,,16946.96
custom-runner,383,3,83,yes,OK,,00 53 22 00 ca 11 00 62,00 53 22 02 11 01 00 00,00 53 22 02 11 01 00 00,8,,16911.20
custom-runner,384,3,84,yes,OK,,00 54 11 00 66 22 00 c6,00 54 11 02 22 01 00 00,00 54 11 02 22 01 00 00,8,,16920.96
custom-runner,385,3,85,yes,OK,,00 55 22 00 c5 11 00 67,00 55 22 01 11 02 00 00,00 55 22 01 11 02 00 00,8,,16897.06
custom-runner,386,3,86,yes,OK,,00 56 11 00 63 22 00 c9,00 56 11 01 22 02 00 00,00 56 11 01 22 02 00 00,8,,16981.92
custom-runner,387,3,87,yes,OK,,00 57 22 00 ca 11 00 62,00 57 22 02 11 01 00 00,00 57 22 02 11 01 00 00,8,,16908.25
custom-runner,388,3,88,yes,OK,,00 58 11 00 66 22 00 c6,00 58 11 02 22 01 00 00,00 58 11 02 22 01 00 00,8,,16992.80
custom-runner,389,3,89,yes,OK,,00 59 22 00 c5 11 00 67,00 59 22 01 11 02 00 00,00 59 22 01 11 02 00 00,8,,16850.11
custom-runner,390,3,90,yes,OK,,00 5a 11 00 63 22 00 c9,00 5a 11 01 22 02 00 00,00 5a 11 01 22 02 00 00,8,,16960.35
custom-runner,391,3,91,yes,OK,,00 5b 22 00 ca 11 00 62,00 5b 22 02 11 01 00 00,00 5b 22 02 11 01 00 00,8,,16871.67
custom-runner,392,3,92,yes,OK,,00 5c 11 00 66 22 00 c6,00 5c 11 02 22 01 00 00,00 5c 11 02 22 01 00 00,8,,17037.99
custom-runner,393,3,93,yes,OK,,00 5d 22 00 c5 11 00 67,00 5d 22 01 11 02 00 00,00 5d 22 01 11 02 00 00,8,,16832.07
custom-runner,394,3,94,yes,OK,,00 5e 11 00 63 22 00 c9,00 5e 11 01 22 02 00 00,00 5e 11 01 22 02 00 00,8,,16921.84
custom-runner,395,3,95,yes,OK,,00 5f 22 00 ca 11 00 62,00 5f 22 02 11 01 00 00,00 5f 22 02 11 01 00 00,8,,16914.75
custom-runner,396,3,96,yes,OK,,00 60 11 00 66 22 00 c6,00 60 11 02 22 01 00 00,00 60 11 02 22 01 00 00,8,,16941.53
custom-runner,397,3,97,yes,OK,,00 61 22 00 c5 11 00 67,00 61 22 01 11 02 00 00,00 61 22 01 11 02 00 00,8,,16906.10
custom-runner,398,3,98,yes,OK,,00 62 11 00 63 22 00 c9,00 62 11 01 22 02 00 00,00 62 11 01 22 02 00 00,8,,16934.89
custom-runner,399,3,99,yes,OK,,00 63 22 00 ca 11 00 62,00 63 22 02 11 01 00 00,00 63 22 02 11 01 00 00,8,,16907.28
custom-runner,400,4,0,no,OK,,00 00 11 a3 b1 22 1c 80,00 00 11 00 22 00 00 00,00 00 11 00 22 00 00 00,8,,16913.53
custom-runner,401,4,1,no,OK,,00 01 11 bd d6 22 46 68,00 01 11 00 22 00 00 00,00 01 11 00 22 00 00 00,8,,16970.13
custom-runner,402,4,2,no,OK,,00 02 22 23 b8 11 39 24,00 02 22 00 11 00 00 00,00 02 22 00 11 00 00 00,8,,16895.53
custom-runner,403,4,3,no,OK,,00 03 22 ad 3c 11 1a 3d,00 03 22 00 11 00 00 00,00 03 22 00 11 00 00 00,8,,18939.32
custom-runner,404,4,4,no,OK,,00 04 11 e4 65 22 8b 9d,00 04 11 00 22 00 00 00,00 04 11 00 22 00 00 00,8,,17872.69
custom-runner,405,4,5,no,OK,,00 05 11 97 2a 22 6c 03,00 05 11 00 22 00 00 00,00 05 11 00 22 00 00 00,8,,14198.83
custom-runner,406,4,6,no,OK,,00 06 11 07 a0 22 17 fc,00 06 11 00 22 00 00 00,00 06 11 00 22 00 00 00,8,,16680.36
custom-runner,407,4,7,no,OK,,00 07 22 81 5e 11 3b 8f,00 07 22 00 11 00 00 00,00 07 22 00 11 00 00 00,8,,16856.00
custom-runner,408,4,8,no,OK,,00 08 11 06 cb 22 8f ad,00 08 11 00 22 00 00 00,00 08 11 00 22 00 00 00,8,,16944.13
custom-runner,409,4,9,no,OK,,00 09 22 a6 5e 11 b7 4d,00 09 22 00 11 00 00 00,00 09 22 00 11 00 00 00,8,,16897.77
custom-runner,410,4,10,no,OK,,00 0a 11 8b 81 22 6b 65,00 0a 11 00 22 00 00 00,00 0a 11 00 22 00 00 00,8,,16972.75
custom-runner,411,4,11,no,OK,,00 0b 11 72 ff 22 96 da,00 0b 11 00 22 00 00 00,00 0b 11 00 22 00 00 00,8,,16937.19
custom-runner,412,4,12,no,OK,,00 0c 11 cf 36 22 de 8a,00 0c 11 00 22 00 00 00,00 0c 11 00 22 00 00 00,8,,16901.17
custom-runner,413,4,13,no,OK,,00 0d 11 c2 41 22 ce 4a,00 0d 11 00 22 00 00 00,00 0d 11 00 22 00 00 00,8,,16861.47
custom-runner,414,4,14,no,OK,,00 0e 11 b2 b9 22 6c 30,00 0e 11 00 22 00 00 00,00 0e 11 00 22 00 00 00,8,,16934.60
custom-runner,415,4,15,no,OK,,00 0f 11 47 22 22 27 cd,00 0f 11 00 22 00 00 00,00 0f 11 00 22 00 00 00,8,,16963.86
custom-runner,416,4,16,yes,OK,,00 10 11 f5 0b 22 c3 74,00 10 11 02 22 02 00 00,00 10 11 02 22 02 00 00,8,,17038.74
custom-runner,417,4,17,yes,OK,,00 11 11 1a 2a 22 17 be,00 11 11 01 22 01 00 00,00 11 11 01 22 01 00 00,8,,16798.47
custom-runner,418,4,18,yes,OK,,00 12 22 5b e6 11 18 c2,00 12 22 01 11 01 00 00,00 12 22 01 11 01 00 00,8,,16903.66
custom-runner,419,4,19,yes,OK,,00 13 11 58 0d 22 9a 8d,00 13 11 01 22 02 00 00,00 13 11 01 22 02 00 00,8,,16873.85
custom-runner,420,4,20,yes,OK,,00 14 22 0b 1f 11 ce 9f,00 14 22 01 11 02 00 00,00 14 22 01 11 02 00 00,8,,16945.38
custom-runner,421,4,21,yes,OK,,00 15 11 75 9c 22 89 46,00 15 11 02 22 02 00 00,00 15 11 02 22 02 00 00,8,,16970.42
custom-runner,422,4,22,yes,OK,,00 16 11 f9 1e 22 ec 1b,00 16 11 02 22 02 00 00,00 16 11 02 22 02 00 00,8,,16906.83
custom-runner,423,4,23,yes,OK,,00 17 11 14 2c 22 8d 52,00 17 11 01 22 02 00 00,00 17 11 01 22 02 00 00,8,,16953.70
custom-runner,424,4,24,yes,OK,,00 18 22 a0 ee 11 d4 53,00 18 22 02 11 02 00 00,00 18 22 02 11 02 00 00,8,,16879.82
custom-runner,425,4,25,yes,OK,,00 19 11 e2 ac 22 dc 98,00 19 11 02 22 02 00 00,00 19 11 02 22 02 00 00,8,,16954.70
custom-runner,426,4,26,yes,OK,,00 1a 22 31 39 11 93 cd,00 1a 22 01 11 02 00 00,00 1a 22 01 11 02 00 00,8,,16989.39
custom-runner,427,4,27,yes,OK,,00 1b 22 0b bb 11 11 ce,00 1b 22 01 11 01 00 00,00 1b 22 01 11 01 00 00,8,,16873.92
custom-runner,428,4,28,yes,OK,,00 1c 11 3a 57 22 c5 e7,00 1c 11 01 22 02 00 00,00 1c 11 01 22 02 00 00,8,,17035.27
custom-runner,429,4,29,yes,OK,,00 1d 22 14 6d 11 fc 37,00 1d 22 01 11 02 00 00,00 1d 22 01 11 02 00 00,8,,16907.29
custom-runner,430,4,30,yes,OK,,00 1e 11 3b 98 22 dd d1,00 1e 11 01 22 02 00 00,00 1e 11 01 22 02 00 00,8,,16899.50
custom-runner,431,4,31,yes,OK,,00 1f 11 61 4f 22 47 29,00 1f 11 01 22 01 00 00,00 1f 11 01 22 01 00 00,8,,16975.11
custom-runner,432,4,32,yes,OK,,00 20 11 a2 bc 22 d5 88,00 20 11 02 22 02 00 00,00 20 11 02 22 02 00 00,8,,16966.48
custom-runner,433,4,33,yes,OK,,00 21 11 29 a3 22 5e c4,00 21 11 01 22 01 00 00,00 21 11 01 22 01 00 00,8,,16883.33
custom-runner,434,4,34,yes,OK,,00 22 11 35 a2 22 ab 90,00 22 11 01 22 02 00 00,00 22 11 01 22 02 00 00,8,,17033.18
custom-runner,435,4,35,yes,OK,,00 23 22 ef c8 11 b3 aa,00 23 22 02 11 02 00 00,00 23 22 02 11 02 00 00,8,,16821.03
custom-runner,436,4,36,yes,OK,,00 24 22 12 47 11 a5 e5,00 24 22 01 11 02 00 00,00 24 22 01 11 02 00 00,8,,17183.40
custom-runner,437,4,37,yes,OK,,00 25 22 2b cf 11 a2 8d,00 25 22 01 11 02 00 00,00 25 22 01 11 02 00 00,8,,16854.91
custom-runner,438,4,38,yes,OK,,00 26 11 ba a8 22 3e ab,00 26 11 02 22 01 00 00,00 26 11 02 22 01 00 00,8,,17038.12
custom-runner,439,4,39,yes,OK,,00 27 11 76 56 22 61 23,00 27 11 01 22 01 00 00,00 27 11 01 22 01 00 00,8,,16677.75
custom-runner,440,4,40,yes,OK,,00 28 22 ec e6 11 fd 51,00 28 22 02 11 02 00 00,00 28 22 02 11 02 00 00,8,,17012.13
custom-runner,441,4,41,yes,OK,,00 29 11 b0 2b 22 8e 94,00 29 11 02 22 02 00 00,00 29 11 02 22 02 00 00,8,,16866.99
custom-runner,442,4,42,yes,OK,,00 2a 22 53 04 11 af 42,00 2a 22 01 11 02 00 00,00 2a 22 01 11 02 00 00,8,,17073.71
custom-runner,443,4,43,yes,OK,,00 2b 11 c4 b0 22 c6 a7,00 2b 11 02 22 02 00 00,00 2b 11 02 22 02 00 00,8,,16799.28
custom-runner,444,4,44,yes,OK,,00 2c 11 3a a2 22 d2 61,00 2c 11 01 22 02 00 00,00 2c 11 01 22 02 00 00,8,,16875.49
custom-runner,445,4,45,yes,OK,,00 2d 11 ce 17 22 50 c1,00 2d 11 02 22 01 00 00,00 2d 11 02 22 01 00 00,8,,17090.87
custom-runner,446,4,46,yes,OK,,00 2e 11 44 8a 22 10 f1,00 2e 11 01 22 01 00 00,00 2e 11 01 22 01 00 00,8,,16706.30
custom-runner,447,4,47,yes,OK,,00 2f 22 f1 62 11 e9 c3,00 2f 22 02 11 02 00 00,00 2f 22 02 11 02 00 00,8,,16997.59
custom-runner,448,4,48,yes,OK,,00 30 11 e0 59 22 b7 c9,00 30 11 02 22 02 00 00,00 30 11 02 22 02 00 00,8,,16939.06
custom-runner,449,4,49,yes,OK,,00 31 11 36 6e 22 a7 ca,00 31 11 01 22 02 00 00,00 31 11 01 22 02 00 00,8,,16920.23
custom-runner,450,4,50,yes,OK,,00 32 22 e2 7a 11 65 48,00 32 22 02 11 01 00 00,00 32 22 02 11 01 00 00,8,,17022.97
custom-runner,451,4,51,yes,OK,,00 33 11 a4 91 22 75 77,00 33 11 02 22 01 00 00,00 33 11 02 22 01 00 00,8,,16787.29
custom-runner,452,4,52,yes,OK,,00 34 11 43 cf 22 23 be,00 34 11 01 22 01 00 00,00 34 11 01 22 01 00 00,8,,16944.99
custom-runner,453,4,53,yes,OK,,00 35 22 8f b5 11 be b7,00 35 22 02 11 02 00 00,00 35 22 02 11 02 00 00,8,,17098.68
custom-runner,454,4,54,yes,OK,,00 36 22 bf 3c 11 43 43,00 36 22 02 11 01 00 00,00 36 22 02 11 01 00 00,8,,16824.46
custom-runner,455,4,55,yes,OK,,00 37 22 e5 d7 11 6d ad,00 37 22 02 11 01 00 00,00 37 22 02 11 01 00 00,8,,16993.21
custom-runner,456,4,56,yes,OK,,00 38 11 66 3f 22 5c ab,00 38 11 01 22 01 00 00,00 38 11 01 22 01 00 00,8,,16826.51
custom-runner,457,4,57,yes,OK,,00 39 11 ff 50 22 ff 5e,00 39 11 02 22 02 00 00,00 39 11 02 22 02 00 00,8,,16829.03
custom-runner,458,4,58,yes,OK,,00 3a 11 82 70 22 7e 57,00 3a 11 01 22 01 00 00,00 3a 11 01 22 01 00 00,8,,16967.30
custom-runner,459,4,59,yes,OK,,00 3b 22 0c 0f 11 c1 7a,00 3b 22 01 11 02 00 00,00 3b 22 01 11 02 00 00,8,,16954.91
custom-runner,460,4,60,yes,OK,,00 3c 22 27 20 11 1c 11,00 3c 22 01 11 01 00 00,00 3c 22 01 11 01 00 00,8,,16959.33
custom-runner,461,4,61,yes,OK,,00 3d 22 ca c5 11 28 f4,00 3d 22 02 11 01 00 00,00 3d 22 02 11 01 00 00,8,,16965.37
custom-runner,462,4,62,yes,OK,,00 3e 11 6c 12 22 98 ae,00 3e 11 01 22 02 00 00,00 3e 11 01 22 02 00 00,8,,16828.37
custom-runner,463,4,63,yes,OK,,00 3f 22 61 b1 11 62 80,00 3f 22 01 11 01 00 00,00 3f 22 01 11 01 00 00,8,,17092.73
custom-runner,464,4,64,yes,OK,,00 40 22 77 d2 11 ff 01,00 40 22 01 11 02 00 00,00 40 22 01 11 02 00 00,8,,16806.62
custom-runner,465,4,65,yes,OK,,00 41 22 f8 98 11 40 5c,00 41 22 02 11 01 00 00,00 41 22 02 11 01 00 00,8,,16982.95
custom-runner,466,4,66,yes,OK,,00 42 11 dc 5c 22 f1 43,00 42 11 02 22 02 00 00,00 42 11 02 22 02 00 00,8,,16921.25
custom-runner,467,4,67,yes,OK,,00 43 11 ae 27 22 b8 81,00 43 11 02 22 02 00 00,00 43 11 02 22 02 00 00,8,,16872.92
custom-runner,468,4,68,yes,OK,,00 44 22 e2 81 11 ae 84,00 44 22 02 11 02 00 00,00 44 22 02 11 02 00 00,8,,17089.27
custom-runner,469,4,69,yes,OK,,00 45 22 44 4e 11 c0 39,00 45 22 01 11 02 00 00,00 45 22 01 11 02 00 00,8,,16886.49
custom-runner,470,4,70,yes,OK,,00 46 11 a4 16 22 57 15,00 46 11 02 22 01 00 00,00 46 11 02 22 01 00 00,8,,16844.74
custom-runner,471,4,71,yes,OK,,00 47 11 4b 22 22 6f 4c,00 47 11 01 22 01 00 00,00 47 11 01 22 01 00 00,8,,16918.26
custom-runner,472,4,72,yes,OK,,00 48 22 00 d4 11 74 27,00 48 22 01 11 01 00 00,00 48 22 01 11 01 00 00,8,,16953.49
custom-runner,473,4,73,yes,OK,,00 49 22 e0 37 11 b8 db,00 49 22 02 11 02 00 00,00 49 22 02 11 02 00 00,8,,16939.80
custom-runner,474,4,74,yes,OK,,00 4a 22 f8 cd 11 43 6d,00 4a 22 02 11 01 00 00,00 4a 22 02 11 01 00 00,8,,17024.20
custom-runner,475,4,75,yes,OK,,00 4b 22 2d bc 11 c3 0f,00 4b 22 01 11 02 00 00,00 4b 22 01 11 02 00 00,8,,16826.29
custom-runner,476,4,76,yes,OK,,00 4c 22 1b 3d 11 e9 a1,00 4c 22 01 11 02 00 00,00 4c 22 01 11 02 00 00,8,,16930.44
custom-runner,477,4,77,yes,OK,,00 4d 22 4c 66 11 a0 13,00 4d 22 01 11 02 00 00,00 4d 22 01 11 02 00 00,8,,16957.75
custom-runner,478,4,78,yes,OK,,00 4e 22 81 f6 11 a3 92,00 4e 22 01 11 02 00 00,00 4e 22 01 11 02 00 00,8,,16971.28
custom-runner,479,4,79,yes,OK,,00 4f 11 32 eb 22 27 20,00 4f 11 01 22 01 00 00,00 4f 11 01 22 01 00 00,8,,17033.67
custom-runner,480,4,80,yes,OK,,00 50 22 29 5b 11 c3 33,00 50 22 01 11 02 00 00,00 50 22 01 11 02 00 00,8,,16819.55
custom-runner,481,4,81,yes,OK,,00 51 22 c7 54 11 f4 18,00 51 22 02 11 02 00 00,00 51 22 02 11 02 00 00,8,,17016.51
custom-runner,482,4,82,yes,OK,,00 52 11 87 c5 22 eb 22,00 52 11 01 22 02 00 00,00 52 11 01 22 02 00 00,8,,16888.16
custom-runner,483,4,83,yes,OK,,00 53 11 99 54 22 52 fb,00 53 11 01 22 01 00 00,00 53 11 01 22 01 00 00,8,,17101.27
custom-runner,484,4,84,yes,OK,,00 54 22 1c a3 11 04 fc,00 54 22 01 11 01 00 00,00 54 22 01 11 01 00 00,8,,16744.29
custom-runner,485,4,85,yes,OK,,00 55 22 e0 f3 11 5c ec,00 55 22 02 11 01 00 00,00 55 22 02 11 01 00 00,8,,17076.68
custom-runner,486,4,86,yes,OK,,00 56 11 d4 e8 22 ce 88,00 56 11 02 22 02 00 00,00 56 11 02 22 02 00 00,8,,17000.31
custom-runner,487,4,87,yes,OK,,00 57 11 3d 4c 22 0e d4,00 57 11 01 22 01 00 00,00 57 11 01 22 01 00 00,8,,16749.73
custom-runner,488,4,88,yes,OK,,00 58 22 91 3e 11 e0 c5,00 58 22 02 11 02 00 00,00 58 22 02 11 02 00 00,8,,16959.69
custom-runner,489,4,89,yes,OK,,00 59 22 15 ed 11 14 29,00 59 22 01 11 01 00 00,00 59 22 01 11 01 00 00,8,,16875.56
custom-runner,490,4,90,yes,OK,,00 5a 11 7c 69 22 d0 e6,00 5a 11 01 22 02 00 00,00 5a 11 01 22 02 00 00,8,,16938.26
custom-runner,491,4,91,yes,OK,,00 5b 22 c2 b6 11 fa 5d,00 5b 22 02 11 02 00 00,00 5b 22 02 11 02 00 00,8,,16919.28
custom-runner,492,4,92,yes,OK,,00 5c 11 c4 0d 22 20 31,00 5c 11 02 22 01 00 00,00 5c 11 02 22 01 00 00,8,,17013.12
custom-runner,493,4,93,yes,OK,,00 5d 22 79 ac 11 a8 e5,00 5d 22 02 11 02 00 00,00 5d 22 02 11 02 00 00,8,,16902.43
custom-runner,494,4,94,yes,OK,,00 5e 11 8c bf 22 2a 45,00 5e 11 01 22 01 00 00,00 5e 11 01 22 01 00 00,8,,16895.55
custom-runner,495,4,95,yes,OK,,00 5f 22 df 57 11 87 15,00 5f 22 02 11 01 00 00,00 5f 22 02 11 01 00 00,8,,16976.61
custom-runner,496,4,96,yes,OK,,00 60 11 6c 52 22 f6 e0,00 60 11 01 22 02 00 00,00 60 11 01 22 02 00 00,8,,16961.34
custom-runner,497,4,97,yes,OK,,00 61 22 8a 0f 11 ed cd,00 61 22 02 11 02 00 00,00 61 22 02 11 02 00 00,8,,16918.28
custom-runner,498,4,98,yes,OK,,00 62 11 ba dc 22 b0 9b,00 62 11 02 22 02 00 00,00 62 11 02 22 02 00 00,8,,17014.29
custom-runner,499,4,99,yes,OK,,00 63 11 b6 83 22 4f cc,00 63 11 02 22 01 00 00,00 63 11 02 22 01 00 00,8,,16865.89
custom-runner,500,5,0,no,OK,,00 00 11 00 64 22 00 c8,00 00 11 00 22 00 00 00,00 00 11 00 22 00 00 00,8,,16842.67
custom-runner,501,5,1,no,OK,,00 01 22 00 c8 11 00 64,00 01 22 00 11 00 00 00,00 01 22 00 11 00 00 00,8,,17043.99
custom-runner,502,5,2,no,OK,,00 02 11 00 64 22 00 c8,00 02 11 00 22 00 00 00,00 02 11 00 22 00 00 00,8,,16935.08
custom-runner,503,5,3,no,OK,,00 03 22 00 c8 11 00 64,00 03 22 00 11 00 00 00,00 03 22 00 11 00 00 00,8,,16818.50
custom-runner,504,5,4,no,OK,,00 04 11 00 64 22 00 c8,00 04 11 00 22 00 00 00,00 04 11 00 22 00 00 00,8,,16976.09
custom-runner,505,5,5,no,OK,,00 05 22 00 c8 11 00 64,00 05 22 00 11 00 00 00,00 05 22 00 11 00 00 00,8,,16925.02
custom-runner,506,5,6,no,OK,,00 06 11 00 64 22 00 c8,00 06 11 00 22 00 00 00,00 06 11 00 22 00 00 00,8,,16992.45
custom-runner,507,5,7,no,OK,,00 07 22 00 c8 11 00 64,00 07 22 00 11 00 00 00,00 07 22 00 11 00 00 00,8,,16917.92
custom-runner,508,5,8,no,OK,,00 08 11 00 64 22 00 c8,00 08 11 00 22 00 00 00,00 08 11 00 22 00 00 00,8,,16986.00
custom-runner,509,5,9,no,OK,,00 09 22 00 c8 11 00 64,00 09 22 00 11 00 00 00,00 09 22 00 11 00 00 00,8,,16889.47
custom-runner,510,5,10,no,OK,,00 0a 11 00 64 22 00 c8,00 0a 11 00 22 00 00 00,00 0a 11 00 22 00 00 00,8,,16858.10
custom-runner,511,5,11,no,OK,,00 0b 22 00 c8 11 00 64,00 0b 22 00 11 00 00 00,00 0b 22 00 11 00 00 00,8,,17077.90
custom-runner,512,5,12,no,OK,,00 0c 11 00 64 22 00 c8,00 0c 11 00 22 00 00 00,00 0c 11 00 22 00 00 00,8,,16925.22
custom-runner,513,5,13,no,OK,,00 0d 22 00 c8 11 00 64,00 0d 22 00 11 00 00 00,00 0d 22 00 11 00 00 00,8,,16922.94
custom-runner,514,5,14,no,OK,,00 0e 11 00 64 22 00 c8,00 0e 11 00 22 00 00 00,00 0e 11 00 22 00 00 00,8,,16973.24
custom-runner,515,5,15,no,OK,,00 0f 22 00 c8 11 00 64,00 0f 22 00 11 00 00 00,00 0f 22 00 11 00 00 00,8,,16797.14
custom-runner,516,5,16,yes,OK,,00 10 11 00 66 22 00 c6,00 10 11 02 22 01 00 00,00 10 11 02 22 01 00 00,8,,16909.42
custom-runner,517,5,17,yes,OK,,00 11 22 00 c5 11 00 67,00 11 22 01 11 02 00 00,00 11 22 01 11 02 00 00,8,,17108.43
custom-runner,518,5,18,yes,OK,,00 12 11 00 63 22 00 c9,00 12 11 01 22 02 00 00,00 12 11 01 22 02 00 00,8,,16813.36
custom-runner,519,5,19,yes,OK,,00 13 22 00 ca 11 00 62,00 13 22 02 11 01 00 00,00 13 22 02 11 01 00 00,8,,16877.50
custom-runner,520,5,20,yes,OK,,00 14 11 00 66 22 00 c6,00 14 11 02 22 01 00 00,00 14 11 02 22 01 00 00,8,,16891.60
custom-runner,521,5,21,yes,OK,,00 15 22 00 c5 11 00 67,00 15 22 01 11 02 00 00,00 15 22 01 11 02 00 00,8,,16938.97
custom-runner,522,5,22,yes,OK,,00 16 11 00 63 22 00 c9,00 16 11 01 22 02 00 00,00 16 11 01 22 02 00 00,8,,16914.31
custom-runner,523,5,23,yes,OK,,00 17 22 00 ca 11 00 62,00 17 22 02 11 01 00 00,00 17 22 02 11 01 00 00,8,,17036.37
custom-runner,524,5,24,yes,OK,,00 18 11 00 66 22 00 c6,00 18 11 02 22 01 00 00,00 18 11 02 22 01 00 00,8,,16867.05
custom-runner,525,5,25,yes,OK,,00 19 22 00 c5 11 00 67,00 19 22 01 11 02 00 00,00 19 22 01 11 02 00 00,8,,16802.34
custom-runner,526,5,26,yes,OK,,00 1a 11 00 63 22 00 c9,00 1a 11 01 22 02 00 00,00 1a 11 01 22 02 00 00,8,,16864.99
custom-runner,527,5,27,yes,OK,,00 1b 22 00 ca 11 00 62,00 1b 22 02 11 01 00 00,00 1b 22 02 11 01 00 00,8,,16932.70
custom-runner,528,5,28,yes,OK,,00 1c 11 00 66 22 00 c6,00 1c 11 02 22 01 00 00,00 1c 11 02 22 01 00 00,8,,16929.60
custom-runner,529,5,29,yes,OK,,00 1d 22 00 c5 11 00 67,00 1d 22 01 11 02 00 00,00 1d 22 01 11 02 00 00,8,,17020.82
custom-runner,530,5,30,yes,OK,,00 1e 11 00 63 22 00 c9,00 1e 11 01 22 02 00 00,00 1e 11 01 22 02 00 00,8,,16871.49
custom-runner,531,5,31,yes,OK,,00 1f 22 00 ca 11 00 62,00 1f 22 02 11 01 00 00,00 1f 22 02 11 01 00 00,8,,16998.56
custom-runner,532,5,32,yes,OK,,00 20 11 00 66 22 00 c6,00 20 11 02 22 01 00 00,00 20 11 02 22 01 00 00,8,,16813.43
custom-runner,533,5,33,yes,OK,,00 21 22 00 c5 11 00 67,00 21 22 01 11 02 00 00,00 21 22 01 11 02 00 00,8,,16935.01
custom-runner,534,5,34,yes,OK,,00 22 11 00 63 22 00 c9,00 22 11 01 22 02 00 00,00 22 11 01 22 02 00 00,8,,16926.51
custom-runner,535,5,35,yes,OK,,00 23 22 00 ca 11 00 62,00 23 22 02 11 01 00 00,00 23 22 02 11 01 00 00,8,,16988.54
custom-runner,536,5,36,yes,OK,,00 24 11 00 66 22 00 c6,00 24 11 02 22 01 00 00,00 24 11 02 22 01 00 00,8,,16886.16
custom-runner,537,5,37,yes,OK,,00 25 22 00 c5 11 00 67,00 25 22 01 11 02 00 00,00 25 22 01 11 02 00 00,8,,16904.96
custom-runner,538,5,38,yes,OK,,00 26 11 00 63 22 00 c9,00 26 11 01 22 02 00 00,00 26 11 01 22 02 00 00,8,,17036.40
custom-runner,539,5,39,yes,OK,,00 27 22 00 ca 11 00 62,00 27 22 02 11 01 00 00,00 27 22 02 11 01 00 00,8,,16826.17
custom-runner,540,5,40,yes,OK,,00 28 11 00 66 22 00 c6,00 28 11 02 22 01 00 00,00 28 11 02 22 01 00 00,8,,17002.65
custom-runner,541,5,41,yes,OK,,00 29 22 00 c5 11 00 67,00 29 22 01 11 02 00 00,00 29 22 01 11 02 00 00,8,,16966.62
custom-runner,542,5,42,yes,OK,,00 2a 11 00 63 22 00 c9,00 2a 11 01 22 02 00 00,00 2a 11 01 22 02 00 00,8,,16794.77
custom-runner,543,5,43,yes,OK,,00 2b 22 00 ca 11 00 62,00 2b 22 02 11 01 00 00,00 2b 22 02 11 01 00 00,8,,16941.97
custom-runner,544,5,44,yes,OK,,00 2c 11 00 66 22 00 c6,00 2c 11 02 22 01 00 00,00 2c 11 02 22 01 00 00,8,,16947.16
custom-runner,545,5,45,yes,OK,,00 2d 22 00 c5 11 00 67,00 2d 22 01 11 02 00 00,00 2d 22 01 11 02 00 00,8,,16905.65
custom-runner,546,5,46,yes,OK,,00 2e 11 00 63 22 00 c9,00 2e 11 01 22 02 00 00,00 2e 11 01 22 02 00 00,8,,16979.77
custom-runner,547,5,47,yes,OK,,00 2f 22 00 ca 11 00 62,00 2f 22 02 11 01 00 00,00 2f 22 02 11 01 00 00,8,,16849.04
custom-runner,548,5,48,yes,OK,,00 30 11 00 66 22 00 c6,00 30 11 02 22 01 00 00,00 30 11 02 22 01 00 00,8,,16934.61
custom-runner,549,5,49,yes,OK,,00 31 22 00 c5 11 00 67,00 31 22 01 11 02 00 00,00 31 22 01 11 02 00 00,8,,16934.60
custom-runner,550,5,50,yes,OK,,00 32 11 00 63 22 00 c9,00 32 11 01 22 02 00 00,00 32 11 01 22 02 00 00,8,,17059.17
custom-runner,551,5,51,yes,OK,,00 33 22 00 ca 11 00 62,00 33 22 02 11 01 00 00,00 33 22 02 11 01 00 00,8,,16770.01
custom-runner,552,5,52,yes,OK,,00 34 11 00 66 22 00 c6,00 34 11 02 22 01 00 00,00 34 11 02 22 01 00 00,8,,16901.87
custom-runner,553,5,53,yes,OK,,00 35 22 00 c5 11 00 67,00 35 22 01 11 02 00 00,00 35 22 01 11 02 00 00,8,,16910.67
custom-runner,554,5,54,yes,OK,,00 36 11 00 63 22 00 c9,00 36 11 01 22 02 00 00,00 36 11 01 22 02 00 00,8,,16954.53
custom-runner,555,5,55,yes,OK,,00 37 22 00 ca 11 00 62,00 37 22 02 11 01 00 00,00 37 22 02 11 01 00 00,8,,17041.40
custom-runner,556,5,56,yes,OK,,00 38 11 00 66 22 00 c6,00 38 11 02 22 01 00 00,00 38 11 02 22 01 00 00,8,,16912.32
custom-runner,557,5,57,yes,OK,,00 39 22 00 c5 11 00 67,00 39 22 01 11 02 00 00,00 39 22 01 11 02 00 00,8,,16900.75
custom-runner,558,5,58,yes,OK,,00 3a 11 00 63 22 00 c9,00 3a 11 01 22 02 00 00,00 3a 11 01 22 02 00 00,8,,16830.52
custom-runner,559,5,59,yes,OK,,00 3b 22 00 ca 11 00 62,00 3b 22 02 11 01 00 00,00 3b 22 02 11 01 00 00,8,,16941.94
custom-runner,560,5,60,yes,OK,,00 3c 11 00 66 22 00 c6,00 3c 11 02 22 01 00 00,00 3c 11 02 22 01 00 00,8,,16961.49
custom-runner,561,5,61,yes,OK,,00 3d 22 00 c5 11 00 67,00 3d 22 01 11 02 00 00,00 3d 22 01 11 02 00 00,8,,16901.53
custom-runner,562,5,62,yes,OK,,00 3e 11 00 63 22 00 c9,00 3e 11 01 22 02 00 00,00 3e 11 01 22 02 00 00,8,,17099.51
custom-runner,563,5,63,yes,OK,,00 3f 22 00 ca 11 00 62,00 3f 22 02 11 01 00 00,00 3f 22 02 11 01 00 00,8,,16839.11
custom-runner,564,5,64,yes,OK,,00 40 11 00 66 22 00 c6,00 40 11 02 22 01 00 00,00 40 11 02 22 01 00 00,8,,16899.66
custom-runner,565,5,65,yes,OK,,00 41 22 00 c5 11 00 67,00 41 22 01 11 02 00 00,00 41 22 01 11 02 00 00,8,,16951.82
custom-runner,566,5,66,yes,OK,,00 42 11 00 63 22 00 c9,00 42 11 01 22 02 00 00,00 42 11 01 22 02 00 00,8,,16835.28
custom-runner,567,5,67,yes,OK,,00 43 22 00 ca 11 00 62,00 43 22 02 11 01 00 00,00 43 22 02 11 01 00 00,8,,16934.12
custom-runner,568,5,68,yes,OK,,00 44 11 00 66 22 00 c6,00 44 11 02 22 01 00 00,00 44 11 02 22 01 00 00,8,,16911.88
custom-runner,569,5,69,yes,OK,,00 45 22 00 c5 11 00 67,00 45 22 01 11 02 00 00,00 45 22 01 11 02 00 00,8,,16892.93
custom-runner,570,5,70,yes,OK,,00 46 11 00 63 22 00 c9,00 46 11 01 22 02 00 00,00 46 11 01 22 02 00 00,8,,16928.38
custom-runner,571,5,71,yes,OK,,00 47 22 00 ca 11 00 62,00 47 22 02 11 01 00 00,00 47 22 02 11 01 00 00,8,,17052.10
custom-runner,572,5,72,yes,OK,,00 48 11 00 66 22 00 c6,00 48 11 02 22 01 00 00,00 48 11 02 22 01 00 00,8,,16852.31
custom-runner,573,5,73,yes,OK,,00 49 22 00 c5 11 00 67,00 49 22 01 11 02 00 00,00 49 22 01 11 02 00 00,8,,17031.05
custom-runner,574,5,74,yes,OK,,00 4a 11 00 63 22 00 c9,00 4a 11 01 22 02 00 00,00 4a 11 01 22 02 00 00,8,,16764.90
custom-runner,575,5,75,yes,OK,,00 4b 22 00 ca 11 00 62,00 4b 22 02 11 01 00 00,00 4b 22 02 11 01 00 00,8,,17046.38
custom-runner,576,5,76,yes,OK,,00 4c 11 00 66 22 00 c6,00 4c 11 02 22 01 00 00,00 4c 11 02 22 01 00 00,8,,16910.44
custom-runner,577,5,77,yes,OK,,00 4d 22 00 c5 11 00 67,00 4d 22 01 11 02 00 00,00 4d 22 01 11 02 00 00,8,,16803.76
custom-runner,578,5,78,yes,OK,,00 4e 11 00 63 22 00 c9,00 4e 11 01 22 02 00 00,00 4e 11 01 22 02 00 00,8,,16987.80
custom-runner,579,5,79,yes,OK,,00 4f 22 00 ca 11 00 62,00 4f 22 02 11 01 00 00,00 4f 22 02 11 01 00 00,8,,16937.21
custom-runner,580,5,80,yes,OK,,00 50 11 00 66 22 00 c6,00 50 11 02 22 01 00 00,00 50 11 02 22 01 00 00,8,,16896.90
custom-runner,581,5,81,yes,OK,,00 51 22 00 c5 11 00 67,00 51 22 01 11 02 00 00,00 51 22 01 11 02 00 00,8,,17085.63
custom-runner,582,5,82,yes,OK,,00 52 11 00 63 22 00 c9,00 52 11 01 22 02 00 00,00 52 11 01 22 02 00 00,8,,16892.65
custom-runner,583,5,83,yes,OK,,00 53 22 00 ca 11 00 62,00 53 22 02 11 01 00 00,00 53 22 02 11 01 00 00,8,,16999.91
custom-runner,584,5,84,yes,OK,,00 54 11 00 66 22 00 c6,00 54 11 02 22 01 00 00,00 54 11 02 22 01 00 00,8,,16899.03
custom-runner,585,5,85,yes,OK,,00 55 22 00 c5 11 00 67,00 55 22 01 11 02 00 00,00 55 22 01 11 02 00 00,8,,16888.38
custom-runner,586,5,86,yes,OK,,00 56 11 00 63 22 00 c9,00 56 11 01 22 02 00 00,00 56 11 01 22 02 00 00,8,,17022.55
custom-runner,587,5,87,yes,OK,,00 57 22 00 ca 11 00 62,00 57 22 02 11 01 00 00,00 57 22 02 11 01 00 00,8,,16729.44
custom-runner,588,5,88,yes,OK,,00 58 11 00 66 22 00 c6,00 58 11 02 22 01 00 00,00 58 11 02 22 01 00 00,8,,16928.57
custom-runner,589,5,89,yes,OK,,00 59 22 00 c5 11 00 67,00 59 22 01 11 02 00 00,00 59 22 01 11 02 00 00,8,,16929.47
custom-runner,590,5,90,yes,OK,,00 5a 11 00 63 22 00 c9,00 5a 11 01 22 02 00 00,00 5a 11 01 22 02 00 00,8,,16904.30
custom-runner,591,5,91,yes,OK,,00 5b 22 00 ca 11 00 62,00 5b 22 02 11 01 00 00,00 5b 22 02 11 01 00 00,8,,16990.95
custom-runner,592,5,92,yes,OK,,00 5c 11 00 66 22 00 c6,00 5c 11 02 22 01 00 00,00 5c 11 02 22 01 00 00,8,,16990.03
custom-runner,593,5,93,yes,OK,,00 5d 22 00 c5 11 00 67,00 5d 22 01 11 02 00 00,00 5d 22 01 11 02 00 00,8,,16833.33
custom-runner,594,5,94,yes,OK,,00 5e 11 00 63 22 00 c9,00 5e 11 01 22 02 00 00,00 5e 11 01 22 02 00 00,8,,16782.94
custom-runner,595,5,95,yes,OK,,00 5f 22 00 ca 11 00 62,00 5f 22 02 11 01 00 00,00 5f 22 02 11 01 00 00,8,,16972.61
custom-runner,596,5,96,yes,OK,,00 60 11 00 66 22 00 c6,00 60 11 02 22 01 00 00,00 60 11 02 22 01 00 00,8,,16989.22
custom-runner,597,5,97,yes,OK,,00 61 22 00 c5 11 00 67,00 61 22 01 11 02 00 00,00 61 22 01 11 02 00 00,8,,16832.06
custom-runner,598,5,98,yes,OK,,00 62 11 00 63 22 00 c9,00 62 11 01 22 02 00 00,00 62 11 01 22 02 00 00,8,,16896.18
custom-runner,599,5,99,yes,OK,,00 63 22 00 ca 11 00 62,00 63 22 02 11 01 00 00,00 63 22 02 11 01 00 00,8,,16909.26
custom-runner,600,6,0,no,OK,,00 00 11 00 64 22 00 c8,00 00 11 00 22 00 00 00,00 00 11 00 22 00 00 00,8,,17015.84
custom-runner,601,6,1,no,OK,,00 01 22 00 c8 11 00 64,00 01 22 00 11 00 00 00,00 01 22 00 11 00 00 00,8,,16832.03
custom-runner,602,6,2,no,OK,,00 02 11 00 64 22 00 c8,00 02 11 00 22 00 00 00,00 02 11 00 22 00 00 00,8,,16888.86
custom-runner,603,6,3,no,OK,,00 03 22 00 c8 11 00 64,00 03 22 00 11 00 00 00,00 03 22 00 11 00 00 00,8,,16964.76
custom-runner,604,6,4,no,OK,,00 04 11 00 64 22 00 c8,00 04 11 00 22 00 00 00,00 04 11 00 22 00 00 00,8,,16994.47
custom-runner,605,6,5,no,OK,,00 05 22 00 c8 11 00 64,00 05 22 00 11 00 00 00,00 05 22 00 11 00 00 00,8,,16976.96
custom-runner,606,6,6,no,OK,,00 06 11 00 64 22 00 c8,00 06 11 00 22 00 00 00,00 06 11 00 22 00 00 00,8,,16861.47
custom-runner,607,6,7,no,OK,,00 07 22 00 c8 11 00 64,00 07 22 00 11 00 00 00,00 07 22 00 11 00 00 00,8,,17060.36
custom-runner,608,6,8,no,OK,,00 08 11 00 64 22 00 c8,00 08 11 00 22 00 00 00,00 08 11 00 22 00 00 00,8,,16874.02
custom-runner,609,6,9,no,OK,,00 09 22 00 c8 11 00 64,00 09 22 00 11 00 00 00,00 09 22 00 11 00 00 00,8,,16981.10
custom-runner,610,6,10,no,OK,,00 0a 11 00 64 22 00 c8,00 0a 11 00 22 00 00 00,00 0a 11 00 22 00 00 00,8,,16883.16
custom-runner,611,6,11,no,OK,,00 0b 22 00 c8 11 00 64,00 0b 22 00 11 00 00 00,00 0b 22 00 11 00 00 00,8,,16835.46
custom-runner,612,6,12,no,OK,,00 0c 11 00 64 22 00 c8,00 0c 11 00 22 00 00 00,00 0c 11 00 22 00 00 00,8,,16930.11
custom-runner,613,6,13,no,OK,,00 0d 22 00 c8 11 00 64,00 0d 22 00 11 00 00 00,00 0d 22 00 11 00 00 00,8,,16880.12
custom-runner,614,6,14,no,OK,,00 0e 11 00 64 22 00 c8,00 0e 11 00 22 00 00 00,00 0e 11 00 22 00 00 00,8,,17010.36
custom-runner,615,6,15,no,OK,,00 0f 22 00 c8 11 00 64,00 0f 22 00 11 00 00 00,00 0f 22 00 11 00 00 00,8,,17072.15
custom-runner,616,6,16,yes,OK,,00 10 11 00 64 22 00 c8,00 10 11 00 22 00 00 00,00 10 11 00 22 00 00 00,8,,16775.33
custom-runner,617,6,17,yes,OK,,00 11 22 00 c8 11 00 64,00 11 22 00 11 00 00 00,00 11 22 00 11 00 00 00,8,,16852.99
custom-runner,618,6,18,yes,OK,,00 12 11 00 64 22 00 c8,00 12 11 00 22 00 00 00,00 12 11 00 22 00 00 00,8,,16963.55
custom-runner,619,6,19,yes,OK,,00 13 22 00 c8 11 00 64,00 13 22 00 11 00 00 00,00 13 22 00 11 00 00 00,8,,16957.43
custom-runner,620,6,20,yes,OK,,00 14 11 00 64 22 00 c8,00 14 11 00 22 00 00 00,00 14 11 00 22 00 00 00,8,,17030.15
custom-runner,621,6,21,yes,OK,,00 15 22 00 c8 11 00 64,00 15 22 00 11 00 00 00,00 15 22 00 11 00 00 00,8,,16823.79
custom-runner,622,6,22,yes,OK,,00 16 11 00 64 22 00 c8,00 16 11 00 22 00 00 00,00 16 11 00 22 00 00 00,8,,16852.01
custom-runner,623,6,23,yes,OK,,00 17 22 00 c8 11 00 64,00 17 22 00 11 00 00 00,00 17 22 00 11 00 00 00,8,,16897.87
custom-runner,624,6,24,yes,OK,,00 18 11 00 64 22 00 c8,00 18 11 00 22 00 00 00,00 18 11 00 22 00 00 00,8,,16934.56
custom-runner,625,6,25,yes,OK,,00 19 22 00 c8 11 00 64,00 19 22 00 11 00 00 00,00 19 22 00 11 00 00 00,8,,16923.88
custom-runner,626,6,26,yes,OK,,00 1a 11 00 64 22 00 c8,00 1a 11 00 22 00 00 00,00 1a 11 00 22 00 00 00,8,,17014.12
custom-runner,627,6,27,yes,OK,,00 1b 22 00 c8 11 00 64,00 1b 22 00 11 00 00 00,00 1b 22 00 11 00 00 00,8,,16898.10
custom-runner,628,6,28,yes,OK,,00 1c 11 00 64 22 00 c8,00 1c 11 00 22 00 00 00,00 1c 11 00 22 00 00 00,8,,16851.08
custom-runner,629,6,29,yes,OK,,00 1d 22 00 c8 11 00 64,00 1d 22 00 11 00 00 00,00 1d 22 00 11 00 00 00,8,,16922.28
custom-runner,630,6,30,yes,OK,,00 1e 11 00 64 22 00 c8,00 1e 11 00 22 00 00 00,00 1e 11 00 22 00 00 00,8,,16921.58
custom-runner,631,6,31,yes,OK,,00 1f 22 00 c8 11 00 64,00 1f 22 00 11 00 00 00,00 1f 22 00 11 00 00 00,8,,16917.93
custom-runner,632,6,32,yes,OK,,00 20 11 00 64 22 00 c8,00 20 11 00 22 00 00 00,00 20 11 00 22 00 00 00,8,,16909.02
custom-runner,633,6,33,yes,OK,,00 21 22 00 c8 11 00 64,00 21 22 00 11 00 00 00,00 21 22 00 11 00 00 00,8,,16955.77
custom-runner,634,6,34,yes,OK,,00 22 11 00 64 22 00 c8,00 22 11 00 22 00 00 00,00 22 11 00 22 00 00 00,8,,16872.17
custom-runner,635,6,35,yes,OK,,00 23 22 00 c8 11 00 64,00 23 22 00 11 00 00 00,00 23 22 00 11 00 00 00,8,,17027.59
custom-runner,636,6,36,yes,OK,,00 24 11 00 64 22 00 c8,00 24 11 00 22 00 00 00,00 24 11 00 22 00 00 00,8,,16927.28
custom-runner,637,6,37,yes,OK,,00 25 22 00 c8 11 00 64,00 25 22 00 11 00 00 00,00 25 22 00 11 00 00 00,8,,16860.21
custom-runner,638,6,38,yes,OK,,00 26 11 00 64 22 00 c8,00 26 11 00 22 00 00 00,00 26 11 00 22 00 00 00,8,,16915.67
custom-runner,639,6,39,yes,OK,,00 27 22 00 c8 11 00 64,00 27 22 00 11 00 00 00,00 27 22 00 11 00 00 00,8,,16899.06
custom-runner,640,6,40,yes,OK,,00 28 11 00 64 22 00 c8,00 28 11 00 22 00 00 00,00 28 11 00 22 00 00 00,8,,16939.25
custom-runner,641,6,41,yes,OK,,00 29 22 00 c8 11 00 64,00 29 22 00 11 00 00 00,00 29 22 00 11 00 00 00,8,,17048.91
custom-runner,642,6,42,yes,OK,,00 2a 11 00 64 22 00 c8,00 2a 11 00 22 00 00 00,00 2a 11 00 22 00 00 00,8,,16882.13
custom-runner,643,6,43,yes,OK,,00 2b 22 00 c8 11 00 64,00 2b 22 00 11 00 00 00,00 2b 22 00 11 00 00 00,8,,16795.21
custom-runner,644,6,44,yes,OK,,00 2c 11 00 64 22 00 c8,00 2c 11 00 22 00 00 00,00 2c 11 00 22 00 00 00,8,,17024.32
custom-runner,645,6,45,yes,OK,,00 2d 22 00 c8 11 00 64,00 2d 22 00 11 00 00 00,00 2d 22 00 11 00 00 00,8,,16825.14
custom-runner,646,6,46,yes,OK,,00 2e 11 00 64 22 00 c8,00 2e 11 00 22 00 00 00,00 2e 11 00 22 00 00 00,8,,17007.41
custom-runner,647,6,47,yes,OK,,00 2f 22 00 c8 11 00 64,00 2f 22 00 11 00 00 00,00 2f 22 00 11 00 00 00,8,,16932.65
custom-runner,648,6,48,yes,OK,,00 30 11 00 64 22 00 c8,00 30 11 00 22 00 00 00,00 30 11 00 22 00 00 00,8,,16784.95
custom-runner,649,6,49,yes,OK,,00 31 22 00 c8 11 00 64,00 31 22 00 11 00 00 00,00 31 22 00 11 00 00 00,8,,16874.53
custom-runner,650,6,50,yes,OK,,00 32 11 00 64 22 00 c8,00 32 11 00 22 00 00 00,00 32 11 00 22 00 00 00,8,,17041.29
custom-runner,651,6,51,yes,OK,,00 33 22 00 c8 11 00 64,00 33 22 00 11 00 00 00,00 33 22 00 11 00 00 00,8,,17096.31
custom-runner,652,6,52,yes,OK,,00 34 11 00 64 22 00 c8,00 34 11 00 22 00 00 00,00 34 11 00 22 00 00 00,8,,16734.06
custom-runner,653,6,53,yes,OK,,00 35 22 00 c8 11 00 64,00 35 22 00 11 00 00 00,00 35 22 00 11 00 00 00,8,,16983.90
custom-runner,654,6,54,yes,OK,,00 36 11 00 64 22 00 c8,00 36 11 00 22 00 00 00,00 36 11 00 22 00 00 00,8,,16819.13
custom-runner,655,6,55,yes,OK,,00 37 22 00 c8 11 00 64,00 37 22 00 11 00 00 00,00 37 22 00 11 00 00 00,8,,16991.03
custom-runner,656,6,56,yes,OK,,00 38 11 00 64 22 00 c8,00 38 11 00 22 00 00 00,00 38 11 00 22 00 00 00,8,,16915.10
custom-runner,657,6,57,yes,OK,,00 39 22 00 c8 11 00 64,00 39 22 00 11 00 00 00,00 39 22 00 11 00 00 00,8,,17030.09
custom-runner,658,6,58,yes,OK,,00 3a 11 00 64 22 00 c8,00 3a 11 00 22 00 00 00,00 3a 11 00 22 00 00 00,8,,16806.16
custom-runner,659,6,59,yes,OK,,00 3b 22 00 c8 11 00 64,00 3b 22 00 11 00 00 00,00 3b 22 00 11 00 00 00,8,,17007.21
custom-runner,660,6,60,yes,OK,,00 3c 11 00 64 22 00 c8,00 3c 11 00 22 00 00 00,00 3c 11 00 22 00 00 00,8,,16864.57
custom-runner,661,6,61,yes,OK,,00 3d 22 00 c8 11 00 64,00 3d 22 00 11 00 00 00,00 3d 22 00 11 00 00 00,8,,16887.56
custom-runner,662,6,62,yes,OK,,00 3e 11 00 64 22 00 c8,00 3e 11 00 22 00 00 00,00 3e 11 00 22 00 00 00,8,,17075.03
custom-runner,663,6,63,yes,OK,,00 3f 22 00 c8 11 00 64,00 3f 22 00 11 00 00 00,00 3f 22 00 11 00 00 00,8,,16875.84
custom-runner,664,6,64,yes,OK,,00 40 11 00 64 22 00 c8,00 40 11 00 22 00 00 00,00 40 11 00 22 00 00 00,8,,16893.71
custom-runner,665,6,65,yes,OK,,00 41 22 00 c8 11 00 64,00 41 22 00 11 00 00 00,00 41 22 00 11 00 00 00,8,,16803.09
custom-runner,666,6,66,yes,OK,,00 42 11 00 64 22 00 c8,00 42 11 00 22 00 00 00,00 42 11 00 22 00 00 00,8,,17021.69
custom-runner,667,6,67,yes,OK,,00 43 22 00 c8 11 00 64,00 43 22 00 11 00 00 00,00 43 22 00 11 00 00 00,8,,16921.21
custom-runner,668,6,68,yes,OK,,00 44 11 00 64 22 00 c8,00 44 11 00 22 00 00 00,00 44 11 00 22 00 00 00,8,,16977.01
custom-runner,669,6,69,yes,OK,,00 45 22 00 c8 11 00 64,00 45 22 00 11 00 00 00,00 45 22 00 11 00 00 00,8,,16903.43
custom-runner,670,6,70,yes,OK,,00 46 11 00 64 22 00 c8,00 46 11 00 22 00 00 00,00 46 11 00 22 00 00 00,8,,16946.89
custom-runner,671,6,71,yes,OK,,00 47 22 00 c8 11 00 64,00 47 22 00 11 00 00 00,00 47 22 00 11 00 00 00,8,,16996.90
custom-runner,672,6,72,yes,OK,,00 48 11 00 64 22 00 c8,00 48 11 00 22 00 00 00,00 48 11 00 22 00 00 00,8,,16866.82
custom-runner,673,6,73,yes,OK,,00 49 22 00 c8 11 00 64,00 49 22 00 11 00 00 00,00 49 22 00 11 00 00 00,8,,16843.49
custom-runner,674,6,74,yes,OK,,00 4a 11 00 64 22 00 c8,00 4a 11 00 22 00 00 00,00 4a 11 00 22 00 00 00,8,,16986.73
custom-runner,675,6,75,yes,OK,,00 4b 22 00 c8 11 00 64,00 4b 22 00 11 00 00 00,00 4b 22 00 11 00 00 00,8,,16948.82
custom-runner,676,6,76,yes,OK,,00 4c 11 00 64 22 00 c8,00 4c 11 00 22 00 00 00,00 4c 11 00 22 00 00 00,8,,16899.15
custom-runner,677,6,77,yes,OK,,00 4d 22 00 c8 11 00 64,00 4d 22 00 11 00 00 00,00 4d 22 00 11 00 00 00,8,,16961.57
custom-runner,678,6,78,yes,OK,,00 4e 11 00 64 22 00 c8,00 4e 11 00 22 00 00 00,00 4e 11 00 22 00 00 00,8,,16996.20
custom-runner,679,6,79,yes,OK,,00 4f 22 00 c8 11 00 64,00 4f 22 00 11 00 00 00,00 4f 22 00 11 00 00 00,8,,16743.25
custom-runner,680,6,80,yes,OK,,00 50 11 00 64 22 00 c8,00 50 11 00 22 00 00 00,00 50 11 00 22 00 00 00,8,,16920.79
custom-runner,681,6,81,yes,OK,,00 51 22 00 c8 11 00 64,00 51 22 00 11 00 00 00,00 51 22 00 11 00 00 00,8,,16927.86
custom-runner,682,6,82,yes,OK,,00 52 11 00 64 22 00 c8,00 52 11 00 22 00 00 00,00 52 11 00 22 00 00 00,8,,16913.91
custom-runner,683,6,83,yes,OK,,00 53 22 00 c8 11 00 64,00 53 22 00 11 00 00 00,00 53 22 00 11 00 00 00,8,,16946.20
custom-runner,684,6,84,yes,OK,,00 54 11 00 64 22 00 c8,00 54 11 00 22 00 00 00,00 54 11 00 22 00 00 00,8,,16870.96
custom-runner,685,6,85,yes,OK,,00 55 22 00 c8 11 00 64,00 55 22 00 11 00 00 00,00 55 22 00 11 00 00 00,8,,16903.95
custom-runner,686,6,86,yes,OK,,00 56 11 00 64 22 00 c8,00 56 11 00 22 00 00 00,00 56 11 00 22 00 00 00,8,,16994.01
custom-runner,687,6,87,yes,OK,,00 57 22 00 c8 11 00 64,00 57 22 00 11 00 00 00,00 57 22 00 11 00 00 00,8,,16913.37
custom-runner,688,6,88,yes,OK,,00 58 11 00 64 22 00 c8,00 58 11 00 22 00 00 00,00 58 11 00 22 00 00 00,8,,16940.25
custom-runner,689,6,89,yes,OK,,00 59 22 00 c8 11 00 64,00 59 22 00 11 00 00 00,00 59 22 00 11 00 00 00,8,,16831.13
custom-runner,690,6,90,yes,OK,,00 5a 11 00 64 22 00 c8,00 5a 11 00 22 00 00 00,00 5a 11 00 22 00 00 00,8,,16872.44
custom-runner,691,6,91,yes,OK,,00 5b 22 00 c8 11 00 64,00 5b 22 00 11 00 00 00,00 5b 22 00 11 00 00 00,8,,16944.42
custom-runner,692,6,92,yes,OK,,00 5c 11 00 64 22 00 c8,00 5c 11 00 22 00 00 00,00 5c 11 00 22 00 00 00,8,,16910.11
custom-runner,693,6,93,yes,OK,,00 5d 22 00 c8 11 00 64,00 5d 22 00 11 00 00 00,00 5d 22 00 11 00 00 00,8,,16994.43
custom-runner,694,6,94,yes,OK,,00 5e 11 00 64 22 00 c8,00 5e 11 00 22 00 00 00,00 5e 11 00 22 00 00 00,8,,16847.83
custom-runner,695,6,95,yes,OK,,00 5f 22 00 c8 11 00 64,00 5f 22 00 11 00 00 00,00 5f 22 00 11 00 00 00,8,,16879.89
custom-runner,696,6,96,yes,OK,,00 60 11 00 64 22 00 c8,00 60 11 00 22 00 00 00,00 60 11 00 22 00 00 00,8,,16990.91
custom-runner,697,6,97,yes,OK,,00 61 22 00 c8 11 00 64,00 61 22 00 11 00 00 00,00 61 22 00 11 00 00 00,8,,16922.21
custom-runner,698,6,98,yes,OK,,00 62 11 00 64 22 00 c8,00 62 11 00 22 00 00 00,00 62 11 00 22 00 00 00,8,,16944.75
custom-runner,699,6,99,yes,OK,,00 63 22 00 c8 11 00 64,00 63 22 00 11 00 00 00,00 63 22 00 11 00 00 00,8,,16967.12
custom-runner,700,7,0,no,OK,,00 00 11 03 e8 22 0f a0,00 00 11 00 22 00 00 00,00 00 11 00 22 00 00 00,8,,16873.80
custom-runner,701,7,1,no,OK,,00 01 22 0f 96 11 03 f2,00 01 22 00 11 00 00 00,00 01 22 00 11 00 00 00,8,,16923.17
custom-runner,702,7,2,no,OK,,00 02 11 03 fc 22 0f 8c,00 02 11 00 22 00 00 00,00 02 11 00 22 00 00 00,8,,16876.72
custom-runner,703,7,3,no,OK,,00 03 22 0f 82 11 04 06,00 03 22 00 11 00 00 00,00 03 22 00 11 00 00 00,8,,16940.94
custom-runner,704,7,4,no,OK,,00 04 11 04 10 22 0f 78,00 04 11 00 22 00 00 00,00 04 11 00 22 00 00 00,8,,17064.04
custom-runner,705,7,5,no,OK,,00 05 22 0f 6e 11 04 1a,00 05 22 00 11 00 00 00,00 05 22 00 11 00 00 00,8,,16792.50
custom-runner,706,7,6,no,OK,,00 06 11 04 24 22 0f 64,00 06 11 00 22 00 00 00,00 06 11 00 22 00 00 00,8,,16976.05
custom-runner,707,7,7,no,OK,,00 07 22 0f 5a 11 04 2e,00 07 22 00 11 00 00 00,00 07 22 00 11 00 00 00,8,,16818.20
custom-runner,708,7,8,no,OK,,00 08 11 04 38 22 0f 50,00 08 11 00 22 00 00 00,00 08 11 00 22 00 00 00,8,,16952.61
custom-runner,709,7,9,no,OK,,00 09 22 0f 46 11 04 42,00 09 22 00 11 00 00 00,00 09 22 00 11 00 00 00,8,,17098.40
custom-runner,710,7,10,no,OK,,00 0a 11 04 4c 22 0f 3c,00 0a 11 00 22 00 00 00,00 0a 11 00 22 00 00 00,8,,16812.13
custom-runner,711,7,11,no,OK,,00 0b 22 0f 32 11 04 56,00 0b 22 00 11 00 00 00,00 0b 22 00 11 00 00 00,8,,16901.94
custom-runner,712,7,12,no,OK,,00 0c 11 04 60 22 0f 28,00 0c 11 00 22 00 00 00,00 0c 11 00 22 00 00 00,8,,17624.36
custom-runner,713,7,13,no,OK,,00 0d 22 0f 1e 11 04 6a,00 0d 22 00 11 00 00 00,00 0d 22 00 11 00 00 00,8,,16180.97
custom-runner,714,7,14,no,OK,,00 0e 11 04 74 22 0f 14,00 0e 11 00 22 00 00 00,00 0e 11 00 22 00 00 00,8,,16907.55
custom-runner,715,7,15,no,OK,,00 0f 22 0f 0a 11 04 7e,00 0f 22 00 11 00 00 00,00 0f 22 00 11 00 00 00,8,,16909.36
custom-runner,716,7,16,yes,OK,,00 10 11 04 88 22 0f 00,00 10 11 00 22 00 00 00,00 10 11 00 22 00 00 00,8,,17018.75
custom-runner,717,7,17,yes,OK,,00 11 22 0e f6 11 04 92,00 11 22 00 11 00 00 00,00 11 22 00 11 00 00 00,8,,16784.16
custom-runner,718,7,18,yes,OK,,00 12 11 04 9c 22 0e ec,00 12 11 00 22 00 00 00,00 12 11 00 22 00 00 00,8,,16928.49
custom-runner,719,7,19,yes,OK,,00 13 22 0e e2 11 04 a6,00 13 22 00 11 00 00 00,00 13 22 00 11 00 00 00,8,,16966.58
custom-runner,720,7,20,yes,OK,,00 14 11 04 b0 22 0e d8,00 14 11 00 22 00 00 00,00 14 11 00 22 00 00 00,8,,16947.94
custom-runner,721,7,21,yes,OK,,00 15 22 0e ce 11 04 ba,00 15 22 00 11 00 00 00,00 15 22 00 11 00 00 00,8,,16903.99
custom-runner,722,7,22,yes,OK,,00 16 11 04 c4 22 0e c4,00 16 11 00 22 00 00 00,00 16 11 00 22 00 00 00,8,,16892.06
custom-runner,723,7,23,yes,OK,,00 17 22 0e ba 11 04 ce,00 17 22 00 11 00 00 00,00 17 22 00 11 00 00 00,8,,16953.85
custom-runner,724,7,24,yes,OK,,00 18 11 04 d8 22 0e b0,00 18 11 00 22 00 00 00,00 18 11 00 22 00 00 00,8,,16901.86
custom-runner,725,7,25,yes,OK,,00 19 22 0e a6 11 04 e2,00 19 22 00 11 00 00 00,00 19 22 00 11 00 00 00,8,,16914.86
custom-runner,726,7,26,yes,OK,,00 1a 11 04 ec 22 0e 9c,00 1a 11 00 22 00 00 00,00 1a 11 00 22 00 00 00,8,,16932.54
custom-runner,727,7,27,yes,OK,,00 1b 22 0e 92 11 04 f6,00 1b 22 00 11 00 00 00,00 1b 22 00 11 00 00 00,8,,16881.87
custom-runner,728,7,28,yes,OK,,00 1c 11 05 00 22 0e 88,00 1c 11 00 22 00 00 00,00 1c 11 00 22 00 00 00,8,,16934.65
custom-runner,729,7,29,yes,OK,,00 1d 22 0e 7e 11 05 0a,00 1d 22 00 11 00 00 00,00 1d 22 00 11 00 00 00,8,,16904.01
custom-runner,730,7,30,yes,OK,,00 1e 11 05 14 22 0e 74,00 1e 11 00 22 00 00 00,00 1e 11 00 22 00 00 00,8,,16919.65
custom-runner,731,7,31,yes,OK,,00 1f 22 0e 6a 11 05 1e,00 1f 22 00 11 00 00 00,00 1f 22 00 11 00 00 00,8,,16916.90
custom-runner,732,7,32,yes,OK,,00 20 11 05 1e 22 0e 6a,00 20 11 00 22 00 00 00,00 20 11 00 22 00 00 00,8,,17069.00
custom-runner,733,7,33,yes,OK,,00 21 22 0e 74 11 05 14,00 21 22 00 11 00 00 00,00 21 22 00 11 00 00 00,8,,16769.89
custom-runner,734,7,34,yes,OK,,00 22 11 05 0a 22 0e 7e,00 22 11 00 22 00 00 00,00 22 11 00 22 00 00 00,8,,17035.98
custom-runner,735,7,35,yes,OK,,00 23 22 0e 88 11 05 00,00 23 22 00 11 00 00 00,00 23 22 00 11 00 00 00,8,,16793.71
custom-runner,736,7,36,yes,OK,,00 24 11 04 f6 22 0e 92,00 24 11 00 22 00 00 00,00 24 11 00 22 00 00 00,8,,17054.29
custom-runner,737,7,37,yes,OK,,00 25 22 0e 9c 11 04 ec,00 25 22 02 11 01 00 00,00 25 22 02 11 01 00 00,8,,16816.17
custom-runner,738,7,38,yes,OK,,00 26 11 04 e2 22 0e a6,00 26 11 01 22 02 00 00,00 26 11 01 22 02 00 00,8,,16943.93
custom-runner,739,7,39,yes,OK,,00 27 22 0e b0 11 04 d8,00 27 22 02 11 01 00 00,00 27 22 02 11 01 00 00,8,,16896.61
custom-runner,740,7,40,yes,OK,,00 28 11 04 ce 22 0e ba,00 28 11 01 22 02 00 00,00 28 11 01 22 02 00 00,8,,16893.17
custom-runner,741,7,41,yes,OK,,00 29 22 0e c4 11 04 c4,00 29 22 02 11 01 00 00,00 29 22 02 11 01 00 00,8,,16931.52
custom-runner,742,7,42,yes,OK,,00 2a 11 04 ba 22 0e ce,00 2a 11 01 22 02 00 00,00 2a 11 01 22 02 00 00,8,,16944.11
custom-runner,743,7,43,yes,OK,,00 2b 22 0e d8 11 04 b0,00 2b 22 02 11 01 00 00,00 2b 22 02 11 01 00 00,8,,16142.01
custom-runner,744,7,44,yes,OK,,00 2c 11 04 a6 22 0e e2,00 2c 11 01 22 02 00 00,00 2c 11 01 22 02 00 00,8,,16917.95
custom-runner,745,7,45,yes,OK,,00 2d 22 0e ec 11 04 9c,00 2d 22 02 11 01 00 00,00 2d 22 02 11 01 00 00,8,,16922.83
custom-runner,746,7,46,yes,OK,,00 2e 11 04 92 22 0e f6,00 2e 11 01 22 02 00 00,00 2e 11 01 22 02 00 00,8,,17048.16
custom-runner,747,7,47,yes,OK,,00 2f 22 0f 00 11 04 88,00 2f 22 02 11 01 00 00,00 2f 22 02 11 01 00 00,8,,16856.87
custom-runner,748,7,48,yes,OK,,00 30 11 04 7e 22 0f 0a,00 30 11 01 22 02 00 00,00 30 11 01 22 02 00 00,8,,16899.00
custom-runner,749,7,49,yes,OK,,00 31 22 0f 14 11 04 74,00 31 22 02 11 01 00 00,00 31 22 02 11 01 00 00,8,,16914.47
custom-runner,750,7,50,yes,OK,,00 32 11 04 6a 22 0f 1e,00 32 11 01 22 02 00 00,00 32 11 01 22 02 00 00,8,,16941.08
custom-runner,751,7,51,yes,OK,,00 33 22 0f 28 11 04 60,00 33 22 02 11 01 00 00,00 33 22 02 11 01 00 00,8,,16986.38
custom-runner,752,7,52,yes,OK,,00 34 11 04 56 22 0f 32,00 34 11 01 22 02 00 00,00 34 11 01 22 02 00 00,8,,16849.30
custom-runner,753,7,53,yes,OK,,00 35 22 0f 3c 11 04 4c,00 35 22 02 11 01 00 00,00 35 22 02 11 01 00 00,8,,16944.77
custom-runner,754,7,54,yes,OK,,00 36 11 04 42 22 0f 46,00 36 11 01 22 02 00 00,00 36 11 01 22 02 00 00,8,,16881.61
custom-runner,755,7,55,yes,OK,,00 37 22 0f 50 11 04 38,00 37 22 02 11 01 00 00,00 37 22 02 11 01 00 00,8,,16940.51
custom-runner,756,7,56,yes,OK,,00 38 11 04 2e 22 0f 5a,00 38 11 01 22 02 00 00,00 38 11 01 22 02 00 00,8,,16900.85
custom-runner,757,7,57,yes,OK,,00 39 22 0f 64 11 04 24,00 39 22 02 11 01 00 00,00 39 22 02 11 01 00 00,8,,16906.33
custom-runner,758,7,58,yes,OK,,00 3a 11 04 1a 22 0f 6e,00 3a 11 01 22 02 00 00,00 3a 11 01 22 02 00 00,8,,16960.90
custom-runner,759,7,59,yes,OK,,00 3b 22 0f 78 11 04 10,00 3b 22 02 11 01 00 00,00 3b 22 02 11 01 00 00,8,,16992.84
custom-runner,760,7,60,yes,OK,,00 3c 11 04 06 22 0f 82,00 3c 11 01 22 02 00 00,00 3c 11 01 22 02 00 00,8,,16915.55
custom-runner,761,7,61,yes,OK,,00 3d 22 0f 8c 11 03 fc,00 3d 22 02 11 01 00 00,00 3d 22 02 11 01 00 00,8,,16770.08
custom-runner,762,7,62,yes,OK,,00 3e 11 03 f2 22 0f 96,00 3e 11 01 22 02 00 00,00 3e 11 01 22 02 00 00,8,,16953.01
custom-runner,763,7,63,yes,OK,,00 3f 22 0f a0 11 03 e8,00 3f 22 02 11 01 00 00,00 3f 22 02 11 01 00 00,8,,16953.75
custom-runner,764,7,64,yes,OK,,00 40 11 03 e8 22 0f a0,00 40 11 01 22 02 00 00,00 40 11 01 22 02 00 00,8,,16881.64
custom-runner,765,7,65,yes,OK,,00 41 22 0f 96 11 03 f2,00 41 22 02 11 01 00 00,00 41 22 02 11 01 00 00,8,,16998.75
custom-runner,766,7,66,yes,OK,,00 42 11 03 fc 22 0f 8c,00 42 11 01 22 02 00 00,00 42 11 01 22 02 00 00,8,,16916.34
custom-runner,767,7,67,yes,OK,,00 43 22 0f 82 11 04 06,00 43 22 02 11 01 00 00,00 43 22 02 11 01 00 00,8,,16856.92
custom-runner,768,7,68,yes,OK,,00 44 11 04 10 22 0f 78,00 44 11 01 22 02 00 00,00 44 11 01 22 02 00 00,8,,16962.27
custom-runner,769,7,69,yes,OK,,00 45 22 0f 6e 11 04 1a,00 45 22 01 11 02 00 00,00 45 22 01 11 02 00 00,8,,17035.01
custom-runner,770,7,70,yes,OK,,00 46 11 04 24 22 0f 64,00 46 11 02 22 01 00 00,00 46 11 02 22 01 00 00,8,,16818.89
custom-runner,771,7,71,yes,OK,,00 47 22 0f 5a 11 04 2e,00 47 22 01 11 02 00 00,00 47 22 01 11 02 00 00,8,,16987.51
custom-runner,772,7,72,yes,OK,,00 48 11 04 38 22 0f 50,00 48 11 02 22 01 00 00,00 48 11 02 22 01 00 00,8,,16859.08
custom-runner,773,7,73,yes,OK,,00 49 22 0f 46 11 04 42,00 49 22 01 11 02 00 00,00 49 22 01 11 02 00 00,8,,16913.59
custom-runner,774,7,74,yes,OK,,00 4a 11 04 4c 22 0f 3c,00 4a 11 02 22 01 00 00,00 4a 11 02 22 01 00 00,8,,16901.07
custom-runner,775,7,75,yes,OK,,00 4b 22 0f 32 11 04 56,00 4b 22 01 11 02 00 00,00 4b 22 01 11 02 00 00,8,,16960.50
custom-runner,776,7,76,yes,OK,,00 4c 11 04 60 22 0f 28,00 4c 11 02 22 01 00 00,00 4c 11 02 22 01 00 00,8,,16910.33
custom-runner,777,7,77,yes,OK,,00 4d 22 0f 1e 11 04 6a,00 4d 22 01 11 02 00 00,00 4d 22 01 11 02 00 00,8,,16887.34
custom-runner,778,7,78,yes,OK,,00 4e 11 04 74 22 0f 14,00 4e 11 02 22 01 00 00,00 4e 11 02 22 01 00 00,8,,17042.91
custom-runner,779,7,79,yes,OK,,00 4f 22 0f 0a 11 04 7e,00 4f 22 01 11 02 00 00,00 4f 22 01 11 02 00 00,8,,16834.01
custom-runner,780,7,80,yes,OK,,00 50 11 04 88 22 0f 00,00 50 11 02 22 01 00 00,00 50 11 02 22 01 00 00,8,,17011.98
custom-runner,781,7,81,yes,OK,,00 51 22 0e f6 11 04 92,00 51 22 01 11 02 00 00,00 51 22 01 11 02 00 00,8,,16861.92
custom-runner,782,7,82,yes,OK,,00 52 11 04 9c 22 0e ec,00 52 11 02 22 01 00 00,00 52 11 02 22 01 00 00,8,,17064.50
custom-runner,783,7,83,yes,OK,,00 53 22 0e e2 11 04 a6,00 53 22 01 11 02 00 00,00 53 22 01 11 02 00 00,8,,16791.03
custom-runner,784,7,84,yes,OK,,00 54 11 04 b0 22 0e d8,00 54 11 02 22 01 00 00,00 54 11 02 22 01 00 00,8,,17026.31
custom-runner,785,7,85,yes,OK,,00 55 22 0e ce 11 04 ba,00 55 22 01 11 02 00 00,00 55 22 01 11 02 00 00,8,,16861.40
custom-runner,786,7,86,yes,OK,,00 56 11 04 c4 22 0e c4,00 56 11 02 22 01 00 00,00 56 11 02 22 01 00 00,8,,16927.22
custom-runner,787,7,87,yes,OK,,00 57 22 0e ba 11 04 ce,00 57 22 01 11 02 00 00,00 57 22 01 11 02 00 00,8,,16878.73
custom-runner,788,7,88,yes,OK,,00 58 11 04 d8 22 0e b0,00 58 11 02 22 01 00 00,00 58 11 02 22 01 00 00,8,,17055.21
custom-runner,789,7,89,yes,OK,,00 59 22 0e a6 11 04 e2,00 59 22 01 11 02 00 00,00 59 22 01 11 02 00 00,8,,16864.98
custom-runner,790,7,90,yes,OK,,00 5a 11 04 ec 22 0e 9c,00 5a 11 02 22 01 00 00,00 5a 11 02 22 01 00 00,8,,16967.34
custom-runner,791,7,91,yes,OK,,00 5b 22 0e 92 11 04 f6,00 5b 22 01 11 02 00 00,00 5b 22 01 11 02 00 00,8,,16901.43
custom-runner,792,7,92,yes,OK,,00 5c 11 05 00 22 0e 88,00 5c 11 02 22 01 00 00,00 5c 11 02 22 01 00 00,8,,16883.90
custom-runner,793,7,93,yes,OK,,00 5d 22 0e 7e 11 05 0a,00 5d 22 01 11 02 00 00,00 5d 22 01 11 02 00 00,8,,16960.82
custom-runner,794,7,94,yes,OK,,00 5e 11 05 14 22 0e 74,00 5e 11 02 22 01 00 00,00 5e 11 02 22 01 00 00,8,,16921.74
custom-runner,795,7,95,yes,OK,,00 5f 22 0e 6a 11 05 1e,00 5f 22 01 11 02 00 00,00 5f 22 01 11 02 00 00,8,,16956.47
custom-runner,796,7,96,yes,OK,,00 60 11 05 1e 22 0e 6a,00 60 11 02 22 01 00 00,00 60 11 02 22 01 00 00,8,,16926.03
custom-runner,797,7,97,yes,OK,,00 61 22 0e 74 11 05 14,00 61 22 01 11 02 00 00,00 61 22 01 11 02 00 00,8,,16913.30
custom-runner,798,7,98,yes,OK,,00 62 11 05 0a 22 0e 7e,00 62 11 02 22 01 00 00,00 62 11 02 22 01 00 00,8,,16908.25
custom-runner,799,7,99,yes,OK,,00 63 22 0e 88 11 05 00,00 63 22 01 11 02 00 00,00 63 22 01 11 02 00 00,8,,16963.90
custom-runner,800,8,0,no,OK,,00 00 22 00 c8 11 00 64,00 00 22 00 11 00 00 00,00 00 22 00 11 00 00 00,8,,16897.35
custom-runner,801,8,1,no,OK,,00 01 11 00 64 22 00 c8,00 01 11 00 22 00 00 00,00 01 11 00 22 00 00 00,8,,16912.95
custom-runner,802,8,2,no,OK,,00 02 22 00 c8 11 00 64,00 02 22 00 11 00 00 00,00 02 22 00 11 00 00 00,8,,16991.35
custom-runner,803,8,3,no,OK,,00 03 11 00 64 22 00 c8,00 03 11 00 22 00 00 00,00 03 11 00 22 00 00 00,8,,16816.96
custom-runner,804,8,4,no,OK,,00 04 22 00 c8 11 00 64,00 04 22 00 11 00 00 00,00 04 22 00 11 00 00 00,8,,16983.55
custom-runner,805,8,5,no,OK,,00 05 11 00 64 22 00 c8,00 05 11 00 22 00 00 00,00 05 11 00 22 00 00 00,8,,16921.80
custom-runner,806,8,6,no,OK,,00 06 22 00 c8 11 00 64,00 06 22 00 11 00 00 00,00 06 22 00 11 00 00 00,8,,16916.28
custom-runner,807,8,7,no,OK,,00 07 11 00 64 22 00 c8,00 07 11 00 22 00 00 00,00 07 11 00 22 00 00 00,8,,16925.00
custom-runner,808,8,8,no,OK,,00 08 22 00 c8 11 00 64,00 08 22 00 11 00 00 00,00 08 22 00 11 00 00 00,8,,16923.68
custom-runner,809,8,9,no,OK,,00 09 11 00 64 22 00 c8,00 09 11 00 22 00 00 00,00 09 11 00 22 00 00 00,8,,16945.46
custom-runner,810,8,10,no,OK,,00 0a 22 00 c8 11 00 64,00 0a 22 00 11 00 00 00,00 0a 22 00 11 00 00 00,8,,16967.08
custom-runner,811,8,11,no,OK,,00 0b 11 00 64 22 00 c8,00 0b 11 00 22 00 00 00,00 0b 11 00 22 00 00 00,8,,16980.83
custom-runner,812,8,12,no,OK,,00 0c 22 00 c8 11 00 64,00 0c 22 00 11 00 00 00,00 0c 22 00 11 00 00 00,8,,16846.52
custom-runner,813,8,13,no,OK,,00 0d 11 00 64 22 00 c8,00 0d 11 00 22 00 00 00,00 0d 11 00 22 00 00 00,8,,16905.26
custom-runner,814,8,14,no,OK,,00 0e 22 00 c8 11 00 64,00 0e 22 00 11 00 00 00,00 0e 22 00 11 00 00 00,8,,16946.17
custom-runner,815,8,15,no,OK,,00 0f 11 00 64 22 00 c8,00 0f 11 00 22 00 00 00,00 0f 11 00 22 00 00 00,8,,16915.00
custom-runner,816,8,16,yes,OK,,00 10 22 00 c6 11 00 66,00 10 22 01 11 02 00 00,00 10 22 01 11 02 00 00,8,,16884.79
custom-runner,817,8,17,yes,OK,,00 11 11 00 67 22 00 c5,00 11 11 02 22 01 00 00,00 11 11 02 22 01 00 00,8,,16942.83
custom-runner,818,8,18,yes,OK,,00 12 22 00 c9 11 00 63,00 12 22 02 11 01 00 00,00 12 22 02 11 01 00 00,8,,16920.91
custom-runner,819,8,19,yes,OK,,00 13 11 00 62 22 00 ca,00 13 11 01 22 02 00 00,00 13 11 01 22 02 00 00,8,,16886.48
custom-runner,820,8,20,yes,OK,,00 14 22 00 c6 11 00 66,00 14 22 01 11 02 00 00,00 14 22 01 11 02 00 00,8,,16983.25
custom-runner,821,8,21,yes,OK,,00 15 11 00 67 22 00 c5,00 15 11 02 22 01 00 00,00 15 11 02 22 01 00 00,8,,17026.35
custom-runner,822,8,22,yes,OK,,00 16 22 00 c9 11 00 63,00 16 22 02 11 01 00 00,00 16 22 02 11 01 00 00,8,,16808.88
custom-runner,823,8,23,yes,OK,,00 17 11 00 62 22 00 ca,00 17 11 01 22 02 00 00,00 17 11 01 22 02 00 00,8,,16945.57
custom-runner,824,8,24,yes,OK,,00 18 22 00 c6 11 00 66,00 18 22 01 11 02 00 00,00 18 22 01 11 02 00 00,8,,16859.83
custom-runner,825,8,25,yes,OK,,00 19 11 00 67 22 00 c5,00 19 11 02 22 01 00 00,00 19 11 02 22 01 00 00,8,,17260.23
custom-runner,826,8,26,yes,OK,,00 1a 22 00 c9 11 00 63,00 1a 22 02 11 01 00 00,00 1a 22 02 11 01 00 00,8,,16647.89
custom-runner,827,8,27,yes,OK,,00 1b 11 00 62 22 00 ca,00 1b 11 01 22 02 00 00,00 1b 11 01 22 02 00 00,8,,16896.23
custom-runner,828,8,28,yes,OK,,00 1c 22 00 c6 11 00 66,00 1c 22 01 11 02 00 00,00 1c 22 01 11 02 00 00,8,,16927.04
custom-runner,829,8,29,yes,OK,,00 1d 11 00 67 22 00 c5,00 1d 11 02 22 01 00 00,00 1d 11 02 22 01 00 00,8,,16899.19
custom-runner,830,8,30,yes,OK,,00 1e 22 00 c9 11 00 63,00 1e 22 02 11 01 00 00,00 1e 22 02 11 01 00 00,8,,16886.26
custom-runner,831,8,31,yes,OK,,00 1f 11 00 62 22 00 ca,00 1f 11 01 22 02 00 00,00 1f 11 01 22 02 00 00,8,,16998.35
custom-runner,832,8,32,yes,OK,,00 20 22 00 c6 11 00 66,00 20 22 01 11 02 00 00,00 20 22 01 11 02 00 00,8,,16893.18
custom-runner,833,8,33,yes,OK,,00 21 11 00 67 22 00 c5,00 21 11 02 22 01 00 00,00 21 11 02 22 01 00 00,8,,16875.05
custom-runner,834,8,34,yes,OK,,00 22 22 00 c9 11 00 63,00 22 22 02 11 01 00 00,00 22 22 02 11 01 00 00,8,,17041.64
custom-runner,835,8,35,yes,OK,,00 23 11 00 62 22 00 ca,00 23 11 01 22 02 00 00,00 23 11 01 22 02 00 00,8,,16808.63
custom-runner,836,8,36,yes,OK,,00 24 22 00 c6 11 00 66,00 24 22 01 11 02 00 00,00 24 22 01 11 02 00 00,8,,16910.38
custom-runner,837,8,37,yes,OK,,00 25 11 00 67 22 00 c5,00 25 11 02 22 01 00 00,00 25 11 02 22 01 00 00,8,,16944.94
custom-runner,838,8,38,yes,OK,,00 26 22 00 c9 11 00 63,00 26 22 02 11 01 00 00,00 26 22 02 11 01 00 00,8,,16932.53
custom-runner,839,8,39,yes,OK,,00 27 11 00 62 22 00 ca,00 27 11 01 22 02 00 00,00 27 11 01 22 02 00 00,8,,16962.90
custom-runner,840,8,40,yes,OK,,00 28 22 00 c6 11 00 66,00 28 22 01 11 02 00 00,00 28 22 01 11 02 00 00,8,,16879.17
custom-runner,841,8,41,yes,OK,,00 29 11 00 67 22 00 c5,00 29 11 02 22 01 00 00,00 29 11 02 22 01 00 00,8,,16937.15
custom-runner,842,8,42,yes,OK,,00 2a 22 00 c9 11 00 63,00 2a 22 02 11 01 00 00,00 2a 22 02 11 01 00 00,8,,16965.77
custom-runner,843,8,43,yes,OK,,00 2b 11 00 62 22 00 ca,00 2b 11 01 22 02 00 00,00 2b 11 01 22 02 00 00,8,,16910.07
custom-runner,844,8,44,yes,OK,,00 2c 22 00 c6 11 00 66,00 2c 22 01 11 02 00 00,00 2c 22 01 11 02 00 00,8,,16995.87
custom-runner,845,8,45,yes,OK,,00 2d 11 00 67 22 00 c5,00 2d 11 02 22 01 00 00,00 2d 11 02 22 01 00 00,8,,16970.56
custom-runner,846,8,46,yes,OK,,00 2e 22 00 c9 11 00 63,00 2e 22 02 11 01 00 00,00 2e 22 02 11 01 00 00,8,,16792.56
custom-runner,847,8,47,yes,OK,,00 2f 11 00 62 22 00 ca,00 2f 11 01 22 02 00 00,00 2f 11 01 22 02 00 00,8,,16957.59
custom-runner,848,8,48,yes,OK,,00 30 22 00 c6 11 00 66,00 30 22 01 11 02 00 00,00 30 22 01 11 02 00 00,8,,16902.86
custom-runner,849,8,49,yes,OK,,00 31 11 00 67 22 00 c5,00 31 11 02 22 01 00 00,00 31 11 02 22 01 00 00,8,,16900.56
custom-runner,850,8,50,yes,OK,,00 32 22 00 c9 11 00 63,00 32 22 02 11 01 00 00,00 32 22 02 11 01 00 00,8,,16894.27
custom-runner,851,8,51,yes,OK,,00 33 11 00 62 22 00 ca,00 33 11 01 22 02 00 00,00 33 11 01 22 02 00 00,8,,16915.29
custom-runner,852,8,52,yes,OK,,00 34 22 00 c6 11 00 66,00 34 22 01 11 02 00 00,00 34 22 01 11 02 00 00,8,,16890.61
custom-runner,853,8,53,yes,OK,,00 35 11 00 67 22 00 c5,00 35 11 02 22 01 00 00,00 35 11 02 22 01 00 00,8,,16908.12
custom-runner,854,8,54,yes,OK,,00 36 22 00 c9 11 00 63,00 36 22 02 11 01 00 00,00 36 22 02 11 01 00 00,8,,16906.08
custom-runner,855,8,55,yes,OK,,00 37 11 00 62 22 00 ca,00 37 11 01 22 02 00 00,00 37 11 01 22 02 00 00,8,,16934.51
custom-runner,856,8,56,yes,OK,,00 38 22 00 c6 11 00 66,00 38 22 01 11 02 00 00,00 38 22 01 11 02 00 00,8,,16861.11
custom-runner,857,8,57,yes,OK,,00 39 11 00 67 22 00 c5,00 39 11 02 22 01 00 00,00 39 11 02 22 01 00 00,8,,16915.71
custom-runner,858,8,58,yes,OK,,00 3a 22 00 c9 11 00 63,00 3a 22 02 11 01 00 00,00 3a 22 02 11 01 00 00,8,,16922.10
custom-runner,859,8,59,yes,OK,,00 3b 11 00 62 22 00 ca,00 3b 11 01 22 02 00 00,00 3b 11 01 22 02 00 00,8,,16957.69
custom-runner,860,8,60,yes,OK,,00 3c 22 00 c6 11 00 66,00 3c 22 01 11 02 00 00,00 3c 22 01 11 02 00 00,8,,16850.08
custom-runner,861,8,61,yes,OK,,00 3d 11 00 67 22 00 c5,00 3d 11 02 22 01 00 00,00 3d 11 02 22 01 00 00,8,,16997.67
custom-runner,862,8,62,yes,OK,,00 3e 22 00 c9 11 00 63,00 3e 22 02 11 01 00 00,00 3e 22 02 11 01 00 00,8,,16907.96
custom-runner,863,8,63,yes,OK,,00 3f 11 00 62 22 00 ca,00 3f 11 01 22 02 00 00,00 3f 11 01 22 02 00 00,8,,16898.54
custom-runner,864,8,64,yes,OK,,00 40 22 00 c6 11 00 66,00 40 22 01 11 02 00 00,00 40 22 01 11 02 00 00,8,,16921.49
custom-runner,865,8,65,yes,OK,,00 41 11 00 67 22 00 c5,00 41 11 02 22 01 00 00,00 41 11 02 22 01 00 00,8,,16964.95
custom-runner,866,8,66,yes,OK,,00 42 22 00 c9 11 00 63,00 42 22 02 11 01 00 00,00 42 22 02 11 01 00 00,8,,16848.41
custom-runner,867,8,67,yes,OK,,00 43 11 00 62 22 00 ca,00 43 11 01 22 02 00 00,00 43 11 01 22 02 00 00,8,,16846.61
custom-runner,868,8,68,yes,OK,,00 44 22 00 c6 11 00 66,00 44 22 01 11 02 00 00,00 44 22 01 11 02 00 00,8,,17003.38
custom-runner,869,8,69,yes,OK,,00 45 11 00 67 22 00 c5,00 45 11 02 22 01 00 00,00 45 11 02 22 01 00 00,8,,16893.10
custom-runner,870,8,70,yes,OK,,00 46 22 00 c9 11 00 63,00 46 22 02 11 01 00 00,00 46 22 02 11 01 00 00,8,,16931.58
custom-runner,871,8,71,yes,OK,,00 47 11 00 62 22 00 ca,00 47 11 01 22 02 00 00,00 47 11 01 22 02 00 00,8,,16922.80
custom-runner,872,8,72,yes,OK,,00 48 22 00 c6 11 00 66,00 48 22 01 11 02 00 00,00 48 22 01 11 02 00 00,8,,16956.29
custom-runner,873,8,73,yes,OK,,00 49 11 00 67 22 00 c5,00 49 11 02 22 01 00 00,00 49 11 02 22 01 00 00,8,,16795.87
custom-runner,874,8,74,yes,OK,,00 4a 22 00 c9 11 00 63,00 4a 22 02 11 01 00 00,00 4a 22 02 11 01 00 00,8,,16907.83
custom-runner,875,8,75,yes,OK,,00 4b 11 00 62 22 00 ca,00 4b 11 01 22 02 00 00,00 4b 11 01 22 02 00 00,8,,16985.10
custom-runner,876,8,76,yes,OK,,00 4c 22 00 c6 11 00 66,00 4c 22 01 11 02 00 00,00 4c 22 01 11 02 00 00,8,,16936.54
custom-runner,877,8,77,yes,OK,,00 4d 11 00 67 22 00 c5,00 4d 11 02 22 01 00 00,00 4d 11 02 22 01 00 00,8,,16771.07
custom-runner,878,8,78,yes,OK,,00 4e 22 00 c9 11 00 63,00 4e 22 02 11 01 00 00,00 4e 22 02 11 01 00 00,8,,16933.97
custom-runner,879,8,79,yes,OK,,00 4f 11 00 62 22 00 ca,00 4f 11 01 22 02 00 00,00 4f 11 01 22 02 00 00,8,,16910.40
custom-runner,880,8,80,yes,OK,,00 50 22 00 c6 11 00 66,00 50 22 01 11 02 00 00,00 50 22 01 11 02 00 00,8,,16957.96
custom-runner,881,8,81,yes,OK,,00 51 11 00 67 22 00 c5,00 51 11 02 22 01 00 00,00 51 11 02 22 01 00 00,8,,16909.32
custom-runner,882,8,82,yes,OK,,00 52 22 00 c9 11 00 63,00 52 22 02 11 01 00 00,00 52 22 02 11 01 00 00,8,,16846.95
custom-runner,883,8,83,yes,OK,,00 53 11 00 62 22 00 ca,00 53 11 01 22 02 00 00,00 53 11 01 22 02 00 00,8,,16935.28
custom-runner,884,8,84,yes,OK,,00 54 22 00 c6 11 00 66,00 54 22 01 11 02 00 00,00 54 22 01 11 02 00 00,8,,16829.31
custom-runner,885,8,85,yes,OK,,00 55 11 00 67 22 00 c5,00 55 11 02 22 01 00 00,00 55 11 02 22 01 00 00,8,,16993.58
custom-runner,886,8,86,yes,OK,,00 56 22 00 c9 11 00 63,00 56 22 02 11 01 00 00,00 56 22 02 11 01 00 00,8,,17047.05
custom-runner,887,8,87,yes,OK,,00 57 11 00 62 22 00 ca,00 57 11 01 22 02 00 00,00 57 11 01 22 02 00 00,8,,16751.69
custom-runner,888,8,88,yes,OK,,00 58 22 00 c6 11 00 66,00 58 22 01 11 02 00 00,00 58 22 01 11 02 00 00,8,,16920.62
custom-runner,889,8,89,yes,OK,,00 59 11 00 67 22 00 c5,00 59 11 02 22 01 00 00,00 59 11 02 22 01 00 00,8,,16908.27
custom-runner,890,8,90,yes,OK,,00 5a 22 00 c9 11 00 63,00 5a 22 02 11 01 00 00,00 5a 22 02 11 01 00 00,8,,17013.44
custom-runner,891,8,91,yes,OK,,00 5b 11 00 62 22 00 ca,00 5b 11 01 22 02 00 00,00 5b 11 01 22 02 00 00,8,,16873.45
custom-runner,892,8,92,yes,OK,,00 5c 22 00 c6 11 00 66,00 5c 22 01 11 02 00 00,00 5c 22 01 11 02 00 00,8,,16866.95
custom-runner,893,8,93,yes,OK,,00 5d 11 00 67 22 00 c5,00 5d 11 02 22 01 00 00,00 5d 11 02 22 01 00 00,8,,16963.02
custom-runner,894,8,94,yes,OK,,00 5e 22 00 c9 11 00 63,00 5e 22 02 11 01 00 00,00 5e 22 02 11 01 00 00,8,,17055.66
custom-runner,895,8,95,yes,OK,,00 5f 11 00 62 22 00 ca,00 5f 11 01 22 02 00 00,00 5f 11 01 22 02 00 00,8,,16781.06
custom-runner,896,8,96,yes,OK,,00 60 22 00 c6 11 00 66,00 60 22 01 11 02 00 00,00 60 22 01 11 02 00 00,8,,16931.42
custom-runner,897,8,97,yes,OK,,00 61 11 00 67 22 00 c5,00 61 11 02 22 01 00 00,00 61 11 02 22 01 00 00,8,,16900.82
custom-runner,898,8,98,yes,OK,,00 62 22 00 c9 11 00 63,00 62 22 02 11 01 00 00,00 62 22 02 11 01 00 00,8,,17004.96
custom-runner,899,8,99,yes,OK,,00 63 11 00 62 22 00 ca,00 63 11 01 22 02 00 00,00 63 11 01 22 02 00 00,8,,16907.97
custom-runner,900,8,100,yes,OK,,00 64 22 00 c6 11 00 66,00 64 22 01 11 02 00 00,00 64 22 01 11 02 00 00,8,,16947.22
custom-runner,901,8,101,yes,OK,,00 65 11 00 67 22 00 c5,00 65 11 02 22 01 00 00,00 65 11 02 22 01 00 00,8,,16939.00
custom-runner,902,8,102,yes,OK,,00 66 22 00 c9 11 00 63,00 66 22 02 11 01 00 00,00 66 22 02 11 01 00 00,8,,16913.64
custom-runner,903,8,103,yes,OK,,00 67 11 00 62 22 00 ca,00 67 11 01 22 02 00 00,00 67 11 01 22 02 00 00,8,,16866.77
custom-runner,904,8,104,yes,OK,,00 68 22 00 c6 11 00 66,00 68 22 01 11 02 00 00,00 68 22 01 11 02 00 00,8,,17039.88
custom-runner,905,8,105,yes,OK,,00 69 11 00 67 22 00 c5,00 69 11 02 22 01 00 00,00 69 11 02 22 01 00 00,8,,16740.90
custom-runner,906,8,106,yes,OK,,00 6a 22 00 c9 11 00 63,00 6a 22 02 11 01 00 00,00 6a 22 02 11 01 00 00,8,,16992.02
custom-runner,907,8,107,yes,OK,,00 6b 11 00 62 22 00 ca,00 6b 11 01 22 02 00 00,00 6b 11 01 22 02 00 00,8,,16974.07
custom-runner,908,8,108,yes,OK,,00 6c 22 00 c6 11 00 66,00 6c 22 01 11 02 00 00,00 6c 22 01 11 02 00 00,8,,16929.93
custom-runner,909,8,109,yes,OK,,00 6d 11 00 67 22 00 c5,00 6d 11 02 22 01 00 00,00 6d 11 02 22 01 00 00,8,,16950.00
custom-runner,910,8,110,yes,OK,,00 6e 22 00 c9 11 00 63,00 6e 22 02 11 01 00 00,00 6e 22 02 11 01 00 00,8,,16856.19
custom-runner,911,8,111,yes,OK,,00 6f 11 00 62 22 00 ca,00 6f 11 01 22 02 00 00,00 6f 11 01 22 02 00 00,8,,16917.44
custom-runner,912,9,0,no,OK,,00 00 22 00 00 11 ff ff,00 00 22 00 11 00 00 00,00 00 22 00 11 00 00 00,8,,16887.91
custom-runner,913,9,1,no,OK,,00 01 11 ff ff 22 00 00,00 01 11 00 22 00 00 00,00 01 11 00 22 00 00 00,8,,16934.47
custom-runner,914,9,2,no,OK,,00 02 22 00 00 11 ff ff,00 02 22 00 11 00 00 00,00 02 22 00 11 00 00 00,8,,16936.29
custom-runner,915,9,3,no,OK,,00 03 11 ff ff 22 00 00,00 03 11 00 22 00 00 00,00 03 11 00 22 00 00 00,8,,16905.59
custom-runner,916,9,4,no,OK,,00 04 22 00 00 11 ff ff,00 04 22 00 11 00 00 00,00 04 22 00 11 00 00 00,8,,16957.42
custom-runner,917,9,5,no,OK,,00 05 11 ff ff 22 00 00,00 05 11 00 22 00 00 00,00 05 11 00 22 00 00 00,8,,16945.06
custom-runner,918,9,6,no,OK,,00 06 22 00 00 11 ff ff,00 06 22 00 11 00 00 00,00 06 22 00 11 00 00 00,8,,16898.72
custom-runner,919,9,7,no,OK,,00 07 11 ff ff 22 00 00,00 07 11 00 22 00 00 00,00 07 11 00 22 00 00 00,8,,16906.83
custom-runner,920,9,8,no,OK,,00 08 22 00 00 11 ff ff,00 08 22 00 11 00 00 00,00 08 22 00 11 00 00 00,8,,16900.00
custom-runner,921,9,9,no,OK,,00 09 11 ff ff 22 00 00,00 09 11 00 22 00 00 00,00 09 11 00 22 00 00 00,8,,17033.40
custom-runner,922,9,10,no,OK,,00 0a 22 00 00 11 ff ff,00 0a 22 00 11 00 00 00,00 0a 22 00 11 00 00 00,8,,16943.56
custom-runner,923,9,11,no,OK,,00 0b 11 ff ff 22 00 00,00 0b 11 00 22 00 00 00,00 0b 11 00 22 00 00 00,8,,16963.34
custom-runner,924,9,12,no,OK,,00 0c 22 00 00 11 ff ff,00 0c 22 00 11 00 00 00,00 0c 22 00 11 00 00 00,8,,16853.97
custom-runner,925,9,13,no,OK,,00 0d 11 ff ff 22 00 00,00 0d 11 00 22 00 00 00,00 0d 11 00 22 00 00 00,8,,16970.47
custom-runner,926,9,14,no,OK,,00 0e 22 00 00 11 ff ff,00 0e 22 00 11 00 00 00,00 0e 22 00 11 00 00 00,8,,16863.16
custom-runner,927,9,15,no,OK,,00 0f 11 ff ff 22 00 00,00 0f 11 00 22 00 00 00,00 0f 11 00 22 00 00 00,8,,16911.00
custom-runner,928,9,16,yes,OK,,00 10 22 00 00 11 ff ff,00 10 22 00 11 00 00 00,00 10 22 00 11 00 00 00,8,,16947.51
custom-runner,929,9,17,yes,OK,,00 11 11 00 00 22 ff ff,00 11 11 01 22 02 00 00,00 11 11 01 22 02 00 00,8,,16918.77
custom-runner,930,9,18,yes,OK,,00 12 22 ff fe 11 00 01,00 12 22 02 11 01 00 00,00 12 22 02 11 01 00 00,8,,16940.09
custom-runner,931,9,19,yes,OK,,00 13 11 ff fe 22 00 01,00 13 11 02 22 01 00 00,00 13 11 02 22 01 00 00,8,,16936.69
custom-runner,932,9,20,yes,OK,,00 14 22 00 00 11 ff ff,00 14 22 01 11 02 00 00,00 14 22 01 11 02 00 00,8,,16903.03
custom-runner,933,9,21,yes,OK,,00 15 11 00 00 22 ff ff,00 15 11 01 22 02 00 00,00 15 11 01 22 02 00 00,8,,16972.19
custom-runner,934,9,22,yes,OK,,00 16 22 ff fe 11 00 01,00 16 22 02 11 01 00 00,00 16 22 02 11 01 00 00,8,,16928.63
custom-runner,935,9,23,yes,OK,,00 17 11 ff fe 22 00 01,00 17 11 02 22 01 00 00,00 17 11 02 22 01 00 00,8,,16908.94
custom-runner,936,9,24,yes,OK,,00 18 22 00 00 11 ff ff,00 18 22 01 11 02 00 00,00 18 22 01 11 02 00 00,8,,16899.17
custom-runner,937,9,25,yes,OK,,00 19 11 00 00 22 ff ff,00 19 11 01 22 02 00 00,00 19 11 01 22 02 00 00,8,,16952.25
custom-runner,938,9,26,yes,OK,,00 1a 22 ff fe 11 00 01,00 1a 22 02 11 01 00 00,00 1a 22 02 11 01 00 00,8,,16913.07
custom-runner,939,9,27,yes,OK,,00 1b 11 ff fe 22 00 01,00 1b 11 02 22 01 00 00,00 1b 11 02 22 01 00 00,8,,16938.79
custom-runner,940,9,28,yes,OK,,00 1c 22 00 00 11 ff ff,00 1c 22 01 11 02 00 00,00 1c 22 01 11 02 00 00,8,,16913.46
custom-runner,941,9,29,yes,OK,,00 1d 11 00 00 22 ff ff,00 1d 11 01 22 02 00 00,00 1d 11 01 22 02 00 00,8,,16901.07
custom-runner,942,9,30,yes,OK,,00 1e 22 ff fe 11 00 01,00 1e 22 02 11 01 00 00,00 1e 22 02 11 01 00 00,8,,16984.61
custom-runner,943,9,31,yes,OK,,00 1f 11 ff fe 22 00 01,00 1f 11 02 22 01 00 00,00 1f 11 02 22 01 00 00,8,,16925.56
custom-runner,944,9,32,yes,OK,,00 20 22 00 00 11 ff ff,00 20 22 01 11 02 00 00,00 20 22 01 11 02 00 00,8,,16933.09
custom-runner,945,9,33,yes,OK,,00 21 11 00 00 22 ff ff,00 21 11 01 22 02 00 00,00 21 11 01 22 02 00 00,8,,16877.17
custom-runner,946,9,34,yes,OK,,00 22 22 ff fe 11 00 01,00 22 22 02 11 01 00 00,00 22 22 02 11 01 00 00,8,,17030.00
custom-runner,947,9,35,yes,OK,,00 23 11 ff fe 22 00 01,00 23 11 02 22 01 00 00,00 23 11 02 22 01 00 00,8,,16891.42
custom-runner,948,9,36,yes,OK,,00 24 22 00 00 11 ff ff,00 24 22 01 11 02 00 00,00 24 22 01 11 02 00 00,8,,16907.32
custom-runner,949,9,37,yes,OK,,00 25 11 00 00 22 ff ff,00 25 11 01 22 02 00 00,00 25 11 01 22 02 00 00,8,,16909.44
custom-runner,950,9,38,yes,OK,,00 26 22 ff fe 11 00 01,00 26 22 02 11 01 00 00,00 26 22 02 11 01 00 00,8,,16948.80
custom-runner,951,9,39,yes,OK,,00 27 11 ff fe 22 00 01,00 27 11 02 22 01 00 00,00 27 11 02 22 01 00 00,8,,17006.05
custom-runner,952,9,40,yes,OK,,00 28 22 00 00 11 ff ff,00 28 22 01 11 02 00 00,00 28 22 01 11 02 00 00,8,,16854.01
custom-runner,953,9,41,yes,OK,,00 29 11 00 00 22 ff ff,00 29 11 01 22 02 00 00,00 29 11 01 22 02 00 00,8,,16853.47
custom-runner,954,9,42,yes,OK,,00 2a 22 ff fe 11 00 01,00 2a 22 02 11 01 00 00,00 2a 22 02 11 01 00 00,8,,16966.74
custom-runner,955,9,43,yes,OK,,00 2b 11 ff fe 22 00 01,00 2b 11 02 22 01 00 00,00 2b 11 02 22 01 00 00,8,,16945.49
custom-runner,956,9,44,yes,OK,,00 2c 22 00 00 11 ff ff,00 2c 22 01 11 02 00 00,00 2c 22 01 11 02 00 00,8,,16909.39
custom-runner,957,9,45,yes,OK,,00 2d 11 00 00 22 ff ff,00 2d 11 01 22 02 00 00,00 2d 11 01 22 02 00 00,8,,16896.20
custom-runner,958,9,46,yes,OK,,00 2e 22 ff fe 11 00 01,00 2e 22 02 11 01 00 00,00 2e 22 02 11 01 00 00,8,,16900.87
custom-runner,959,9,47,yes,OK,,00 2f 11 ff fe 22 00 01,00 2f 11 02 22 01 00 00,00 2f 11 02 22 01 00 00,8,,16907.58
custom-runner,960,9,48,yes,OK,,00 30 22 00 00 11 ff ff,00 30 22 01 11 02 00 00,00 30 22 01 11 02 00 00,8,,16924.63
custom-runner,961,9,49,yes,OK,,00 31 11 00 00 22 ff ff,00 31 11 01 22 02 00 00,00 31 11 01 22 02 00 00,8,,16923.60
custom-runner,962,9,50,yes,OK,,00 32 22 ff fe 11 00 01,00 32 22 02 11 01 00 00,00 32 22 02 11 01 00 00,8,,16986.42
custom-runner,963,9,51,yes,OK,,00 33 11 ff fe 22 00 01,00 33 11 02 22 01 00 00,00 33 11 02 22 01 00 00,8,,17027.10
custom-runner,964,9,52,yes,OK,,00 34 22 00 00 11 ff ff,00 34 22 01 11 02 00 00,00 34 22 01 11 02 00 00,8,,16876.92
custom-runner,965,9,53,yes,OK,,00 35 11 00 00 22 ff ff,00 35 11 01 22 02 00 00,00 35 11 01 22 02 00 00,8,,16763.29
custom-runner,966,9,54,yes,OK,,00 36 22 ff fe 11 00 01,00 36 22 02 11 01 00 00,00 36 22 02 11 01 00 00,8,,17066.34
custom-runner,967,9,55,yes,OK,,00 37 11 ff fe 22 00 01,00 37 11 02 22 01 00 00,00 37 11 02 22 01 00 00,8,,16893.30
custom-runner,968,9,56,yes,OK,,00 38 22 00 00 11 ff ff,00 38 22 01 11 02 00 00,00 38 22 01 11 02 00 00,8,,17070.57
custom-runner,969,9,57,yes,OK,,00 39 11 00 00 22 ff ff,00 39 11 01 22 02 00 00,00 39 11 01 22 02 00 00,8,,16887.05
custom-runner,970,9,58,yes,OK,,00 3a 22 ff fe 11 00 01,00 3a 22 02 11 01 00 00,00 3a 22 02 11 01 00 00,8,,16840.01
custom-runner,971,9,59,yes,OK,,00 3b 11 ff fe 22 00 01,00 3b 11 02 22 01 00 00,00 3b 11 02 22 01 00 00,8,,16849.89
custom-runner,972,9,60,yes,OK,,00 3c 22 00 00 11 ff ff,00 3c 22 01 11 02 00 00,00 3c 22 01 11 02 00 00,8,,16941.00
custom-runner,973,9,61,yes,OK,,00 3d 11 00 00 22 ff ff,00 3d 11 01 22 02 00 00,00 3d 11 01 22 02 00 00,8,,17026.47
custom-runner,974,9,62,yes,OK,,00 3e 22 ff fe 11 00 01,00 3e 22 02 11 01 00 00,00 3e 22 02 11 01 00 00,8,,16810.01
custom-runner,975,9,63,yes,OK,,00 3f 11 ff fe 22 00 01,00 3f 11 02 22 01 00 00,00 3f 11 02 22 01 00 00,8,,16880.51
custom-runner,976,9,64,yes,OK,,00 40 22 00 00 11 ff ff,00 40 22 01 11 02 00 00,00 40 22 01 11 02 00 00,8,,16909.23
custom-runner,977,9,65,yes,OK,,00 41 11 00 00 22 ff ff,00 41 11 01 22 02 00 00,00 41 11 01 22 02 00 00,8,,16950.02
custom-runner,978,9,66,yes,OK,,00 42 22 ff fe 11 00 01,00 42 22 02 11 01 00 00,00 42 22 02 11 01 00 00,8,,16867.03
custom-runner,979,9,67,yes,OK,,00 43 11 ff fe 22 00 01,00 43 11 02 22 01 00 00,00 43 11 02 22 01 00 00,8,,16916.79
custom-runner,980,9,68,yes,OK,,00 44 22 00 00 11 ff ff,00 44 22 01 11 02 00 00,00 44 22 01 11 02 00 00,8,,16923.25
custom-runner,981,9,69,yes,OK,,00 45 11 00 00 22 ff ff,00 45 11 01 22 02 00 00,00 45 11 01 22 02 00 00,8,,16985.82
custom-runner,982,9,70,yes,OK,,00 46 22 ff fe 11 00 01,00 46 22 02 11 01 00 00,00 46 22 02 11 01 00 00,8,,16917.09
custom-runner,983,9,71,yes,OK,,00 47 11 ff fe 22 00 01,00 47 11 02 22 01 00 00,00 47 11 02 22 01 00 00,8,,16887.96
custom-runner,984,9,72,yes,OK,,00 48 22 00 00 11 ff ff,00 48 22 01 11 02 00 00,00 48 22 01 11 02 00 00,8,,16825.09
custom-runner,985,9,73,yes,OK,,00 49 11 00 00 22 ff ff,00 49 11 01 22 02 00 00,00 49 11 01 22 02 00 00,8,,16892.06
custom-runner,986,9,74,yes,OK,,00 4a 22 ff fe 11 00 01,00 4a 22 02 11 01 00 00,00 4a 22 02 11 01 00 00,8,,16902.82
custom-runner,987,9,75,yes,OK,,00 4b 11 ff fe 22 00 01,00 4b 11 02 22 01 00 00,00 4b 11 02 22 01 00 00,8,,16986.38
custom-runner,988,9,76,yes,OK,,00 4c 22 00 00 11 ff ff,00 4c 22 01 11 02 00 00,00 4c 22 01 11 02 00 00,8,,17060.64
custom-runner,989,9,77,yes,OK,,00 4d 11 00 00 22 ff ff,00 4d 11 01 22 02 00 00,00 4d 11 01 22 02 00 00,8,,16745.93
custom-runner,990,9,78,yes,OK,,00 4e 22 ff fe 11 00 01,00 4e 22 02 11 01 00 00,00 4e 22 02 11 01 00 00,8,,17070.07
custom-runner,991,9,79,yes,OK,,00 4f 11 ff fe 22 00 01,00 4f 11 02 22 01 00 00,00 4f 11 02 22 01 00 00,8,,16830.16
custom-runner,992,9,80,yes,OK,,00 50 22 00 00 11 ff ff,00 50 22 01 11 02 00 00,00 50 22 01 11 02 00 00,8,,17012.07
custom-runner,993,9,81,yes,OK,,00 51 11 00 00 22 ff ff,00 51 11 01 22 02 00 00,00 51 11 01 22 02 00 00,8,,16786.05
custom-runner,994,9,82,yes,OK,,00 52 22 ff fe 11 00 01,00 52 22 02 11 01 00 00,00 52 22 02 11 01 00 00,8,,16983.98
custom-runner,995,9,83,yes,OK,,00 53 11 ff fe 22 00 01,00 53 11 02 22 01 00 00,00 53 11 02 22 01 00 00,8,,16914.23
custom-runner,996,9,84,yes,OK,,00 54 22 00 00 11 ff ff,00 54 22 01 11 02 00 00,00 54 22 01 11 02 00 00,8,,16864.59
custom-runner,997,9,85,yes,OK,,00 55 11 00 00 22 ff ff,00 55 11 01 22 02 00 00,00 55 11 01 22 02 00 00,8,,16855.51
custom-runner,998,9,86,yes,OK,,00 56 22 ff fe 11 00 01,00 56 22 02 11 01 00 00,00 56 22 02 11 01 00 00,8,,16851.79
custom-runner,999,9,87,yes,OK,,00 57 11 ff fe 22 00 01,00 57 11 02 22 01 00 00,00 57 11 02 22 01 00 00,8,,16870.15
custom-runner,1000,9,88,yes,OK,,00 58 22 00 00 11 ff ff,00 58 22 01 11 02 00 00,00 58 22 01 11 02 00 00,8,,16927.17
custom-runner,1001,9,89,yes,OK,,00 59 11 00 00 22 ff ff,00 59 11 01 22 02 00 00,00 59 11 01 22 02 00 00,8,,16890.22
custom-runner,1002,9,90,yes,OK,,00 5a 22 ff fe 11 00 01,00 5a 22 02 11 01 00 00,00 5a 22 02 11 01 00 00,8,,17339.38
custom-runner,1003,9,91,yes,OK,,00 5b 11 ff fe 22 00 01,00 5b 11 02 22 01 00 00,00 5b 11 02 22 01 00 00,8,,16445.13
custom-runner,1004,9,92,yes,OK,,00 5c 22 00 00 11 ff ff,00 5c 22 01 11 02 00 00,00 5c 22 01 11 02 00 00,8,,16985.60
custom-runner,1005,9,93,yes,OK,,00 5d 11 00 00 22 ff ff,00 5d 11 01 22 02 00 00,00 5d 11 01 22 02 00 00,8,,16903.98
custom-runner,1006,9,94,yes,OK,,00 5e 22 ff fe 11 00 01,00 5e 22 02 11 01 00 00,00 5e 22 02 11 01 00 00,8,,17041.45
custom-runner,1007,9,95,yes,OK,,00 5f 11 ff fe 22 00 01,00 5f 11 02 22 01 00 00,00 5f 11 02 22 01 00 00,8,,16823.05
custom-runner,1008,9,96,yes,OK,,00 60 22 00 00 11 ff ff,00 60 22 01 11 02 00 00,00 60 22 01 11 02 00 00,8,,16932.84
custom-runner,1009,9,97,yes,OK,,00 61 11 00 00 22 ff ff,00 61 11 01 22 02 00 00,00 61 11 01 22 02 00 00,8,,16923.42
custom-runner,1010,9,98,yes,OK,,00 62 22 ff fe 11 00 01,00 62 22 02 11 01 00 00,00 62 22 02 11 01 00 00,8,,16910.80
custom-runner,1011,9,99,yes,OK,,00 63 11 ff fe 22 00 01,00 63 11 02 22 01 00 00,00 63 11 02 22 01 00 00,8,,16930.14
custom-runner,1012,9,100,yes,OK,,00 64 22 00 00 11 ff ff,00 64 22 01 11 02 00 00,00 64 22 01 11 02 00 00,8,,16932.15
custom-runner,1013,9,101,yes,OK,,00 65 11 00 00 22 ff ff,00 65 11 01 22 02 00 00,00 65 11 01 22 02 00 00,8,,16951.21
custom-runner,1014,9,102,yes,OK,,00 66 22 ff fe 11 00 01,00 66 22 02 11 01 00 00,00 66 22 02 11 01 00 00,8,,16880.65
custom-runner,1015,9,103,yes,OK,,00 67 11 ff fe 22 00 01,00 67 11 02 22 01 00 00,00 67 11 02 22 01 00 00,8,,16946.49
custom-runner,1016,9,104,yes,OK,,00 68 22 00 00 11 ff ff,00 68 22 01 11 02 00 00,00 68 22 01 11 02 00 00,8,,17007.03
custom-runner,1017,9,105,yes,OK,,00 69 11 00 00 22 ff ff,00 69 11 01 22 02 00 00,00 69 11 01 22 02 00 00,8,,16869.23
custom-runner,1018,9,106,yes,OK,,00 6a 22 ff fe 11 00 01,00 6a 22 02 11 01 00 00,00 6a 22 02 11 01 00 00,8,,16932.58
custom-runner,1019,9,107,yes,OK,,00 6b 11 ff fe 22 00 01,00 6b 11 02 22 01 00 00,00 6b 11 02 22 01 00 00,8,,16939.52
custom-runner,1020,9,108,yes,OK,,00 6c 22 00 00 11 ff ff,00 6c 22 01 11 02 00 00,00 6c 22 01 11 02 00 00,8,,16971.70
custom-runner,1021,9,109,yes,OK,,00 6d 11 00 00 22 ff ff,00 6d 11 01 22 02 00 00,00 6d 11 01 22 02 00 00,8,,16967.57
custom-runner,1022,9,110,yes,OK,,00 6e 22 ff fe 11 00 01,00 6e 22 02 11 01 00 00,00 6e 22 02 11 01 00 00,8,,16940.08
custom-runner,1023,9,111,yes,OK,,00 6f 11 ff fe 22 00 01,00 6f 11 02 22 01 00 00,00 6f 11 02 22 01 00 00,8,,16819.53
custom-runner,1024,10,0,no,OK,,00 00 22 00 64 11 00 64,00 00 22 00 11 00 00 00,00 00 22 00 11 00 00 00,8,,16934.15
custom-runner,1025,10,1,no,OK,,00 01 11 00 64 22 00 64,00 01 11 00 22 00 00 00,00 01 11 00 22 00 00 00,8,,16905.81
custom-runner,1026,10,2,no,OK,,00 02 22 00 64 11 00 64,00 02 22 00 11 00 00 00,00 02 22 00 11 00 00 00,8,,17022.88
custom-runner,1027,10,3,no,OK,,00 03 11 00 64 22 00 64,00 03 11 00 22 00 00 00,00 03 11 00 22 00 00 00,8,,16814.72
custom-runner,1028,10,4,no,OK,,00 04 22 00 64 11 00 64,00 04 22 00 11 00 00 00,00 04 22 00 11 00 00 00,8,,17070.23
custom-runner,1029,10,5,no,OK,,00 05 11 00 64 22 00 64,00 05 11 00 22 00 00 00,00 05 11 00 22 00 00 00,8,,16782.85
custom-runner,1030,10,6,no,OK,,00 06 22 00 64 11 00 64,00 06 22 00 11 00 00 00,00 06 22 00 11 00 00 00,8,,16881.35
custom-runner,1031,10,7,no,OK,,00 07 11 00 64 22 00 64,00 07 11 00 22 00 00 00,00 07 11 00 22 00 00 00,8,,16937.95
custom-runner,1032,10,8,no,OK,,00 08 22 00 64 11 00 64,00 08 22 00 11 00 00 00,00 08 22 00 11 00 00 00,8,,16918.73
custom-runner,1033,10,9,no,OK,,00 09 11 00 64 22 00 64,00 09 11 00 22 00 00 00,00 09 11 00 22 00 00 00,8,,16942.70
custom-runner,1034,10,10,no,OK,,00 0a 22 00 64 11 00 64,00 0a 22 00 11 00 00 00,00 0a 22 00 11 00 00 00,8,,17016.18
custom-runner,1035,10,11,no,OK,,00 0b 11 00 64 22 00 64,00 0b 11 00 22 00 00 00,00 0b 11 00 22 00 00 00,8,,16802.48
custom-runner,1036,10,12,no,OK,,00 0c 22 00 64 11 00 64,00 0c 22 00 11 00 00 00,00 0c 22 00 11 00 00 00,8,,16951.94
custom-runner,1037,10,13,no,OK,,00 0d 11 00 64 22 00 64,00 0d 11 00 22 00 00 00,00 0d 11 00 22 00 00 00,8,,16943.02
custom-runner,1038,10,14,no,OK,,00 0e 22 00 64 11 00 64,00 0e 22 00 11 00 00 00,00 0e 22 00 11 00 00 00,8,,17079.46
custom-runner,1039,10,15,no,OK,,00 0f 11 00 73 22 00 55,00 0f 11 00 22 00 00 00,00 0f 11 00 22 00 00 00,8,,16819.15
custom-runner,1040,10,16,yes,OK,,00 10 22 00 63 11 00 65,00 10 22 00 11 00 00 00,00 10 22 00 11 00 00 00,8,,17051.07
custom-runner,1041,10,17,yes,OK,,00 11 11 00 64 22 00 64,00 11 11 01 22 02 00 00,00 11 11 01 22 02 00 00,8,,16901.86
custom-runner,1042,10,18,yes,OK,,00 12 22 00 64 11 00 64,00 12 22 02 11 01 00 00,00 12 22 02 11 01 00 00,8,,16944.71
custom-runner,1043,10,19,yes,OK,,00 13 11 00 65 22 00 63,00 13 11 01 22 02 00 00,00 13 11 01 22 02 00 00,8,,16777.66
custom-runner,1044,10,20,yes,OK,,00 14 22 00 64 11 00 64,00 14 22 02 11 01 00 00,00 14 22 02 11 01 00 00,8,,16991.39
custom-runner,1045,10,21,yes,OK,,00 15 11 00 64 22 00 64,00 15 11 01 22 02 00 00,00 15 11 01 22 02 00 00,8,,16928.36
custom-runner,1046,10,22,yes,OK,,00 16 22 00 63 11 00 65,00 16 22 02 11 01 00 00,00 16 22 02 11 01 00 00,8,,17027.40
custom-runner,1047,10,23,yes,OK,,00 17 11 00 64 22 00 64,00 17 11 01 22 02 00 00,00 17 11 01 22 02 00 00,8,,16704.51
custom-runner,1048,10,24,yes,OK,,00 18 22 00 64 11 00 64,00 18 22 02 11 01 00 00,00 18 22 02 11 01 00 00,8,,16949.33
custom-runner,1049,10,25,yes,OK,,00 19 11 00 65 22 00 63,00 19 11 01 22 02 00 00,00 19 11 01 22 02 00 00,8,,16934.31
custom-runner,1050,10,26,yes,OK,,00 1a 22 00 64 11 00 64,00 1a 22 02 11 01 00 00,00 1a 22 02 11 01 00 00,8,,17019.82
custom-runner,1051,10,27,yes,OK,,00 1b 11 00 64 22 00 64,00 1b 11 01 22 02 00 00,00 1b 11 01 22 02 00 00,8,,16846.89
custom-runner,1052,10,28,yes,OK,,00 1c 22 00 63 11 00 65,00 1c 22 02 11 01 00 00,00 1c 22 02 11 01 00 00,8,,16892.78
custom-runner,1053,10,29,yes,OK,,00 1d 11 00 64 22 00 64,00 1d 11 01 22 02 00 00,00 1d 11 01 22 02 00 00,8,,16983.18
custom-runner,1054,10,30,yes,OK,,00 1e 22 00 64 11 00 64,00 1e 22 02 11 01 00 00,00 1e 22 02 11 01 00 00,8,,17008.53
custom-runner,1055,10,31,yes,OK,,00 1f 11 00 65 22 00 63,00 1f 11 02 22 02 00 00,00 1f 11 02 22 02 00 00,8,,16728.97
custom-runner,1056,10,32,yes,OK,,00 20 22 00 64 11 00 64,00 20 22 02 11 02 00 00,00 20 22 02 11 02 00 00,8,,16952.64
custom-runner,1057,10,33,yes,OK,,00 21 11 00 64 22 00 64,00 21 11 02 22 02 00 00,00 21 11 02 22 02 00 00,8,,16923.52
custom-runner,1058,10,34,yes,OK,,00 22 22 00 63 11 00 65,00 22 22 02 11 02 00 00,00 22 22 02 11 02 00 00,8,,16987.06
custom-runner,1059,10,35,yes,OK,,00 23 11 00 64 22 00 64,00 23 11 02 22 02 00 00,00 23 11 02 22 02 00 00,8,,16877.94
custom-runner,1060,10,36,yes,OK,,00 24 22 00 64 11 00 64,00 24 22 02 11 02 00 00,00 24 22 02 11 02 00 00,8,,16959.82
custom-runner,1061,10,37,yes,OK,,00 25 11 00 65 22 00 63,00 25 11 02 22 02 00 00,00 25 11 02 22 02 00 00,8,,17087.49
custom-runner,1062,10,38,yes,OK,,00 26 22 00 64 11 00 64,00 26 22 02 11 02 00 00,00 26 22 02 11 02 00 00,8,,16847.47
custom-runner,1063,10,39,yes,OK,,00 27 11 00 64 22 00 64,00 27 11 02 22 02 00 00,00 27 11 02 22 02 00 00,8,,16888.43
custom-runner,1064,10,40,yes,OK,,00 28 22 00 63 11 00 65,00 28 22 02 11 02 00 00,00 28 22 02 11 02 00 00,8,,16942.76
custom-runner,1065,10,41,yes,OK,,00 29 11 00 64 22 00 64,00 29 11 02 22 02 00 00,00 29 11 02 22 02 00 00,8,,16838.38
custom-runner,1066,10,42,yes,OK,,00 2a 22 00 64 11 00 64,00 2a 22 02 11 02 00 00,00 2a 22 02 11 02 00 00,8,,16920.96
custom-runner,1067,10,43,yes,OK,,00 2b 11 00 65 22 00 63,00 2b 11 02 22 02 00 00,00 2b 11 02 22 02 00 00,8,,16865.62
custom-runner,1068,10,44,yes,OK,,00 2c 22 00 64 11 00 64,00 2c 22 02 11 02 00 00,00 2c 22 02 11 02 00 00,8,,16990.59
custom-runner,1069,10,45,yes,OK,,00 2d 11 00 64 22 00 64,00 2d 11 02 22 02 00 00,00 2d 11 02 22 02 00 00,8,,16963.24
custom-runner,1070,10,46,yes,OK,,00 2e 22 00 63 11 00 65,00 2e 22 02 11 02 00 00,00 2e 22 02 11 02 00 00,8,,16913.92
custom-runner,1071,10,47,yes,OK,,00 2f 11 00 64 22 00 64,00 2f 11 02 22 02 00 00,00 2f 11 02 22 02 00 00,8,,16866.69
custom-runner,1072,10,48,yes,OK,,00 30 22 00 64 11 00 64,00 30 22 02 11 02 00 00,00 30 22 02 11 02 00 00,8,,17046.59
custom-runner,1073,10,49,yes,OK,,00 31 11 00 65 22 00 63,00 31 11 02 22 02 00 00,00 31 11 02 22 02 00 00,8,,16916.12
custom-runner,1074,10,50,yes,OK,,00 32 22 00 64 11 00 64,00 32 22 02 11 02 00 00,00 32 22 02 11 02 00 00,8,,16879.19
custom-runner,1075,10,51,yes,OK,,00 33 11 00 64 22 00 64,00 33 11 02 22 02 00 00,00 33 11 02 22 02 00 00,8,,17126.72
custom-runner,1076,10,52,yes,OK,,00 34 22 00 63 11 00 65,00 34 22 02 11 02 00 00,00 34 22 02 11 02 00 00,8,,16710.69
custom-runner,1077,10,53,yes,OK,,00 35 11 00 64 22 00 64,00 35 11 02 22 02 00 00,00 35 11 02 22 02 00 00,8,,17073.54
custom-runner,1078,10,54,yes,OK,,00 36 22 00 64 11 00 64,00 36 22 02 11 02 00 00,00 36 22 02 11 02 00 00,8,,16790.14
custom-runner,1079,10,55,yes,OK,,00 37 11 00 65 22 00 63,00 37 11 02 22 02 00 00,00 37 11 02 22 02 00 00,8,,17010.05
custom-runner,1080,10,56,yes,OK,,00 38 22 00 64 11 00 64,00 38 22 02 11 02 00 00,00 38 22 02 11 02 00 00,8,,16857.84
custom-runner,1081,10,57,yes,OK,,00 39 11 00 64 22 00 64,00 39 11 02 22 02 00 00,00 39 11 02 22 02 00 00,8,,16908.21
custom-runner,1082,10,58,yes,OK,,00 3a 22 00 63 11 00 65,00 3a 22 02 11 02 00 00,00 3a 22 02 11 02 00 00,8,,16828.21
custom-runner,1083,10,59,yes,OK,,00 3b 11 00 64 22 00 64,00 3b 11 02 22 02 00 00,00 3b 11 02 22 02 00 00,8,,16918.84
custom-runner,1084,10,60,yes,OK,,00 3c 22 00 64 11 00 64,00 3c 22 02 11 02 00 00,00 3c 22 02 11 02 00 00,8,,17040.27
custom-runner,1085,10,61,yes,OK,,00 3d 11 00 65 22 00 63,00 3d 11 02 22 02 00 00,00 3d 11 02 22 02 00 00,8,,16800.29
custom-runner,1086,10,62,yes,OK,,00 3e 22 00 64 11 00 64,00 3e 22 02 11 02 00 00,00 3e 22 02 11 02 00 00,8,,16907.80
custom-runner,1087,10,63,yes,OK,,00 3f 11 00 64 22 00 64,00 3f 11 02 22 02 00 00,00 3f 11 02 22 02 00 00,8,,16893.51
custom-runner,1088,10,64,yes,OK,,00 40 22 00 63 11 00 65,00 40 22 02 11 02 00 00,00 40 22 02 11 02 00 00,8,,16926.33
custom-runner,1089,10,65,yes,OK,,00 41 11 00 64 22 00 64,00 41 11 02 22 02 00 00,00 41 11 02 22 02 00 00,8,,17013.77
custom-runner,1090,10,66,yes,OK,,00 42 22 00 64 11 00 64,00 42 22 02 11 02 00 00,00 42 22 02 11 02 00 00,8,,16852.83
custom-runner,1091,10,67,yes,OK,,00 43 11 00 65 22 00 63,00 43 11 02 22 02 00 00,00 43 11 02 22 02 00 00,8,,16847.24
custom-runner,1092,10,68,yes,OK,,00 44 22 00 64 11 00 64,00 44 22 02 11 02 00 00,00 44 22 02 11 02 00 00,8,,16956.69
custom-runner,1093,10,69,yes,OK,,00 45 11 00 64 22 00 64,00 45 11 02 22 02 00 00,00 45 11 02 22 02 00 00,8,,17056.22
custom-runner,1094,10,70,yes,OK,,00 46 22 00 63 11 00 65,00 46 22 02 11 02 00 00,00 46 22 02 11 02 00 00,8,,16744.35
custom-runner,1095,10,71,yes,OK,,00 47 11 00 64 22 00 64,00 47 11 02 22 02 00 00,00 47 11 02 22 02 00 00,8,,16941.67
custom-runner,1096,10,72,yes,OK,,00 48 22 00 64 11 00 64,00 48 22 02 11 02 00 00,00 48 22 02 11 02 00 00,8,,16906.58
custom-runner,1097,10,73,yes,OK,,00 49 11 00 65 22 00 63,00 49 11 02 22 02 00 00,00 49 11 02 22 02 00 00,8,,16959.72
custom-runner,1098,10,74,yes,OK,,00 4a 22 00 64 11 00 64,00 4a 22 02 11 02 00 00,00 4a 22 02 11 02 00 00,8,,16898.78
custom-runner,1099,10,75,yes,OK,,00 4b 11 00 64 22 00 64,00 4b 11 02 22 02 00 00,00 4b 11 02 22 02 00 00,8,,16907.90
custom-runner,1100,10,76,yes,OK,,00 4c 22 00 63 11 00 65,00 4c 22 02 11 02 00 00,00 4c 22 02 11 02 00 00,8,,16977.44
custom-runner,1101,10,77,yes,OK,,00 4d 11 00 64 22 00 64,00 4d 11 02 22 02 00 00,00 4d 11 02 22 02 00 00,8,,17016.37
custom-runner,1102,10,78,yes,OK,,00 4e 22 00 64 11 00 64,00 4e 22 02 11 02 00 00,00 4e 22 02 11 02 00 00,8,,16920.29
custom-runner,1103,10,79,yes,OK,,00 4f 11 00 65 22 00 63,00 4f 11 02 22 02 00 00,00 4f 11 02 22 02 00 00,8,,16855.67
custom-runner,1104,10,80,yes,OK,,00 50 22 00 64 11 00 64,00 50 22 02 11 02 00 00,00 50 22 02 11 02 00 00,8,,17080.18
custom-runner,1105,10,81,yes,OK,,00 51 11 00 64 22 00 64,00 51 11 02 22 02 00 00,00 51 11 02 22 02 00 00,8,,16785.47
custom-runner,1106,10,82,yes,OK,,00 52 22 00 63 11 00 65,00 52 22 02 11 02 00 00,00 52 22 02 11 02 00 00,8,,17020.70
custom-runner,1107,10,83,yes,OK,,00 53 11 00 64 22 00 64,00 53 11 02 22 02 00 00,00 53 11 02 22 02 00 00,8,,16894.00
custom-runner,1108,10,84,yes,OK,,00 54 22 00 64 11 00 64,00 54 22 02 11 02 00 00,00 54 22 02 11 02 00 00,8,,16848.23
custom-runner,1109,10,85,yes,OK,,00 55 11 00 65 22 00 63,00 55 11 02 22 02 00 00,00 55 11 02 22 02 00 00,8,,16969.77
custom-runner,1110,10,86,yes,OK,,00 56 22 00 64 11 00 64,00 56 22 02 11 02 00 00,00 56 22 02 11 02 00 00,8,,17133.52
custom-runner,1111,10,87,yes,OK,,00 57 11 00 64 22 00 64,00 57 11 02 22 02 00 00,00 57 11 02 22 02 00 00,8,,16662.31
custom-runner,1112,10,88,yes,OK,,00 58 22 00 63 11 00 65,00 58 22 02 11 02 00 00,00 58 22 02 11 02 00 00,8,,17028.18
custom-runner,1113,10,89,yes,OK,,00 59 11 00 64 22 00 64,00 59 11 02 22 02 00 00,00 59 11 02 22 02 00 00,8,,16812.52
custom-runner,1114,10,90,yes,OK,,00 5a 22 00 64 11 00 64,00 5a 22 02 11 02 00 00,00 5a 22 02 11 02 00 00,8,,17123.02
custom-runner,1115,10,91,yes,OK,,00 5b 11 00 65 22 00 63,00 5b 11 02 22 02 00 00,00 5b 11 02 22 02 00 00,8,,16747.59
custom-runner,1116,10,92,yes,OK,,00 5c 22 00 64 11 00 64,00 5c 22 02 11 02 00 00,00 5c 22 02 11 02 00 00,8,,16941.32
custom-runner,1117,10,93,yes,OK,,00 5d 11 00 64 22 00 64,00 5d 11 02 22 02 00 00,00 5d 11 02 22 02 00 00,8,,17026.88
custom-runner,1118,10,94,yes,OK,,00 5e 22 00 63 11 00 65,00 5e 22 02 11 02 00 00,00 5e 22 02 11 02 00 00,8,,16789.60
custom-runner,1119,10,95,yes,OK,,00 5f 11 00 64 22 00 64,00 5f 11 02 22 02 00 00,00 5f 11 02 22 02 00 00,8,,16971.18
custom-runner,1120,10,96,yes,OK,,00 60 22 00 64 11 00 64,00 60 22 02 11 02 00 00,00 60 22 02 11 02 00 00,8,,16931.12
custom-runner,1121,10,97,yes,OK,,00 61 11 00 65 22 00 63,00 61 11 02 22 02 00 00,00 61 11 02 22 02 00 00,8,,16840.82
custom-runner,1122,10,98,yes,OK,,00 62 22 00 64 11 00 64,00 62 22 02 11 02 00 00,00 62 22 02 11 02 00 00,8,,17023.49
custom-runner,1123,10,99,yes,OK,,00 63 11 00 64 22 00 64,00 63 11 02 22 02 00 00,00 63 11 02 22 02 00 00,8,,16908.69
custom-runner,1124,10,100,yes,OK,,00 64 22 00 63 11 00 65,00 64 22 02 11 02 00 00,00 64 22 02 11 02 00 00,8,,16869.22
custom-runner,1125,10,101,yes,OK,,00 65 11 00 64 22 00 64,00 65 11 02 22 02 00 00,00 65 11 02 22 02 00 00,8,,16966.59
custom-runner,1126,10,102,yes,OK,,00 66 22 00 64 11 00 64,00 66 22 02 11 02 00 00,00 66 22 02 11 02 00 00,8,,16896.82
custom-runner,1127,10,103,yes,OK,,00 67 11 00 65 22 00 63,00 67 11 02 22 02 00 00,00 67 11 02 22 02 00 00,8,,16924.01
custom-runner,1128,10,104,yes,OK,,00 68 22 00 64 11 00 64,00 68 22 02 11 02 00 00,00 68 22 02 11 02 00 00,8,,16916.44
custom-runner,1129,10,105,yes,OK,,00 69 11 00 64 22 00 64,00 69 11 02 22 02 00 00,00 69 11 02 22 02 00 00,8,,16936.38
custom-runner,1130,10,106,yes,OK,,00 6a 22 00 63 11 00 65,00 6a 22 02 11 02 00 00,00 6a 22 02 11 02 00 00,8,,16994.59
custom-runner,1131,10,107,yes,OK,,00 6b 11 00 64 22 00 64,00 6b 11 02 22 02 00 00,00 6b 11 02 22 02 00 00,8,,16959.18
custom-runner,1132,10,108,yes,OK,,00 6c 22 00 64 11 00 64,00 6c 22 02 11 02 00 00,00 6c 22 02 11 02 00 00,8,,16970.21
custom-runner,1133,10,109,yes,OK,,00 6d 11 00 65 22 00 63,00 6d 11 02 22 02 00 00,00 6d 11 02 22 02 00 00,8,,16812.10
custom-runner,1134,10,110,yes,OK,,00 6e 22 00 64 11 00 64,00 6e 22 02 11 02 00 00,00 6e 22 02 11 02 00 00,8,,16970.64
custom-runner,1135,10,111,yes,OK,,00 6f 11 00 64 22 00 64,00 6f 11 02 22 02 00 00,00 6f 11 02 22 02 00 00,8,,16828.57
custom-runner,1136,11,0,no,OK,,00 00 22 0c ce 11 39 00,00 00 22 00 11 00 00 00,00 00 22 00 11 00 00 00,8,,16989.28
custom-runner,1137,11,1,no,OK,,00 01 11 7d 62 22 72 48,00 01 11 00 22 00 00 00,00 01 11 00 22 00 00 00,8,,17018.44
custom-runner,1138,11,2,no,OK,,00 02 22 2c 83 11 34 7a,00 02 22 00 11 00 00 00,00 02 22 00 11 00 00 00,8,,16765.83
custom-runner,1139,11,3,no,OK,,00 03 11 10 45 22 0f 41,00 03 11 00 22 00 00 00,00 03 11 00 22 00 00 00,8,,16918.82
custom-runner,1140,11,4,no,OK,,00 04 11 6f f1 22 77 1f,00 04 11 00 22 00 00 00,00 04 11 00 22 00 00 00,8,,16992.92
custom-runner,1141,11,5,no,OK,,00 05 11 65 ce 22 d6 cb,00 05 11 00 22 00 00 00,00 05 11 00 22 00 00 00,8,,17060.83
custom-runner,1142,11,6,no,OK,,00 06 11 e5 fe 22 8e 6f,00 06 11 00 22 00 00 00,00 06 11 00 22 00 00 00,8,,16853.16
custom-runner,1143,11,7,no,OK,,00 07 22 d8 60 11 51 be,00 07 22 00 11 00 00 00,00 07 22 00 11 00 00 00,8,,16899.75
custom-runner,1144,11,8,no,OK,,00 08 11 8e 45 22 4f 9b,00 08 11 00 22 00 00 00,00 08 11 00 22 00 00 00,8,,16999.05
custom-runner,1145,11,9,no,OK,,00 09 11 ac 56 22 34 54,00 09 11 00 22 00 00 00,00 09 11 00 22 00 00 00,8,,16816.35
custom-runner,1146,11,10,no,OK,,00 0a 22 31 84 11 c2 85,00 0a 22 00 11 00 00 00,00 0a 22 00 11 00 00 00,8,,16969.65
custom-runner,1147,11,11,no,OK,,00 0b 11 b0 1a 22 87 6f,00 0b 11 00 22 00 00 00,00 0b 11 00 22 00 00 00,8,,16784.36
custom-runner,1148,11,12,no,OK,,00 0c 22 3f e9 11 eb 39,00 0c 22 00 11 00 00 00,00 0c 22 00 11 00 00 00,8,,16880.08
custom-runner,1149,11,13,no,OK,,00 0d 22 96 1b 11 28 58,00 0d 22 00 11 00 00 00,00 0d 22 00 11 00 00 00,8,,17027.47
custom-runner,1150,11,14,no,OK,,00 0e 11 62 73 22 23 9c,00 0e 11 00 22 00 00 00,00 0e 11 00 22 00 00 00,8,,16823.56
custom-runner,1151,11,15,no,OK,,00 0f 11 74 af 22 94 2a,00 0f 11 00 22 00 00 00,00 0f 11 00 22 00 00 00,8,,16970.12
custom-runner,1152,11,16,yes,OK,,00 10 22 33 b6 11 77 30,00 10 22 01 11 00 00 00,00 10 22 01 11 00 00 00,8,,16930.46
custom-runner,1153,11,17,yes,OK,,00 11 22 e8 25 11 8e 52,00 11 22 02 11 02 00 00,00 11 22 02 11 02 00 00,8,,16943.95
custom-runner,1154,11,18,yes,OK,,00 12 22 bd 88 11 53 47,00 12 22 02 11 01 00 00,00 12 22 02 11 01 00 00,8,,16957.95
custom-runner,1155,11,19,yes,OK,,00 13 11 6b 44 22 88 b1,00 13 11 01 22 02 00 00,00 13 11 01 22 02 00 00,8,,16866.74
custom-runner,1156,11,20,yes,OK,,00 14 11 57 9f 22 7d 57,00 14 11 01 22 01 00 00,00 14 11 01 22 01 00 00,8,,16809.58
custom-runner,1157,11,21,yes,OK,,00 15 22 c2 47 11 ec ad,00 15 22 02 11 02 00 00,00 15 22 02 11 02 00 00,8,,16979.30
custom-runner,1158,11,22,yes,OK,,00 16 11 70 71 22 a6 08,00 16 11 01 22 02 00 00,00 16 11 01 22 02 00 00,8,,16914.98
custom-runner,1159,11,23,yes,OK,,00 17 22 10 6f 11 75 45,00 17 22 01 11 01 00 00,00 17 22 01 11 01 00 00,8,,16922.27
custom-runner,1160,11,24,yes,OK,,00 18 11 cd 65 22 89 15,00 18 11 02 22 02 00 00,00 18 11 02 22 02 00 00,8,,16980.94
custom-runner,1161,11,25,yes,OK,,00 19 11 6c 05 22 a1 1d,00 19 11 01 22 02 00 00,00 19 11 01 22 02 00 00,8,,16907.18
custom-runner,1162,11,26,yes,OK,,00 1a 22 ca 90 11 ff 9b,00 1a 22 02 11 02 00 00,00 1a 22 02 11 02 00 00,8,,16848.97
custom-runner,1163,11,27,yes,OK,,00 1b 11 49 26 22 87 9e,00 1b 11 01 22 02 00 00,00 1b 11 01 22 02 00 00,8,,16927.69
custom-runner,1164,11,28,yes,OK,,00 1c 22 86 86 11 7e 45,00 1c 22 01 11 01 00 00,00 1c 22 01 11 01 00 00,8,,17000.04
custom-runner,1165,11,29,yes,OK,,00 1d 11 cc 7e 22 b9 57,00 1d 11 02 22 02 00 00,00 1d 11 02 22 02 00 00,8,,16899.31
custom-runner,1166,11,30,yes,OK,,00 1e 11 46 d3 22 fc ae,00 1e 11 01 22 02 00 00,00 1e 11 01 22 02 00 00,8,,17037.94
custom-runner,1167,11,31,yes,OK,,00 1f 11 18 1f 22 38 23,00 1f 11 01 22 01 00 00,00 1f 11 01 22 01 00 00,8,,16765.31
custom-runner,1168,11,32,yes,OK,,00 20 11 51 e9 22 d8 25,00 20 11 01 22 02 00 00,00 20 11 01 22 02 00 00,8,,16962.15
custom-runner,1169,11,33,yes,OK,,00 21 22 c3 63 11 c5 00,00 21 22 02 11 02 00 00,00 21 22 02 11 02 00 00,8,,16969.02
custom-runner,1170,11,34,yes,OK,,00 22 11 80 b9 22 05 e0,00 22 11 01 22 01 00 00,00 22 11 01 22 01 00 00,8,,16820.10
custom-runner,1171,11,35,yes,OK,,00 23 11 88 9d 22 ae 2b,00 23 11 02 22 02 00 00,00 23 11 02 22 02 00 00,8,,16980.57
custom-runner,1172,11,36,yes,OK,,00 24 11 96 45 22 de 99,00 24 11 02 22 02 00 00,00 24 11 02 22 02 00 00,8,,16901.64
custom-runner,1173,11,37,yes,OK,,00 25 22 01 a9 11 e8 4e,00 25 22 01 11 02 00 00,00 25 22 01 11 02 00 00,8,,16904.13
custom-runner,1174,11,38,yes,OK,,00 26 22 36 7b 11 5b 78,00 26 22 01 11 01 00 00,00 26 22 01 11 01 00 00,8,,16933.38
custom-runner,1175,11,39,yes,OK,,00 27 22 4e 40 11 65 d7,00 27 22 01 11 01 00 00,00 27 22 01 11 01 00 00,8,,16957.79
custom-runner,1176,11,40,yes,OK,,00 28 22 00 4a 11 52 b6,00 28 22 01 11 01 00 00,00 28 22 01 11 01 00 00,8,,16862.39
custom-runner,1177,11,41,yes,OK,,00 29 11 fa 2a 22 09 f8,00 29 11 02 22 01 00 00,00 29 11 02 22 01 00 00,8,,16928.56
custom-runner,1178,11,42,yes,OK,,00 2a 11 b9 d8 22 9d 72,00 2a 11 02 22 02 00 00,00 2a 11 02 22 02 00 00,8,,16901.36
custom-runner,1179,11,43,yes,OK,,00 2b 11 1d a8 22 7b 53,00 2b 11 01 22 02 00 00,00 2b 11 01 22 02 00 00,8,,16962.32
custom-runner,1180,11,44,yes,OK,,00 2c 11 2b da 22 f8 d3,00 2c 11 01 22 02 00 00,00 2c 11 01 22 02 00 00,8,,16864.26
custom-runner,1181,11,45,yes,OK,,00 2d 22 41 bc 11 40 63,00 2d 22 01 11 01 00 00,00 2d 22 01 11 01 00 00,8,,17003.23
custom-runner,1182,11,46,yes,OK,,00 2e 22 87 b5 11 54 8b,00 2e 22 02 11 01 00 00,00 2e 22 02 11 01 00 00,8,,16874.07
custom-runner,1183,11,47,yes,OK,,00 2f 22 66 fd 11 6c 70,00 2f 22 01 11 01 00 00,00 2f 22 01 11 01 00 00,8,,16965.13
custom-runner,1184,11,48,yes,OK,,00 30 22 bf 30 11 cc 48,00 30 22 02 11 02 00 00,00 30 22 02 11 02 00 00,8,,16921.56
custom-runner,1185,11,49,yes,OK,,00 31 11 e7 29 22 3d f4,00 31 11 02 22 01 00 00,00 31 11 02 22 01 00 00,8,,16971.43
custom-runner,1186,11,50,yes,OK,,00 32 22 20 c8 11 73 0b,00 32 22 01 11 01 00 00,00 32 22 01 11 01 00 00,8,,16854.03
custom-runner,1187,11,51,yes,OK,,00 33 11 0a c5 22 75 d1,00 33 11 01 22 02 00 00,00 33 11 01 22 02 00 00,8,,16875.33
custom-runner,1188,11,52,yes,OK,,00 34 11 03 ae 22 24 59,00 34 11 01 22 01 00 00,00 34 11 01 22 01 00 00,8,,17093.13
custom-runner,1189,11,53,yes,OK,,00 35 11 75 37 22 22 82,00 35 11 02 22 01 00 00,00 35 11 02 22 01 00 00,8,,16616.54
custom-runner,1190,11,54,yes,OK,,00 36 11 a9 2d 22 24 47,00 36 11 02 22 01 00 00,00 36 11 02 22 01 00 00,8,,16908.53
custom-runner,1191,11,55,yes,OK,,00 37 11 8e 94 22 f8 88,00 37 11 02 22 02 00 00,00 37 11 02 22 02 00 00,8,,16914.67
custom-runner,1192,11,56,yes,OK,,00 38 11 43 be 22 f2 01,00 38 11 01 22 02 00 00,00 38 11 01 22 02 00 00,8,,16993.09
custom-runner,1193,11,57,yes,OK,,00 39 11 f2 29 22 d0 6a,00 39 11 02 22 02 00 00,00 39 11 02 22 02 00 00,8,,16914.55
custom-runner,1194,11,58,yes,OK,,00 3a 22 31 a0 11 30 4b,00 3a 22 01 11 01 00 00,00 3a 22 01 11 01 00 00,8,,16900.00
custom-runner,1195,11,59,yes,OK,,00 3b 22 d8 df 11 b5 66,00 3b 22 02 11 02 00 00,00 3b 22 02 11 02 00 00,8,,17022.10
custom-runner,1196,11,60,yes,OK,,00 3c 11 ef 1d 22 1b bc,00 3c 11 02 22 01 00 00,00 3c 11 02 22 01 00 00,8,,16854.15
custom-runner,1197,11,61,yes,OK,,00 3d 22 ce 24 11 1f 08,00 3d 22 02 11 01 00 00,00 3d 22 02 11 01 00 00,8,,16909.46
custom-runner,1198,11,62,yes,OK,,00 3e 11 37 f2 22 7f 4f,00 3e 11 01 22 02 00 00,00 3e 11 01 22 02 00 00,8,,17005.73
custom-runner,1199,11,63,yes,OK,,00 3f 11 61 63 22 e5 b0,00 3f 11 01 22 02 00 00,00 3f 11 01 22 02 00 00,8,,16914.11
custom-runner,1200,11,64,yes,OK,,00 40 22 5d f2 11 d8 00,00 40 22 01 11 02 00 00,00 40 22 01 11 02 00 00,8,,16845.96
custom-runner,1201,11,65,yes,OK,,00 41 11 ec dd 22 7f e6,00 41 11 02 22 02 00 00,00 41 11 02 22 02 00 00,8,,16938.83
custom-runner,1202,11,66,yes,OK,,00 42 11 e2 e2 22 32 21,00 42 11 02 22 01 00 00,00 42 11 02 22 01 00 00,8,,16900.64
custom-runner,1203,11,67,yes,OK,,00 43 11 07 8e 22 2f c0,00 43 11 01 22 01 00 00,00 43 11 01 22 01 00 00,8,,17039.22
custom-runner,1204,11,68,yes,OK,,00 44 22 d0 15 11 55 26,00 44 22 02 11 01 00 00,00 44 22 02 11 01 00 00,8,,16964.75
custom-runner,1205,11,69,yes,OK,,00 45 22 6d 70 11 f6 74,00 45 22 01 11 02 00 00,00 45 22 01 11 02 00 00,8,,16835.93
custom-runner,1206,11,70,yes,OK,,00 46 22 54 4b 11 1e 05,00 46 22 01 11 01 00 00,00 46 22 01 11 01 00 00,8,,17057.44
custom-runner,1207,11,71,yes,OK,,00 47 22 c7 e5 11 01 1a,00 47 22 02 11 01 00 00,00 47 22 02 11 01 00 00,8,,16888.27
custom-runner,1208,11,72,yes,OK,,00 48 22 92 0c 11 e8 f6,00 48 22 02 11 02 00 00,00 48 22 02 11 02 00 00,8,,17017.86
custom-runner,1209,11,73,yes,OK,,00 49 11 f9 2c 22 4f 41,00 49 11 02 22 01 00 00,00 49 11 02 22 01 00 00,8,,16733.97
custom-runner,1210,11,74,yes,OK,,00 4a 11 97 ea 22 6f 76,00 4a 11 02 22 01 00 00,00 4a 11 02 22 01 00 00,8,,16926.29
custom-runner,1211,11,75,yes,OK,,00 4b 11 1f 35 22 a0 90,00 4b 11 01 22 02 00 00,00 4b 11 01 22 02 00 00,8,,17001.90
custom-runner,1212,11,76,yes,OK,,00 4c 11 19 ac 22 f4 1d,00 4c 11 01 22 02 00 00,00 4c 11 01 22 02 00 00,8,,16888.27
custom-runner,1213,11,77,yes,OK,,00 4d 11 1d 1f 22 29 04,00 4d 11 01 22 01 00 00,00 4d 11 01 22 01 00 00,8,,16872.45
custom-runner,1214,11,78,yes,OK,,00 4e 11 23 15 22 22 cb,00 4e 11 01 22 01 00 00,00 4e 11 01 22 01 00 00,8,,16934.60
custom-runner,1215,11,79,yes,OK,,00 4f 11 ce bb 22 3d 61,00 4f 11 02 22 01 00 00,00 4f 11 02 22 01 00 00,8,,16948.15
custom-runner,1216,11,80,yes,OK,,00 50 22 29 f9 11 14 59,00 50 22 01 11 01 00 00,00 50 22 01 11 01 00 00,8,,16935.32
custom-runner,1217,11,81,yes,OK,,00 51 11 a1 fb 22 85 83,00 51 11 02 22 02 00 00,00 51 11 02 22 02 00 00,8,,17052.76
custom-runner,1218,11,82,yes,OK,,00 52 22 7a 35 11 a0 dc,00 52 22 02 11 02 00 00,00 52 22 02 11 02 00 00,8,,16810.15
custom-runner,1219,11,83,yes,OK,,00 53 22 43 02 11 ca a4,00 53 22 01 11 02 00 00,00 53 22 01 11 02 00 00,8,,16915.36
custom-runner,1220,11,84,yes,OK,,00 54 11 ea 19 22 a1 e1,00 54 11 02 22 02 00 00,00 54 11 02 22 02 00 00,8,,16906.30
custom-runner,1221,11,85,yes,OK,,00 55 11 04 c4 22 ea a4,00 55 11 01 22 02 00 00,00 55 11 01 22 02 00 00,8,,16903.84
custom-runner,1222,11,86,yes,OK,,00 56 22 6d 22 11 25 82,00 56 22 01 11 01 00 00,00 56 22 01 11 01 00 00,8,,16902.07
custom-runner,1223,11,87,yes,OK,,00 57 11 43 d1 22 b2 b1,00 57 11 01 22 02 00 00,00 57 11 01 22 02 00 00,8,,16969.35
custom-runner,1224,11,88,yes,OK,,00 58 22 bd 32 11 7d 12,00 58 22 02 11 02 00 00,00 58 22 02 11 02 00 00,8,,16964.29
custom-runner,1225,11,89,yes,OK,,00 59 22 e0 59 11 50 c4,00 59 22 02 11 01 00 00,00 59 22 02 11 01 00 00,8,,16782.71
custom-runner,1226,11,90,yes,OK,,00 5a 11 04 01 22 99 48,00 5a 11 01 22 02 00 00,00 5a 11 01 22 02 00 00,8,,16901.72
custom-runner,1227,11,91,yes,OK,,00 5b 11 44 c1 22 87 68,00 5b 11 01 22 02 00 00,00 5b 11 01 22 02 00 00,8,,16943.17
custom-runner,1228,11,92,yes,OK,,00 5c 22 4f 96 11 36 cd,00 5c 22 01 11 01 00 00,00 5c 22 01 11 01 00 00,8,,16908.22
custom-runner,1229,11,93,yes,OK,,00 5d 22 6b d7 11 90 42,00 5d 22 01 11 02 00 00,00 5d 22 01 11 02 00 00,8,,17004.51
custom-runner,1230,11,94,yes,OK,,00 5e 22 87 28 11 68 3d,00 5e 22 02 11 01 00 00,00 5e 22 02 11 01 00 00,8,,16962.17
custom-runner,1231,11,95,yes,OK,,00 5f 11 80 92 22 1a 02,00 5f 11 02 22 01 00 00,00 5f 11 02 22 01 00 00,8,,16777.35
custom-runner,1232,11,96,yes,OK,,00 60 11 d8 de 22 8d a9,00 60 11 02 22 02 00 00,00 60 11 02 22 02 00 00,8,,16995.71
custom-runner,1233,11,97,yes,OK,,00 61 11 01 d0 22 aa c7,00 61 11 01 22 02 00 00,00 61 11 01 22 02 00 00,8,,16854.82
custom-runner,1234,11,98,yes,OK,,00 62 22 52 ba 11 86 1f,00 62 22 01 11 02 00 00,00 62 22 01 11 02 00 00,8,,17004.70
custom-runner,1235,11,99,yes,OK,,00 63 11 da f9 22 04 f3,00 63 11 02 22 01 00 00,00 63 11 02 22 01 00 00,8,,16846.22
custom-runner,1236,11,100,yes,OK,,00 64 11 26 86 22 4c 50,00 64 11 01 22 01 00 00,00 64 11 01 22 01 00 00,8,,16878.63
custom-runner,1237,11,101,yes,OK,,00 65 22 4b d2 11 bd 09,00 65 22 01 11 02 00 00,00 65 22 01 11 02 00 00,8,,17097.34
custom-runner,1238,11,102,yes,OK,,00 66 22 15 6a 11 41 40,00 66 22 01 11 01 00 00,00 66 22 01 11 01 00 00,8,,16793.11
custom-runner,1239,11,103,yes,OK,,00 67 22 14 6d 11 ba b3,00 67 22 01 11 02 00 00,00 67 22 01 11 02 00 00,8,,16880.74
custom-runner,1240,11,104,yes,OK,,00 68 11 6b 8f 22 7f c2,00 68 11 01 22 02 00 00,00 68 11 01 22 02 00 00,8,,16900.10
custom-runner,1241,11,105,yes,OK,,00 69 11 b5 15 22 d0 10,00 69 11 02 22 02 00 00,00 69 11 02 22 02 00 00,8,,16947.99
custom-runner,1242,11,106,yes,OK,,00 6a 11 79 35 22 53 33,00 6a 11 01 22 01 00 00,00 6a 11 01 22 01 00 00,8,,16922.94
custom-runner,1243,11,107,yes,OK,,00 6b 11 d3 18 22 0c b0,00 6b 11 02 22 01 00 00,00 6b 11 02 22 01 00 00,8,,16974.76
custom-runner,1244,11,108,yes,OK,,00 6c 11 aa 14 22 d2 cc,00 6c 11 02 22 02 00 00,00 6c 11 02 22 02 00 00,8,,16969.89
custom-runner,1245,11,109,yes,OK,,00 6d 11 88 9a 22 51 82,00 6d 11 01 22 01 00 00,00 6d 11 01 22 01 00 00,8,,16903.13
custom-runner,1246,11,110,yes,OK,,00 6e 22 13 d3 11 c3 dc,00 6e 22 01 11 02 00 00,00 6e 22 01 11 02 00 00,8,,16846.83
custom-runner,1247,11,111,yes,OK,,00 6f 22 66 2e 11 71 e2,00 6f 22 02 11 01 00 00,00 6f 22 02 11 01 00 00,8,,16923.29
custom-runner,1248,11,112,yes,OK,,00 70 11 b3 06 22 9c 41,00 70 11 02 22 02 00 00,00 70 11 02 22 02 00 00,8,,16876.04
custom-runner,1249,11,113,yes,OK,,00 71 11 72 23 22 0c 1d,00 71 11 01 22 01 00 00,00 71 11 01 22 01 00 00,8,,16955.71
custom-runner,1250,11,114,yes,OK,,00 72 22 a8 11 11 cc 03,00 72 22 02 11 02 00 00,00 72 22 02 11 02 00 00,8,,16986.47
custom-runner,1251,11,115,yes,OK,,00 73 22 8e e9 11 23 8b,00 73 22 02 11 01 00 00,00 73 22 02 11 01 00 00,8,,16866.72
custom-runner,1252,11,116,yes,OK,,00 74 11 cc a2 22 a9 8c,00 74 11 02 22 02 00 00,00 74 11 02 22 02 00 00,8,,16968.17
custom-runner,1253,11,117,yes,OK,,00 75 11 3b 0e 22 85 bd,00 75 11 01 22 02 00 00,00 75 11 01 22 02 00 00,8,,17019.94
custom-runner,1254,11,118,yes,OK,,00 76 11 87 eb 22 13 96,00 76 11 01 22 01 00 00,00 76 11 01 22 01 00 00,8,,16876.21
custom-runner,1255,11,119,yes,OK,,00 77 22 b0 fd 11 de 7f,00 77 22 02 11 02 00 00,00 77 22 02 11 02 00 00,8,,17015.67
custom-runner,1256,11,120,yes,OK,,00 78 22 3b 35 11 df 6f,00 78 22 01 11 02 00 00,00 78 22 01 11 02 00 00,8,,16927.20
custom-runner,1257,11,121,yes,OK,,00 79 11 61 52 22 82 6a,00 79 11 01 22 02 00 00,00 79 11 01 22 02 00 00,8,,17026.44
custom-runner,1258,11,122,yes,OK,,00 7a 11 df 42 22 00 dd,00 7a 11 02 22 01 00 00,00 7a 11 02 22 01 00 00,8,,16742.95
custom-runner,1259,11,123,yes,OK,,00 7b 11 ba 7b 22 dc d3,00 7b 11 02 22 02 00 00,00 7b 11 02 22 02 00 00,8,,16880.12
custom-runner,1260,11,124,yes,OK,,00 7c 11 a9 0f 22 a0 b9,00 7c 11 02 22 02 00 00,00 7c 11 02 22 02 00 00,8,,16993.96
custom-runner,1261,11,125,yes,OK,,00 7d 22 9e 5a 11 99 c3,00 7d 22 02 11 01 00 00,00 7d 22 02 11 01 00 00,8,,16903.58
custom-runner,1262,11,126,yes,OK,,00 7e 22 ce 07 11 a7 01,00 7e 22 02 11 02 00 00,00 7e 22 02 11 02 00 00,8,,16916.34
custom-runner,1263,11,127,yes,OK,,00 7f 22 62 38 11 41 2b,00 7f 22 01 11 01 00 00,00 7f 22 01 11 01 00 00,8,,16918.74
custom-runner,1264,11,128,yes,OK,,00 80 22 59 1a 11 c2 1f,00 80 22 01 11 02 00 00,00 80 22 01 11 02 00 00,8,,17006.55
custom-runner,1265,12,0,no,OK,,00 00 22 8b ba 11 12 f7,00 00 22 00 11 00 00 00,00 00 22 00 11 00 00 00,8,,16933.86
custom-runner,1266,12,1,no,OK,,00 01 22 1d 64 11 40 37,00 01 22 00 11 00 00 00,00 01 22 00 11 00 00 00,8,,16862.63
custom-runner,1267,12,2,no,OK,,00 02 22 9e 6d 11 39 4b,00 02 22 00 11 00 00 00,00 02 22 00 11 00 00 00,8,,16957.32
custom-runner,1268,12,3,no,OK,,00 03 22 e7 71 11 3f a5,00 03 22 00 11 00 00 00,00 03 22 00 11 00 00 00,8,,16914.25
custom-runner,1269,12,4,no,OK,,00 04 11 b7 4d 22 2e a8,00 04 11 00 22 00 00 00,00 04 11 00 22 00 00 00,8,,16927.86
custom-runner,1270,12,5,no,OK,,00 05 22 39 a7 11 64 2c,00 05 22 00 11 00 00 00,00 05 22 00 11 00 00 00,8,,17009.05
custom-runner,1271,12,6,no,OK,,00 06 22 9d 6e 11 cc 08,00 06 22 00 11 00 00 00,00 06 22 00 11 00 00 00,8,,16879.21
custom-runner,1272,12,7,no,OK,,00 07 22 0a 5a 11 5e ad,00 07 22 00 11 00 00 00,00 07 22 00 11 00 00 00,8,,16942.11
custom-runner,1273,12,8,no,OK,,00 08 11 d4 12 22 ca ac,00 08 11 00 22 00 00 00,00 08 11 00 22 00 00 00,8,,16949.68
custom-runner,1274,12,9,no,OK,,00 09 22 ab 4b 11 ee 12,00 09 22 00 11 00 00 00,00 09 22 00 11 00 00 00,8,,16938.40
custom-runner,1275,12,10,no,OK,,00 0a 11 23 f4 22 73 89,00 0a 11 00 22 00 00 00,00 0a 11 00 22 00 00 00,8,,16940.87
custom-runner,1276,12,11,no,OK,,00 0b 11 95 0f 22 3f 71,00 0b 11 00 22 00 00 00,00 0b 11 00 22 00 00 00,8,,17016.12
custom-runner,1277,12,12,no,OK,,00 0c 11 c1 70 22 a4 40,00 0c 11 00 22 00 00 00,00 0c 11 00 22 00 00 00,8,,16792.48
custom-runner,1278,12,13,no,OK,,00 0d 22 40 12 11 da 50,00 0d 22 00 11 00 00 00,00 0d 22 00 11 00 00 00,8,,16943.94
custom-runner,1279,12,14,no,OK,,00 0e 11 f7 a7 22 84 8e,00 0e 11 00 22 00 00 00,00 0e 11 00 22 00 00 00,8,,16885.49
custom-runner,1280,12,15,no,OK,,00 0f 22 53 d9 11 15 68,00 0f 22 00 11 00 00 00,00 0f 22 00 11 00 00 00,8,,16973.12
custom-runner,1281,12,16,yes,OK,,00 10 11 51 18 22 4f d0,00 10 11 00 22 00 00 00,00 10 11 00 22 00 00 00,8,,16918.99
custom-runner,1282,12,17,yes,OK,,00 11 11 8c 83 22 4e e4,00 11 11 02 22 00 00 00,00 11 11 02 22 00 00 00,8,,16971.46
custom-runner,1283,12,18,yes,OK,,00 12 22 de 80 11 6b cc,00 12 22 02 11 01 00 00,00 12 22 02 11 01 00 00,8,,16903.34
custom-runner,1284,12,19,yes,OK,,00 13 22 48 5f 11 92 a8,00 13 22 01 11 01 00 00,00 13 22 01 11 01 00 00,8,,16887.13
custom-runner,1285,12,20,yes,OK,,00 14 11 68 8d 22 d6 40,00 14 11 01 22 02 00 00,00 14 11 01 22 02 00 00,8,,17027.08
custom-runner,1286,12,21,yes,OK,,00 15 11 c1 57 22 ba d1,00 15 11 02 22 02 00 00,00 15 11 02 22 02 00 00,8,,16909.87
custom-runner,1287,12,22,yes,OK,,00 16 11 e1 f3 22 8d b8,00 16 11 02 22 02 00 00,00 16 11 02 22 02 00 00,8,,16851.81
custom-runner,1288,12,23,yes,OK,,00 17 11 cb 30 22 be ed,00 17 11 02 22 02 00 00,00 17 11 02 22 02 00 00,8,,16931.16
custom-runner,1289,12,24,yes,OK,,00 18 22 5d a8 11 7d d0,00 18 22 01 11 01 00 00,00 18 22 01 11 01 00 00,8,,16874.11
custom-runner,1290,12,25,yes,OK,,00 19 22 17 3c 11 27 fb,00 19 22 01 11 01 00 00,00 19 22 01 11 01 00 00,8,,16965.02
custom-runner,1291,12,26,yes,OK,,00 1a 22 0d a5 11 ba 4d,00 1a 22 01 11 02 00 00,00 1a 22 01 11 02 00 00,8,,16934.02
custom-runner,1292,12,27,yes,OK,,00 1b 22 b1 a6 11 a1 0a,00 1b 22 02 11 02 00 00,00 1b 22 02 11 02 00 00,8,,16893.10
custom-runner,1293,12,28,yes,OK,,00 1c 22 a0 f3 11 ee 9b,00 1c 22 02 11 02 00 00,00 1c 22 02 11 02 00 00,8,,16871.73
custom-runner,1294,12,29,yes,OK,,00 1d 22 83 d0 11 af e4,00 1d 22 02 11 02 00 00,00 1d 22 02 11 02 00 00,8,,16907.07
custom-runner,1295,12,30,yes,OK,,00 1e 11 6b 91 22 95 bf,00 1e 11 01 22 02 00 00,00 1e 11 01 22 02 00 00,8,,16914.14
custom-runner,1296,12,31,yes,OK,,00 1f 22 e0 67 11 a0 6a,00 1f 22 02 11 02 00 00,00 1f 22 02 11 02 00 00,8,,17003.65
custom-runner,1297,12,32,yes,OK,,00 20 11 0d 20 22 ab 53,00 20 11 01 22 02 00 00,00 20 11 01 22 02 00 00,8,,16948.50
custom-runner,1298,12,33,yes,OK,,00 21 11 0a d5 22 fd d7,00 21 11 01 22 02 00 00,00 21 11 01 22 02 00 00,8,,16923.11
custom-runner,1299,12,34,yes,OK,,00 22 11 49 ff 22 83 9f,00 22 11 01 22 01 00 00,00 22 11 01 22 01 00 00,8,,16873.78
custom-runner,1300,12,35,yes,OK,,00 23 22 ac 08 11 0c 58,00 23 22 02 11 01 00 00,00 23 22 02 11 01 00 00,8,,16948.74
custom-runner,1301,12,36,yes,OK,,00 24 11 87 78 22 c2 af,00 24 11 02 22 02 00 00,00 24 11 02 22 02 00 00,8,,16963.35
custom-runner,1302,12,37,yes,OK,,00 25 22 c2 e9 11 9e ed,00 25 22 02 11 02 00 00,00 25 22 02 11 02 00 00,8,,16906.12
custom-runner,1303,12,38,yes,OK,,00 26 11 cc ec 22 3c 62,00 26 11 02 22 01 00 00,00 26 11 02 22 01 00 00,8,,16915.21
custom-runner,1304,12,39,yes,OK,,00 27 11 e8 d9 22 1a 1d,00 27 11 02 22 01 00 00,00 27 11 02 22 01 00 00,8,,16943.39
custom-runner,1305,12,40,yes,OK,,00 28 22 60 ea 11 af a5,00 28 22 01 11 02 00 00,00 28 22 01 11 02 00 00,8,,16948.15
custom-runner,1306,12,41,yes,OK,,00 29 11 17 fe 22 50 65,00 29 11 01 22 01 00 00,00 29 11 01 22 01 00 00,8,,16918.90
custom-runner,1307,12,42,yes,OK,,00 2a 22 0d e4 11 d7 cd,00 2a 22 01 11 02 00 00,00 2a 22 01 11 02 00 00,8,,16870.26
custom-runner,1308,12,43,yes,OK,,00 2b 22 9e 2d 11 54 5b,00 2b 22 02 11 01 00 00,00 2b 22 02 11 01 00 00,8,,16935.35
custom-runner,1309,12,44,yes,OK,,00 2c 11 7f 37 22 f0 24,00 2c 11 02 22 02 00 00,00 2c 11 02 22 02 00 00,8,,16899.51
custom-runner,1310,12,45,yes,OK,,00 2d 22 41 16 11 01 86,00 2d 22 01 11 01 00 00,00 2d 22 01 11 01 00 00,8,,16924.44
custom-runner,1311,12,46,yes,OK,,00 2e 11 c6 65 22 d7 49,00 2e 11 02 22 02 00 00,00 2e 11 02 22 02 00 00,8,,16942.49
custom-runner,1312,12,47,yes,OK,,00 2f 22 b2 e4 11 92 49,00 2f 22 02 11 02 00 00,00 2f 22 02 11 02 00 00,8,,16915.38
custom-runner,1313,12,48,yes,OK,,00 30 22 9d 3d 11 d4 39,00 30 22 02 11 02 00 00,00 30 22 02 11 02 00 00,8,,17002.81
custom-runner,1314,12,49,yes,OK,,00 31 11 90 b5 22 1d a9,00 31 11 02 22 01 00 00,00 31 11 02 22 01 00 00,8,,16975.35
custom-runner,1315,12,50,yes,OK,,00 32 11 85 69 22 30 d1,00 32 11 01 22 01 00 00,00 32 11 01 22 01 00 00,8,,16883.97
custom-runner,1316,12,51,yes,OK,,00 33 11 f0 ae 22 06 e2,00 33 11 02 22 01 00 00,00 33 11 02 22 01 00 00,8,,16864.33
custom-runner,1317,12,52,yes,OK,,00 34 11 4f 24 22 22 74,00 34 11 01 22 01 00 00,00 34 11 01 22 01 00 00,8,,16960.02
custom-runner,1318,12,53,yes,OK,,00 35 11 2a c4 22 2d b0,00 35 11 01 22 01 00 00,00 35 11 01 22 01 00 00,8,,16855.97
custom-runner,1319,12,54,yes,OK,,00 36 11 33 5c 22 1d a9,00 36 11 01 22 01 00 00,00 36 11 01 22 01 00 00,8,,17056.70
custom-runner,1320,12,55,yes,OK,,00 37 11 55 20 22 29 83,00 37 11 01 22 01 00 00,00 37 11 01 22 01 00 00,8,,16859.20
custom-runner,1321,12,56,yes,OK,,00 38 22 6d 48 11 9b f2,00 38 22 02 11 02 00 00,00 38 22 02 11 02 00 00,8,,16868.77
custom-runner,1322,12,57,yes,OK,,00 39 11 e5 44 22 a9 b1,00 39 11 02 22 02 00 00,00 39 11 02 22 02 00 00,8,,16940.81
custom-runner,1323,12,58,yes,OK,,00 3a 22 b9 79 11 fd 1f,00 3a 22 02 11 02 00 00,00 3a 22 02 11 02 00 00,8,,16929.65
custom-runner,1324,12,59,yes,OK,,00 3b 22 e1 a5 11 28 33,00 3b 22 02 11 01 00 00,00 3b 22 02 11 01 00 00,8,,16944.29
custom-runner,1325,12,60,yes,OK,,00 3c 22 da dc 11 84 ca,00 3c 22 02 11 01 00 00,00 3c 22 02 11 01 00 00,8,,16916.97
custom-runner,1326,12,61,yes,OK,,00 3d 11 72 e7 22 98 2b,00 3d 11 01 22 02 00 00,00 3d 11 01 22 02 00 00,8,,16922.79
custom-runner,1327,12,62,yes,OK,,00 3e 11 99 00 22 c5 72,00 3e 11 02 22 02 00 00,00 3e 11 02 22 02 00 00,8,,16850.48
custom-runner,1328,12,63,yes,OK,,00 3f 22 b4 ca 11 22 c3,00 3f 22 02 11 01 00 00,00 3f 22 02 11 01 00 00,8,,16933.44
custom-runner,1329,12,64,yes,OK,,00 40 11 7e 1a 22 7f 67,00 40 11 02 22 02 00 00,00 40 11 02 22 02 00 00,8,,16944.29
custom-runner,1330,12,65,yes,OK,,00 41 22 0f a8 11 c2 7c,00 41 22 01 11 02 00 00,00 41 22 01 11 02 00 00,8,,16919.73
custom-runner,1331,12,66,yes,OK,,00 42 22 67 0c 11 7a 2b,00 42 22 01 11 01 00 00,00 42 22 01 11 01 00 00,8,,16856.76
custom-runner,1332,12,67,yes,OK,,00 43 11 3b 57 22 b3 4b,00 43 11 01 22 02 00 00,00 43 11 01 22 02 00 00,8,,16935.39
custom-runner,1333,12,68,yes,OK,,00 44 22 06 76 11 f4 18,00 44 22 01 11 02 00 00,00 44 22 01 11 02 00 00,8,,16916.48
custom-runner,1334,12,69,yes,OK,,00 45 11 e4 15 22 a0 c1,00 45 11 02 22 02 00 00,00 45 11 02 22 02 00 00,8,,16909.15
custom-runner,1335,12,70,yes,OK,,00 46 11 34 37 22 a4 de,00 46 11 01 22 02 00 00,00 46 11 01 22 02 00 00,8,,16899.99
custom-runner,1336,12,71,yes,OK,,00 47 22 c3 48 11 fd c3,00 47 22 02 11 02 00 00,00 47 22 02 11 02 00 00,8,,16992.79
custom-runner,1337,12,72,yes,OK,,00 48 22 4b 1b 11 e4 0d,00 48 22 01 11 02 00 00,00 48 22 01 11 02 00 00,8,,16905.58
custom-runner,1338,12,73,yes,OK,,00 49 22 d3 57 11 8a 2d,00 49 22 02 11 01 00 00,00 49 22 02 11 01 00 00,8,,16960.44
custom-runner,1339,12,74,yes,OK,,00 4a 22 db c4 11 7e 14,00 4a 22 02 11 01 00 00,00 4a 22 02 11 01 00 00,8,,16915.75
custom-runner,1340,12,75,yes,OK,,00 4b 22 92 c0 11 b3 b3,00 4b 22 01 11 02 00 00,00 4b 22 01 11 02 00 00,8,,16886.13
custom-runner,1341,12,76,yes,OK,,00 4c 22 9d b4 11 d6 b5,00 4c 22 02 11 02 00 00,00 4c 22 02 11 02 00 00,8,,16906.25
custom-runner,1342,12,77,yes,OK,,00 4d 22 8e 6a 11 5b 8f,00 4d 22 01 11 01 00 00,00 4d 22 01 11 01 00 00,8,,16921.40
custom-runner,1343,12,78,yes,OK,,00 4e 11 ae ce 22 85 53,00 4e 11 02 22 01 00 00,00 4e 11 02 22 01 00 00,8,,16964.12
custom-runner,1344,12,79,yes,OK,,00 4f 11 e5 d5 22 3d a8,00 4f 11 02 22 01 00 00,00 4f 11 02 22 01 00 00,8,,16940.80
custom-runner,1345,12,80,yes,OK,,00 50 22 10 64 11 08 5c,00 50 22 01 11 01 00 00,00 50 22 01 11 01 00 00,8,,16941.29
custom-runner,1346,12,81,yes,OK,,00 51 22 19 fd 11 0c a7,00 51 22 01 11 01 00 00,00 51 22 01 11 01 00 00,8,,17005.02
custom-runner,1347,12,82,yes,OK,,00 52 11 64 ca 22 60 55,00 52 11 01 22 01 00 00,00 52 11 01 22 01 00 00,8,,16817.92
custom-runner,1348,12,83,yes,OK,,00 53 22 8e 70 11 a9 7b,00 53 22 02 11 02 00 00,00 53 22 02 11 02 00 00,8,,16897.03
custom-runner,1349,12,84,yes,OK,,00 54 22 1a 91 11 73 44,00 54 22 01 11 01 00 00,00 54 22 01 11 01 00 00,8,,16958.56
custom-runner,1350,12,85,yes,OK,,00 55 11 57 f7 22 d8 e5,00 55 11 01 22 02 00 00,00 55 11 01 22 02 00 00,8,,16927.65
custom-runner,1351,12,86,yes,OK,,00 56 11 54 11 22 de 28,00 56 11 01 22 02 00 00,00 56 11 01 22 02 00 00,8,,16977.14
custom-runner,1352,12,87,yes,OK,,00 57 11 64 b9 22 ab 51,00 57 11 01 22 02 00 00,00 57 11 01 22 02 00 00,8,,16899.94
custom-runner,1353,12,88,yes,OK,,00 58 22 2f 22 11 b6 f4,00 58 22 01 11 02 00 00,00 58 22 01 11 02 00 00,8,,16836.74
custom-runner,1354,12,89,yes,OK,,00 59 11 2d 52 22 d7 c7,00 59 11 01 22 02 00 00,00 59 11 01 22 02 00 00,8,,17109.53
custom-runner,1355,12,90,yes,OK,,00 5a 11 6c 45 22 ad b9,00 5a 11 01 22 02 00 00,00 5a 11 01 22 02 00 00,8,,16920.50
custom-runner,1356,12,91,yes,OK,,00 5b 22 a4 b0 11 dc 69,00 5b 22 02 11 02 00 00,00 5b 22 02 11 02 00 00,8,,16786.95
custom-runner,1357,12,92,yes,OK,,00 5c 11 7d 4e 22 dc e0,00 5c 11 02 22 02 00 00,00 5c 11 02 22 02 00 00,8,,16972.16
custom-runner,1358,12,93,yes,OK,,00 5d 11 9f 6a 22 43 e9,00 5d 11 02 22 01 00 00,00 5d 11 02 22 01 00 00,8,,17027.14
custom-runner,1359,12,94,yes,OK,,00 5e 11 17 e8 22 3c 46,00 5e 11 01 22 01 00 00,00 5e 11 01 22 01 00 00,8,,16751.58
custom-runner,1360,12,95,yes,OK,,00 5f 11 c6 e6 22 b0 cd,00 5f 11 02 22 02 00 00,00 5f 11 02 22 02 00 00,8,,16903.88
custom-runner,1361,12,96,yes,OK,,00 60 11 a7 5f 22 48 26,00 60 11 02 22 01 00 00,00 60 11 02 22 01 00 00,8,,16917.96
custom-runner,1362,12,97,yes,OK,,00 61 22 6e 62 11 6b 55,00 61 22 01 11 01 00 00,00 61 22 01 11 01 00 00,8,,16939.71
custom-runner,1363,12,98,yes,OK,,00 62 11 0e d9 22 06 41,00 62 11 01 22 01 00 00,00 62 11 01 22 01 00 00,8,,16980.58
custom-runner,1364,12,99,yes,OK,,00 63 11 19 8d 22 a2 e4,00 63 11 01 22 02 00 00,00 63 11 01 22 02 00 00,8,,16887.64
custom-runner,1365,12,100,yes,OK,,00 64 11 73 d9 22 91 06,00 64 11 02 22 02 00 00,00 64 11 02 22 02 00 00,8,,16863.97
custom-runner,1366,12,101,yes,OK,,00 65 11 81 78 22 99 ff,00 65 11 02 22 02 00 00,00 65 11 02 22 02 00 00,8,,17056.00
custom-runner,1367,12,102,yes,OK,,00 66 11 98 c2 22 25 99,00 66 11 02 22 01 00 00,00 66 11 02 22 01 00 00,8,,16809.85
custom-runner,1368,12,103,yes,OK,,00 67 22 f8 59 11 41 e7,00 67 22 02 11 01 00 00,00 67 22 02 11 01 00 00,8,,16974.04
custom-runner,1369,12,104,yes,OK,,00 68 11 d6 d1 22 d1 e1,00 68 11 02 22 02 00 00,00 68 11 02 22 02 00 00,8,,16892.14
custom-runner,1370,12,105,yes,OK,,00 69 11 29 7b 22 b6 eb,00 69 11 01 22 02 00 00,00 69 11 01 22 02 00 00,8,,16888.56
custom-runner,1371,12,106,yes,OK,,00 6a 11 8e da 22 23 c0,00 6a 11 02 22 01 00 00,00 6a 11 02 22 01 00 00,8,,16894.01
custom-runner,1372,12,107,yes,OK,,00 6b 22 5f 9a 11 3c 9b,00 6b 22 01 11 01 00 00,00 6b 22 01 11 01 00 00,8,,17051.67
custom-runner,1373,12,108,yes,OK,,00 6c 11 61 58 22 44 7a,00 6c 11 01 22 01 00 00,00 6c 11 01 22 01 00 00,8,,16918.67
custom-runner,1374,12,109,yes,OK,,00 6d 11 b6 81 22 93 3b,00 6d 11 02 22 02 00 00,00 6d 11 02 22 02 00 00,8,,16886.39
custom-runner,1375,12,110,yes,OK,,00 6e 11 4f 07 22 20 72,00 6e 11 01 22 01 00 00,00 6e 11 01 22 01 00 00,8,,16938.91
custom-runner,1376,12,111,yes,OK,,00 6f 22 5a 7e 11 3f db,00 6f 22 01 11 01 00 00,00 6f 22 01 11 01 00 00,8,,16894.55
custom-runner,1377,12,112,yes,OK,,00 70 22 21 bd 11 56 90,00 70 22 01 11 01 00 00,00 70 22 01 11 01 00 00,8,,16904.92
custom-runner,1378,12,113,yes,OK,,00 71 22 e1 72 11 fc 2d,00 71 22 02 11 02 00 00,00 71 22 02 11 02 00 00,8,,16901.19
custom-runner,1379,12,114,yes,OK,,00 72 11 37 26 22 1f 32,00 72 11 01 22 01 00 00,00 72 11 01 22 01 00 00,8,,16983.41
custom-runner,1380,12,115,yes,OK,,00 73 22 85 8e 11 d2 23,00 73 22 02 11 02 00 00,00 73 22 02 11 02 00 00,8,,16867.08
custom-runner,1381,12,116,yes,OK,,00 74 11 a1 62 22 cb 51,00 74 11 02 22 02 00 00,00 74 11 02 22 02 00 00,8,,16921.35
custom-runner,1382,12,117,yes,OK,,00 75 11 ff 47 22 63 e6,00 75 11 02 22 01 00 00,00 75 11 02 22 01 00 00,8,,17024.86
custom-runner,1383,12,118,yes,OK,,00 76 22 28 ec 11 e9 3c,00 76 22 01 11 02 00 00,00 76 22 01 11 02 00 00,8,,16805.33
custom-runner,1384,12,119,yes,OK,,00 77 11 ed 42 22 82 82,00 77 11 02 22 02 00 00,00 77 11 02 22 02 00 00,8,,16891.34
custom-runner,1385,12,120,yes,OK,,00 78 11 32 c3 22 b0 96,00 78 11 01 22 02 00 00,00 78 11 01 22 02 00 00,8,,16926.41
custom-runner,1386,12,121,yes,OK,,00 79 11 de 54 22 8b 5a,00 79 11 02 22 02 00 00,00 79 11 02 22 02 00 00,8,,16885.22
custom-runner,1387,12,122,yes,OK,,00 7a 11 c2 d4 22 2b 6b,00 7a 11 02 22 01 00 00,00 7a 11 02 22 01 00 00,8,,17128.66
custom-runner,1388,12,123,yes,OK,,00 7b 11 20 8b 22 70 bf,00 7b 11 01 22 02 00 00,00 7b 11 01 22 02 00 00,8,,16758.22
custom-runner,1389,12,124,yes,OK,,00 7c 22 40 b4 11 fc c9,00 7c 22 01 11 02 00 00,00 7c 22 01 11 02 00 00,8,,16926.19
custom-runner,1390,12,125,yes,OK,,00 7d 22 1b 4d 11 c3 89,00 7d 22 01 11 02 00 00,00 7d 22 01 11 02 00 00,8,,16860.67
custom-runner,1391,12,126,yes,OK,,00 7e 22 33 80 11 61 2a,00 7e 22 01 11 01 00 00,00 7e 22 01 11 01 00 00,8,,16978.51
custom-runner,1392,12,127,yes,OK,,00 7f 22 8d ec 11 1e 3c,00 7f 22 02 11 01 00 00,00 7f 22 02 11 01 00 00,8,,16934.83
custom-runner,1393,12,128,yes,OK,,00 80 11 13 f9 22 ca bf,00 80 11 01 22 02 00 00,00 80 11 01 22 02 00 00,8,,16839.73
custom-runner,1394,13,0,no,OK,,00 00 11 ff ff 22 ff ff,00 00 11 00 22 00 00 00,00 00 11 00 22 00 00 00,8,,16927.17
custom-runner,1395,13,1,no,OK,,00 01 22 ff ff 11 ff ff,00 01 22 00 11 00 00 00,00 01 22 00 11 00 00 00,8,,16970.39
custom-runner,1396,13,2,no,OK,,00 02 11 ff ff 22 ff ff,00 02 11 00 22 00 00 00,00 02 11 00 22 00 00 00,8,,16919.46
custom-runner,1397,13,3,no,OK,,00 03 11 ff ff 22 ff ff,00 03 11 00 22 00 00 00,00 03 11 00 22 00 00 00,8,,16880.70
custom-runner,1398,13,4,no,OK,,00 04 11 ff ff 22 ff ff,00 04 11 00 22 00 00 00,00 04 11 00 22 00 00 00,8,,16977.93
custom-runner,1399,13,5,no,OK,,00 05 22 ff ff 11 ff ff,00 05 22 00 11 00 00 00,00 05 22 00 11 00 00 00,8,,16734.20
custom-runner,1400,13,6,no,OK,,00 06 11 ff ff 22 ff ff,00 06 11 00 22 00 00 00,00 06 11 00 22 00 00 00,8,,16984.23
custom-runner,1401,13,7,no,OK,,00 07 22 ff ff 11 ff ff,00 07 22 00 11 00 00 00,00 07 22 00 11 00 00 00,8,,17002.35
custom-runner,1402,13,8,no,OK,,00 08 22 ff ff 11 ff ff,00 08 22 00 11 00 00 00,00 08 22 00 11 00 00 00,8,,16913.06
custom-runner,1403,13,9,no,OK,,00 09 11 ff ff 22 ff ff,00 09 11 00 22 00 00 00,00 09 11 00 22 00 00 00,8,,16842.59
custom-runner,1404,13,10,no,OK,,00 0a 22 ff ff 11 ff ff,00 0a 22 00 11 00 00 00,00 0a 22 00 11 00 00 00,8,,16968.26
custom-runner,1405,13,11,no,OK,,00 0b 22 ff ff 11 ff ff,00 0b 22 00 11 00 00 00,00 0b 22 00 11 00 00 00,8,,16955.98
custom-runner,1406,13,12,no,OK,,00 0c 22 ff ff 11 ff ff,00 0c 22 00 11 00 00 00,00 0c 22 00 11 00 00 00,8,,16937.27
custom-runner,1407,13,13,no,OK,,00 0d 11 ff ff 22 ff ff,00 0d 11 00 22 00 00 00,00 0d 11 00 22 00 00 00,8,,16932.57
custom-runner,1408,13,14,no,OK,,00 0e 11 ff ff 22 ff ff,00 0e 11 00 22 00 00 00,00 0e 11 00 22 00 00 00,8,,16811.18
custom-runner,1409,13,15,no,OK,,00 0f 22 ff ff 11 ff ff,00 0f 22 00 11 00 00 00,00 0f 22 00 11 00 00 00,8,,17027.74
custom-runner,1410,13,16,yes,OK,,00 10 22 ff ff 11 ff ff,00 10 22 00 11 00 00 00,00 10 22 00 11 00 00 00,8,,16960.57
custom-runner,1411,13,17,yes,OK,,00 11 11 ff ff 22 ff ff,00 11 11 00 22 00 00 00,00 11 11 00 22 00 00 00,8,,16956.69
custom-runner,1412,13,18,yes,OK,,00 12 22 ff ff 11 ff ff,00 12 22 00 11 00 00 00,00 12 22 00 11 00 00 00,8,,16826.66
custom-runner,1413,13,19,yes,OK,,00 13 22 ff ff 11 ff ff,00 13 22 00 11 00 00 00,00 13 22 00 11 00 00 00,8,,16890.83
custom-runner,1414,13,20,yes,OK,,00 14 11 ff ff 22 ff ff,00 14 11 00 22 00 00 00,00 14 11 00 22 00 00 00,8,,16926.16
custom-runner,1415,13,21,yes,OK,,00 15 22 ff ff 11 ff ff,00 15 22 00 11 00 00 00,00 15 22 00 11 00 00 00,8,,16898.15
custom-runner,1416,13,22,yes,OK,,00 16 22 ff ff 11 ff ff,00 16 22 00 11 00 00 00,00 16 22 00 11 00 00 00,8,,16920.16
custom-runner,1417,13,23,yes,OK,,00 17 11 ff ff 22 ff ff,00 17 11 00 22 00 00 00,00 17 11 00 22 00 00 00,8,,16893.81
custom-runner,1418,13,24,yes,OK,,00 18 22 ff ff 11 ff ff,00 18 22 00 11 00 00 00,00 18 22 00 11 00 00 00,8,,16901.10
custom-runner,1419,13,25,yes,OK,,00 19 22 ff ff 11 ff ff,00 19 22 00 11 00 00 00,00 19 22 00 11 00 00 00,8,,16970.10
custom-runner,1420,13,26,yes,OK,,00 1a 11 ff ff 22 ff ff,00 1a 11 00 22 00 00 00,00 1a 11 00 22 00 00 00,8,,16881.93
custom-runner,1421,13,27,yes,OK,,00 1b 22 ff ff 11 ff ff,00 1b 22 00 11 00 00 00,00 1b 22 00 11 00 00 00,8,,16929.03
custom-runner,1422,13,28,yes,OK,,00 1c 11 ff ff 22 ff ff,00 1c 11 00 22 00 00 00,00 1c 11 00 22 00 00 00,8,,16963.75
custom-runner,1423,13,29,yes,OK,,00 1d 11 ff ff 22 ff ff,00 1d 11 00 22 00 00 00,00 1d 11 00 22 00 00 00,8,,16834.69
custom-runner,1424,13,30,yes,OK,,00 1e 11 ff ff 22 ff ff,00 1e 11 00 22 00 00 00,00 1e 11 00 22 00 00 00,8,,16948.32
custom-runner,1425,13,31,yes,OK,,00 1f 11 ff ff 22 ff ff,00 1f 11 00 22 00 00 00,00 1f 11 00 22 00 00 00,8,,16944.11
custom-runner,1426,13,32,yes,OK,,00 20 22 ff ff 11 ff ff,00 20 22 00 11 00 00 00,00 20 22 00 11 00 00 00,8,,16899.66
custom-runner,1427,13,33,yes,OK,,00 21 11 ff ff 22 ff ff,00 21 11 00 22 00 00 00,00 21 11 00 22 00 00 00,8,,16847.91
custom-runner,1428,13,34,yes,OK,,00 22 22 ff ff 11 ff ff,00 22 22 00 11 00 00 00,00 22 22 00 11 00 00 00,8,,17066.28
custom-runner,1429,13,35,yes,OK,,00 23 11 ff ff 22 ff ff,00 23 11 00 22 00 00 00,00 23 11 00 22 00 00 00,8,,16764.36
custom-runner,1430,13,36,yes,OK,,00 24 22 ff ff 11 ff ff,00 24 22 00 11 00 00 00,00 24 22 00 11 00 00 00,8,,16906.40
custom-runner,1431,13,37,yes,OK,,00 25 22 ff ff 11 ff ff,00 25 22 00 11 00 00 00,00 25 22 00 11 00 00 00,8,,17051.38
custom-runner,1432,13,38,yes,OK,,00 26 22 ff ff 11 ff ff,00 26 22 00 11 00 00 00,00 26 22 00 11 00 00 00,8,,16869.54
custom-runner,1433,13,39,yes,OK,,00 27 22 ff ff 11 ff ff,00 27 22 00 11 00 00 00,00 27 22 00 11 00 00 00,8,,16873.13
custom-runner,1434,13,40,yes,OK,,00 28 11 ff ff 22 ff ff,00 28 11 00 22 00 00 00,00 28 11 00 22 00 00 00,8,,16989.95
custom-runner,1435,13,41,yes,OK,,00 29 11 ff ff 22 ff ff,00 29 11 00 22 00 00 00,00 29 11 00 22 00 00 00,8,,17009.13
custom-runner,1436,13,42,yes,OK,,00 2a 11 ff ff 22 ff ff,00 2a 11 00 22 00 00 00,00 2a 11 00 22 00 00 00,8,,16813.72
custom-runner,1437,13,43,yes,OK,,00 2b 22 ff ff 11 ff ff,00 2b 22 00 11 00 00 00,00 2b 22 00 11 00 00 00,8,,17036.02
custom-runner,1438,13,44,yes,OK,,00 2c 22 ff ff 11 ff ff,00 2c 22 00 11 00 00 00,00 2c 22 00 11 00 00 00,8,,16971.81
custom-runner,1439,13,45,yes,OK,,00 2d 22 ff ff 11 ff ff,00 2d 22 00 11 00 00 00,00 2d 22 00 11 00 00 00,8,,16925.86
custom-runner,1440,13,46,yes,OK,,00 2e 22 ff ff 11 ff ff,00 2e 22 00 11 00 00 00,00 2e 22 00 11 00 00 00,8,,16711.38
custom-runner,1441,13,47,yes,OK,,00 2f 11 ff ff 22 ff ff,00 2f 11 00 22 00 00 00,00 2f 11 00 22 00 00 00,8,,17106.62
custom-runner,1442,13,48,yes,OK,,00 30 22 ff ff 11 ff ff,00 30 22 00 11 00 00 00,00 30 22 00 11 00 00 00,8,,16814.38
custom-runner,1443,13,49,yes,OK,,00 31 22 ff ff 11 ff ff,00 31 22 00 11 00 00 00,00 31 22 00 11 00 00 00,8,,16872.10
custom-runner,1444,13,50,yes,OK,,00 32 11 ff ff 22 ff ff,00 32 11 00 22 00 00 00,00 32 11 00 22 00 00 00,8,,17032.05
custom-runner,1445,13,51,yes,OK,,00 33 11 ff ff 22 ff ff,00 33 11 00 22 00 00 00,00 33 11 00 22 00 00 00,8,,16826.01
custom-runner,1446,13,52,yes,OK,,00 34 22 ff ff 11 ff ff,00 34 22 00 11 00 00 00,00 34 22 00 11 00 00 00,8,,16950.98
custom-runner,1447,13,53,yes,OK,,00 35 11 ff ff 22 ff ff,00 35 11 00 22 00 00 00,00 35 11 00 22 00 00 00,8,,17044.01
custom-runner,1448,13,54,yes,OK,,00 36 11 ff ff 22 ff ff,00 36 11 00 22 00 00 00,00 36 11 00 22 00 00 00,8,,16866.70
custom-runner,1449,13,55,yes,OK,,00 37 11 ff ff 22 ff ff,00 37 11 00 22 00 00 00,00 37 11 00 22 00 00 00,8,,16943.51
custom-runner,1450,13,56,yes,OK,,00 38 22 ff ff 11 ff ff,00 38 22 00 11 00 00 00,00 38 22 00 11 00 00 00,8,,16833.79
custom-runner,1451,13,57,yes,OK,,00 39 22 ff ff 11 ff ff,00 39 22 00 11 00 00 00,00 39 22 00 11 00 00 00,8,,16895.29
custom-runner,1452,13,58,yes,OK,,00 3a 11 ff ff 22 ff ff,00 3a 11 00 22 00 00 00,00 3a 11 00 22 00 00 00,8,,16865.66
custom-runner,1453,13,59,yes,OK,,00 3b 22 ff ff 11 ff ff,00 3b 22 00 11 00 00 00,00 3b 22 00 11 00 00 00,8,,16920.72
custom-runner,1454,13,60,yes,OK,,00 3c 22 ff ff 11 ff ff,00 3c 22 00 11 00 00 00,00 3c 22 00 11 00 00 00,8,,16926.77
custom-runner,1455,13,61,yes,OK,,00 3d 22 ff ff 11 ff ff,00 3d 22 00 11 00 00 00,00 3d 22 00 11 00 00 00,8,,16929.04
custom-runner,1456,13,62,yes,OK,,00 3e 11 ff ff 22 ff ff,00 3e 11 00 22 00 00 00,00 3e 11 00 22 00 00 00,8,,16861.49
custom-runner,1457,13,63,yes,OK,,00 3f 11 ff ff 22 ff ff,00 3f 11 00 22 00 00 00,00 3f 11 00 22 00 00 00,8,,16918.26
custom-runner,1458,13,64,yes,OK,,00 40 11 ff ff 22 ff ff,00 40 11 00 22 00 00 00,00 40 11 00 22 00 00 00,8,,16863.40
custom-runner,1459,14,0,no,OK,,00 00 22 00 00 11 00 00,00 00 22 00 11 00 00 00,00 00 22 00 11 00 00 00,8,,16967.83
custom-runner,1460,14,1,no,OK,,00 01 22 00 00 11 00 00,00 01 22 00 11 00 00 00,00 01 22 00 11 00 00 00,8,,17581.14
custom-runner,1461,14,2,no,OK,,00 02 22 00 00 11 00 00,00 02 22 00 11 00 00 00,00 02 22 00 11 00 00 00,8,,16181.47
custom-runner,1462,14,3,no,OK,,00 03 22 00 00 11 00 00,00 03 22 00 11 00 00 00,00 03 22 00 11 00 00 00,8,,16926.83
custom-runner,1463,14,4,no,OK,,00 04 11 00 00 22 00 00,00 04 11 00 22 00 00 00,00 04 11 00 22 00 00 00,8,,16921.57
custom-runner,1464,14,5,no,OK,,00 05 11 00 00 22 00 00,00 05 11 00 22 00 00 00,00 05 11 00 22 00 00 00,8,,16937.15
custom-runner,1465,14,6,no,OK,,00 06 11 00 00 22 00 00,00 06 11 00 22 00 00 00,00 06 11 00 22 00 00 00,8,,16828.35
custom-runner,1466,14,7,no,OK,,00 07 22 00 00 11 00 00,00 07 22 00 11 00 00 00,00 07 22 00 11 00 00 00,8,,16949.69
custom-runner,1467,14,8,no,OK,,00 08 11 00 00 22 00 00,00 08 11 00 22 00 00 00,00 08 11 00 22 00 00 00,8,,16875.74
custom-runner,1468,14,9,no,OK,,00 09 22 00 00 11 00 00,00 09 22 00 11 00 00 00,00 09 22 00 11 00 00 00,8,,16937.27
custom-runner,1469,14,10,no,OK,,00 0a 22 00 00 11 00 00,00 0a 22 00 11 00 00 00,00 0a 22 00 11 00 00 00,8,,16995.62
custom-runner,1470,14,11,no,OK,,00 0b 22 00 00 11 00 00,00 0b 22 00 11 00 00 00,00 0b 22 00 11 00 00 00,8,,16869.26
custom-runner,1471,14,12,no,OK,,00 0c 11 00 00 22 00 00,00 0c 11 00 22 00 00 00,00 0c 11 00 22 00 00 00,8,,16959.51
custom-runner,1472,14,13,no,OK,,00 0d 11 00 00 22 00 00,00 0d 11 00 22 00 00 00,00 0d 11 00 22 00 00 00,8,,16911.40
custom-runner,1473,14,14,no,OK,,00 0e 11 00 00 22 00 00,00 0e 11 00 22 00 00 00,00 0e 11 00 22 00 00 00,8,,17248.26
custom-runner,1474,14,15,no,OK,,00 0f 22 00 00 11 00 00,00 0f 22 00 11 00 00 00,00 0f 22 00 11 00 00 00,8,,16697.49
custom-runner,1475,14,16,yes,OK,,00 10 22 00 00 11 00 00,00 10 22 00 11 00 00 00,00 10 22 00 11 00 00 00,8,,16828.80
custom-runner,1476,14,17,yes,OK,,00 11 11 00 00 22 00 00,00 11 11 00 22 00 00 00,00 11 11 00 22 00 00 00,8,,16994.97
custom-runner,1477,14,18,yes,OK,,00 12 22 00 00 11 00 00,00 12 22 00 11 00 00 00,00 12 22 00 11 00 00 00,8,,16783.56
custom-runner,1478,14,19,yes,OK,,00 13 22 00 00 11 00 00,00 13 22 00 11 00 00 00,00 13 22 00 11 00 00 00,8,,17057.11
custom-runner,1479,14,20,yes,OK,,00 14 11 00 00 22 00 00,00 14 11 00 22 00 00 00,00 14 11 00 22 00 00 00,8,,16807.80
custom-runner,1480,14,21,yes,OK,,00 15 11 00 00 22 00 00,00 15 11 00 22 00 00 00,00 15 11 00 22 00 00 00,8,,16939.52
custom-runner,1481,14,22,yes,OK,,00 16 22 00 00 11 00 00,00 16 22 00 11 00 00 00,00 16 22 00 11 00 00 00,8,,16951.82
custom-runner,1482,14,23,yes,OK,,00 17 11 00 00 22 00 00,00 17 11 00 22 00 00 00,00 17 11 00 22 00 00 00,8,,16938.42
custom-runner,1483,14,24,yes,OK,,00 18 11 00 00 22 00 00,00 18 11 00 22 00 00 00,00 18 11 00 22 00 00 00,8,,16940.21
custom-runner,1484,14,25,yes,OK,,00 19 11 00 00 22 00 00,00 19 11 00 22 00 00 00,00 19 11 00 22 00 00 00,8,,16894.45
custom-runner,1485,14,26,yes,OK,,00 1a 11 00 00 22 00 00,00 1a 11 00 22 00 00 00,00 1a 11 00 22 00 00 00,8,,17080.35
custom-runner,1486,14,27,yes,OK,,00 1b 22 00 00 11 00 00,00 1b 22 00 11 00 00 00,00 1b 22 00 11 00 00 00,8,,16811.98
custom-runner,1487,14,28,yes,OK,,00 1c 22 00 00 11 00 00,00 1c 22 00 11 00 00 00,00 1c 22 00 11 00 00 00,8,,16902.87
custom-runner,1488,14,29,yes,OK,,00 1d 22 00 00 11 00 00,00 1d 22 00 11 00 00 00,00 1d 22 00 11 00 00 00,8,,16911.78
custom-runner,1489,14,30,yes,OK,,00 1e 22 00 00 11 00 00,00 1e 22 00 11 00 00 00,00 1e 22 00 11 00 00 00,8,,16951.87
custom-runner,1490,14,31,yes,OK,,00 1f 11 00 00 22 00 00,00 1f 11 00 22 00 00 00,00 1f 11 00 22 00 00 00,8,,16887.36
custom-runner,1491,14,32,yes,OK,,00 20 22 00 00 11 00 00,00 20 22 00 11 00 00 00,00 20 22 00 11 00 00 00,8,,16936.85
custom-runner,1492,14,33,yes,OK,,00 21 22 00 00 11 00 00,00 21 22 00 11 00 00 00,00 21 22 00 11 00 00 00,8,,16969.64
custom-runner,1493,14,34,yes,OK,,00 22 11 00 00 22 00 00,00 22 11 00 22 00 00 00,00 22 11 00 22 00 00 00,8,,17055.08
custom-runner,1494,14,35,yes,OK,,00 23 11 00 00 22 00 00,00 23 11 00 22 00 00 00,00 23 11 00 22 00 00 00,8,,16822.15
custom-runner,1495,14,36,yes,OK,,00 24 22 00 00 11 00 00,00 24 22 00 11 00 00 00,00 24 22 00 11 00 00 00,8,,17148.66
custom-runner,1496,14,37,yes,OK,,00 25 11 00 00 22 00 00,00 25 11 00 22 00 00 00,00 25 11 00 22 00 00 00,8,,16739.72
custom-runner,1497,14,38,yes,OK,,00 26 22 00 00 11 00 00,00 26 22 00 11 00 00 00,00 26 22 00 11 00 00 00,8,,16894.61
custom-runner,1498,14,39,yes,OK,,00 27 11 00 00 22 00 00,00 27 11 00 22 00 00 00,00 27 11 00 22 00 00 00,8,,16848.49
custom-runner,1499,14,40,yes,OK,,00 28 22 00 00 11 00 00,00 28 22 00 11 00 00 00,00 28 22 00 11 00 00 00,8,,16949.55
custom-runner,1500,14,41,yes,OK,,00 29 22 00 00 11 00 00,00 29 22 00 11 00 00 00,00 29 22 00 11 00 00 00,8,,16893.12
custom-runner,1501,14,42,yes,OK,,00 2a 11 00 00 22 00 00,00 2a 11 00 22 00 00 00,00 2a 11 00 22 00 00 00,8,,17018.06
custom-runner,1502,14,43,yes,OK,,00 2b 22 00 00 11 00 00,00 2b 22 00 11 00 00 00,00 2b 22 00 11 00 00 00,8,,16855.15
custom-runner,1503,14,44,yes,OK,,00 2c 11 00 00 22 00 00,00 2c 11 00 22 00 00 00,00 2c 11 00 22 00 00 00,8,,16919.81
custom-runner,1504,14,45,yes,OK,,00 2d 11 00 00 22 00 00,00 2d 11 00 22 00 00 00,00 2d 11 00 22 00 00 00,8,,16904.88
custom-runner,1505,14,46,yes,OK,,00 2e 22 00 00 11 00 00,00 2e 22 00 11 00 00 00,00 2e 22 00 11 00 00 00,8,,16912.97
custom-runner,1506,14,47,yes,OK,,00 2f 22 00 00 11 00 00,00 2f 22 00 11 00 00 00,00 2f 22 00 11 00 00 00,8,,16885.45
custom-runner,1507,14,48,yes,OK,,00 30 22 00 00 11 00 00,00 30 22 00 11 00 00 00,00 30 22 00 11 00 00 00,8,,16949.08
custom-runner,1508,14,49,yes,OK,,00 31 22 00 00 11 00 00,00 31 22 00 11 00 00 00,00 31 22 00 11 00 00 00,8,,16927.42
custom-runner,1509,14,50,yes,OK,,00 32 22 00 00 11 00 00,00 32 22 00 11 00 00 00,00 32 22 00 11 00 00 00,8,,16925.96
custom-runner,1510,14,51,yes,OK,,00 33 22 00 00 11 00 00,00 33 22 00 11 00 00 00,00 33 22 00 11 00 00 00,8,,16984.33
custom-runner,1511,14,52,yes,OK,,00 34 22 00 00 11 00 00,00 34 22 00 11 00 00 00,00 34 22 00 11 00 00 00,8,,16824.09
custom-runner,1512,14,53,yes,OK,,00 35 11 00 00 22 00 00,00 35 11 00 22 00 00 00,00 35 11 00 22 00 00 00,8,,16861.48
custom-runner,1513,14,54,yes,OK,,00 36 22 00 00 11 00 00,00 36 22 00 11 00 00 00,00 36 22 00 11 00 00 00,8,,16961.93
custom-runner,1514,14,55,yes,OK,,00 37 22 00 00 11 00 00,00 37 22 00 11 00 00 00,00 37 22 00 11 00 00 00,8,,16895.95
custom-runner,1515,14,56,yes,OK,,00 38 22 00 00 11 00 00,00 38 22 00 11 00 00 00,00 38 22 00 11 00 00 00,8,,16942.19
custom-runner,1516,14,57,yes,OK,,00 39 22 00 00 11 00 00,00 39 22 00 11 00 00 00,00 39 22 00 11 00 00 00,8,,16950.12
custom-runner,1517,14,58,yes,OK,,00 3a 22 00 00 11 00 00,00 3a 22 00 11 00 00 00,00 3a 22 00 11 00 00 00,8,,16980.67
custom-runner,1518,14,59,yes,OK,,00 3b 11 00 00 22 00 00,00 3b 11 00 22 00 00 00,00 3b 11 00 22 00 00 00,8,,16834.86
custom-runner,1519,14,60,yes,OK,,00 3c 11 00 00 22 00 00,00 3c 11 00 22 00 00 00,00 3c 11 00 22 00 00 00,8,,16917.82
custom-runner,1520,14,61,yes,OK,,00 3d 11 00 00 22 00 00,00 3d 11 00 22 00 00 00,00 3d 11 00 22 00 00 00,8,,16848.77
custom-runner,1521,14,62,yes,OK,,00 3e 22 00 00 11 00 00,00 3e 22 00 11 00 00 00,00 3e 22 00 11 00 00 00,8,,16921.31
custom-runner,1522,14,63,yes,OK,,00 3f 22 00 00 11 00 00,00 3f 22 00 11 00 00 00,00 3f 22 00 11 00 00 00,8,,16954.99
custom-runner,1523,14,64,yes,OK,,00 40 22 00 00 11 00 00,00 40 22 00 11 00 00 00,00 40 22 00 11 00 00 00,8,,16861.67
custom-runner,1524,15,0,no,OK,,00 00 22 ff ff 11 00 00,00 00 22 00 11 00 00 00,00 00 22 00 11 00 00 00,8,,16904.86
custom-runner,1525,15,1,no,OK,,00 01 11 ff ff 22 00 00,00 01 11 00 22 00 00 00,00 01 11 00 22 00 00 00,8,,16920.58
custom-runner,1526,15,2,no,OK,,00 02 11 00 00 22 ff ff,00 02 11 00 22 00 00 00,00 02 11 00 22 00 00 00,8,,16883.65
custom-runner,1527,15,3,no,OK,,00 03 22 00 00 11 ff ff,00 03 22 00 11 00 00 00,00 03 22 00 11 00 00 00,8,,16927.27
custom-runner,1528,15,4,no,OK,,00 04 22 ff ff 11 00 00,00 04 22 00 11 00 00 00,00 04 22 00 11 00 00 00,8,,19200.80
custom-runner,1529,15,5,no,OK,,00 05 22 00 00 11 ff ff,00 05 22 00 11 00 00 00,00 05 22 00 11 00 00 00,8,,14607.78
custom-runner,1530,15,6,no,OK,,00 06 22 ff ff 11 00 00,00 06 22 00 11 00 00 00,00 06 22 00 11 00 00 00,8,,16927.03
custom-runner,1531,15,7,no,OK,,00 07 22 00 00 11 ff ff,00 07 22 00 11 00 00 00,00 07 22 00 11 00 00 00,8,,17012.02
custom-runner,1532,15,8,no,OK,,00 08 22 ff ff 11 00 00,00 08 22 00 11 00 00 00,00 08 22 00 11 00 00 00,8,,16834.83
custom-runner,1533,15,9,no,OK,,00 09 22 00 00 11 ff ff,00 09 22 00 11 00 00 00,00 09 22 00 11 00 00 00,8,,16928.03
custom-runner,1534,15,10,no,OK,,00 0a 11 00 00 22 ff ff,00 0a 11 00 22 00 00 00,00 0a 11 00 22 00 00 00,8,,16918.71
custom-runner,1535,15,11,no,OK,,00 0b 22 00 00 11 ff ff,00 0b 22 00 11 00 00 00,00 0b 22 00 11 00 00 00,8,,16908.63
custom-runner,1536,15,12,no,OK,,00 0c 11 00 00 22 ff ff,00 0c 11 00 22 00 00 00,00 0c 11 00 22 00 00 00,8,,16909.44
custom-runner,1537,15,13,no,OK,,00 0d 22 00 00 11 ff ff,00 0d 22 00 11 00 00 00,00 0d 22 00 11 00 00 00,8,,16900.57
custom-runner,1538,15,14,no,OK,,00 0e 11 00 00 22 ff ff,00 0e 11 00 22 00 00 00,00 0e 11 00 22 00 00 00,8,,16934.75
custom-runner,1539,15,15,no,OK,,00 0f 22 00 00 11 ff ff,00 0f 22 00 11 00 00 00,00 0f 22 00 11 00 00 00,8,,16952.66
custom-runner,1540,15,16,yes,OK,,00 10 11 00 00 22 ff ff,00 10 11 01 22 02 00 00,00 10 11 01 22 02 00 00,8,,16916.99
custom-runner,1541,15,17,yes,OK,,00 11 11 ff ff 22 00 00,00 11 11 02 22 01 00 00,00 11 11 02 22 01 00 00,8,,16914.03
custom-runner,1542,15,18,yes,OK,,00 12 22 ff ff 11 00 00,00 12 22 02 11 01 00 00,00 12 22 02 11 01 00 00,8,,16939.01
custom-runner,1543,15,19,yes,OK,,00 13 11 ff ff 22 00 00,00 13 11 02 22 01 00 00,00 13 11 02 22 01 00 00,8,,16900.54
custom-runner,1544,15,20,yes,OK,,00 14 11 00 00 22 ff ff,00 14 11 01 22 02 00 00,00 14 11 01 22 02 00 00,8,,16922.08
custom-runner,1545,15,21,yes,OK,,00 15 22 00 00 11 ff ff,00 15 22 01 11 02 00 00,00 15 22 01 11 02 00 00,8,,17025.47
custom-runner,1546,15,22,yes,OK,,00 16 22 ff ff 11 00 00,00 16 22 02 11 01 00 00,00 16 22 02 11 01 00 00,8,,16852.96
custom-runner,1547,15,23,yes,OK,,00 17 11 ff ff 22 00 00,00 17 11 02 22 01 00 00,00 17 11 02 22 01 00 00,8,,16978.19
custom-runner,1548,15,24,yes,OK,,00 18 22 ff ff 11 00 00,00 18 22 02 11 01 00 00,00 18 22 02 11 01 00 00,8,,16868.55
custom-runner,1549,15,25,yes,OK,,00 19 22 00 00 11 ff ff,00 19 22 01 11 02 00 00,00 19 22 01 11 02 00 00,8,,16902.52
custom-runner,1550,15,26,yes,OK,,00 1a 22 ff ff 11 00 00,00 1a 22 02 11 01 00 00,00 1a 22 02 11 01 00 00,8,,17013.06
custom-runner,1551,15,27,yes,OK,,00 1b 22 00 00 11 ff ff,00 1b 22 01 11 02 00 00,00 1b 22 01 11 02 00 00,8,,16811.75
custom-runner,1552,15,28,yes,OK,,00 1c 22 ff ff 11 00 00,00 1c 22 02 11 01 00 00,00 1c 22 02 11 01 00 00,8,,16939.83
custom-runner,1553,15,29,yes,OK,,00 1d 22 00 00 11 ff ff,00 1d 22 01 11 02 00 00,00 1d 22 01 11 02 00 00,8,,16967.98
custom-runner,1554,15,30,yes,OK,,00 1e 11 00 00 22 ff ff,00 1e 11 01 22 02 00 00,00 1e 11 01 22 02 00 00,8,,16936.60
custom-runner,1555,15,31,yes,OK,,00 1f 11 ff ff 22 00 00,00 1f 11 02 22 01 00 00,00 1f 11 02 22 01 00 00,8,,16912.49
custom-runner,1556,15,32,yes,OK,,00 20 11 00 00 22 ff ff,00 20 11 01 22 02 00 00,00 20 11 01 22 02 00 00,8,,16900.78
custom-runner,1557,15,33,yes,OK,,00 21 22 00 00 11 ff ff,00 21 22 01 11 02 00 00,00 21 22 01 11 02 00 00,8,,16955.97
custom-runner,1558,15,34,yes,OK,,00 22 22 ff ff 11 00 00,00 22 22 02 11 01 00 00,00 22 22 02 11 01 00 00,8,,16883.67
custom-runner,1559,15,35,yes,OK,,00 23 11 ff ff 22 00 00,00 23 11 02 22 01 00 00,00 23 11 02 22 01 00 00,8,,16918.71
custom-runner,1560,15,36,yes,OK,,00 24 22 ff ff 11 00 00,00 24 22 02 11 01 00 00,00 24 22 02 11 01 00 00,8,,16954.16
custom-runner,1561,15,37,yes,OK,,00 25 11 ff ff 22 00 00,00 25 11 02 22 01 00 00,00 25 11 02 22 01 00 00,8,,16893.38
custom-runner,1562,15,38,yes,OK,,00 26 11 00 00 22 ff ff,00 26 11 01 22 02 00 00,00 26 11 01 22 02 00 00,8,,20250.96
custom-runner,1563,15,39,yes,OK,,00 27 11 ff ff 22 00 00,00 27 11 02 22 01 00 00,00 27 11 02 22 01 00 00,8,,13639.75
custom-runner,1564,15,40,yes,OK,,00 28 22 ff ff 11 00 00,00 28 22 02 11 01 00 00,00 28 22 02 11 01 00 00,8,,16846.19
custom-runner,1565,15,41,yes,OK,,00 29 11 ff ff 22 00 00,00 29 11 02 22 01 00 00,00 29 11 02 22 01 00 00,8,,16955.60
custom-runner,1566,15,42,yes,OK,,00 2a 22 ff ff 11 00 00,00 2a 22 02 11 01 00 00,00 2a 22 02 11 01 00 00,8,,16881.21
custom-runner,1567,15,43,yes,OK,,00 2b 11 ff ff 22 00 00,00 2b 11 02 22 01 00 00,00 2b 11 02 22 01 00 00,8,,16938.27
custom-runner,1568,15,44,yes,OK,,00 2c 11 00 00 22 ff ff,00 2c 11 01 22 02 00 00,00 2c 11 01 22 02 00 00,8,,16884.65
custom-runner,1569,15,45,yes,OK,,00 2d 11 ff ff 22 00 00,00 2d 11 02 22 01 00 00,00 2d 11 02 22 01 00 00,8,,17002.46
custom-runner,1570,15,46,yes,OK,,00 2e 22 ff ff 11 00 00,00 2e 22 02 11 01 00 00,00 2e 22 02 11 01 00 00,8,,16864.72
custom-runner,1571,15,47,yes,OK,,00 2f 11 ff ff 22 00 00,00 2f 11 02 22 01 00 00,00 2f 11 02 22 01 00 00,8,,16959.02
custom-runner,1572,15,48,yes,OK,,00 30 11 00 00 22 ff ff,00 30 11 01 22 02 00 00,00 30 11 01 22 02 00 00,8,,16907.93
custom-runner,1573,15,49,yes,OK,,00 31 22 00 00 11 ff ff,00 31 22 01 11 02 00 00,00 31 22 01 11 02 00 00,8,,16859.70
custom-runner,1574,15,50,yes,OK,,00 32 11 00 00 22 ff ff,00 32 11 01 22 02 00 00,00 32 11 01 22 02 00 00,8,,16932.30
custom-runner,1575,15,51,yes,OK,,00 33 22 00 00 11 ff ff,00 33 22 01 11 02 00 00,00 33 22 01 11 02 00 00,8,,17018.56
custom-runner,1576,15,52,yes,OK,,00 34 11 00 00 22 ff ff,00 34 11 01 22 02 00 00,00 34 11 01 22 02 00 00,8,,16978.49
custom-runner,1577,15,53,yes,OK,,00 35 22 00 00 11 ff ff,00 35 22 01 11 02 00 00,00 35 22 01 11 02 00 00,8,,16995.78
custom-runner,1578,15,54,yes,OK,,00 36 11 00 00 22 ff ff,00 36 11 01 22 02 00 00,00 36 11 01 22 02 00 00,8,,16776.51
custom-runner,1579,15,55,yes,OK,,00 37 11 ff ff 22 00 00,00 37 11 02 22 01 00 00,00 37 11 02 22 01 00 00,8,,16926.06
custom-runner,1580,15,56,yes,OK,,00 38 11 00 00 22 ff ff,00 38 11 01 22 02 00 00,00 38 11 01 22 02 00 00,8,,17106.62
custom-runner,1581,15,57,yes,OK,,00 39 11 ff ff 22 00 00,00 39 11 02 22 01 00 00,00 39 11 02 22 01 00 00,8,,16726.00
custom-runner,1582,15,58,yes,OK,,00 3a 22 ff ff 11 00 00,00 3a 22 02 11 01 00 00,00 3a 22 02 11 01 00 00,8,,17061.62
custom-runner,1583,15,59,yes,OK,,00 3b 11 ff ff 22 00 00,00 3b 11 02 22 01 00 00,00 3b 11 02 22 01 00 00,8,,16926.22
custom-runner,1584,15,60,yes,OK,,00 3c 11 00 00 22 ff ff,00 3c 11 01 22 02 00 00,00 3c 11 01 22 02 00 00,8,,16791.12
custom-runner,1585,15,61,yes,OK,,00 3d 11 ff ff 22 00 00,00 3d 11 02 22 01 00 00,00 3d 11 02 22 01 00 00,8,,17027.14
custom-runner,1586,15,62,yes,OK,,00 3e 22 ff ff 11 00 00,00 3e 22 02 11 01 00 00,00 3e 22 02 11 01 00 00,8,,16813.69
custom-runner,1587,15,63,yes,OK,,00 3f 11 ff ff 22 00 00,00 3f 11 02 22 01 00 00,00 3f 11 02 22 01 00 00,8,,16987.75
custom-runner,1588,15,64,yes,OK,,00 40 22 ff ff 11 00 00,00 40 22 02 11 01 00 00,00 40 22 02 11 01 00 00,8,,16899.41
custom-runner,1589,15,65,yes,OK,,00 41 11 ff ff 22 00 00,00 41 11 02 22 01 00 00,00 41 11 02 22 01 00 00,8,,16902.81
custom-runner,1590,15,66,yes,OK,,00 42 11 00 00 22 ff ff,00 42 11 01 22 02 00 00,00 42 11 01 22 02 00 00,8,,16950.21
custom-runner,1591,15,67,yes,OK,,00 43 22 00 00 11 ff ff,00 43 22 01 11 02 00 00,00 43 22 01 11 02 00 00,8,,17028.01
custom-runner,1592,15,68,yes,OK,,00 44 11 00 00 22 ff ff,00 44 11 01 22 02 00 00,00 44 11 01 22 02 00 00,8,,16846.16
custom-runner,1593,15,69,yes,OK,,00 45 22 00 00 11 ff ff,00 45 22 01 11 02 00 00,00 45 22 01 11 02 00 00,8,,16940.09
custom-runner,1594,15,70,yes,OK,,00 46 11 00 00 22 ff ff,00 46 11 01 22 02 00 00,00 46 11 01 22 02 00 00,8,,16903.46
custom-runner,1595,15,71,yes,OK,,00 47 22 00 00 11 ff ff,00 47 22 01 11 02 00 00,00 47 22 01 11 02 00 00,8,,16912.57
custom-runner,1596,15,72,yes,OK,,00 48 11 00 00 22 ff ff,00 48 11 01 22 02 00 00,00 48 11 01 22 02 00 00,8,,16934.39
custom-runner,1597,15,73,yes,OK,,00 49 11 ff ff 22 00 00,00 49 11 02 22 01 00 00,00 49 11 02 22 01 00 00,8,,16947.56
custom-runner,1598,15,74,yes,OK,,00 4a 11 00 00 22 ff ff,00 4a 11 01 22 02 00 00,00 4a 11 01 22 02 00 00,8,,16912.30
custom-runner,1599,15,75,yes,OK,,00 4b 11 ff ff 22 00 00,00 4b 11 02 22 01 00 00,00 4b 11 02 22 01 00 00,8,,16931.13
custom-runner,1600,15,76,yes,OK,,00 4c 11 00 00 22 ff ff,00 4c 11 01 22 02 00 00,00 4c 11 01 22 02 00 00,8,,16890.24
custom-runner,1601,15,77,yes,OK,,00 4d 11 ff ff 22 00 00,00 4d 11 02 22 01 00 00,00 4d 11 02 22 01 00 00,8,,16930.44
custom-runner,1602,15,78,yes,OK,,00 4e 11 00 00 22 ff ff,00 4e 11 01 22 02 00 00,00 4e 11 01 22 02 00 00,8,,16939.92
custom-runner,1603,15,79,yes,OK,,00 4f 22 00 00 11 ff ff,00 4f 22 01 11 02 00 00,00 4f 22 01 11 02 00 00,8,,16896.89
custom-runner,1604,15,80,yes,OK,,00 50 22 ff ff 11 00 00,00 50 22 02 11 01 00 00,00 50 22 02 11 01 00 00,8,,16983.52
custom-runner,1605,15,81,yes,OK,,00 51 11 ff ff 22 00 00,00 51 11 02 22 01 00 00,00 51 11 02 22 01 00 00,8,,16945.86
custom-runner,1606,15,82,yes,OK,,00 52 11 00 00 22 ff ff,00 52 11 01 22 02 00 00,00 52 11 01 22 02 00 00,8,,16925.27
custom-runner,1607,15,83,yes,OK,,00 53 22 00 00 11 ff ff,00 53 22 01 11 02 00 00,00 53 22 01 11 02 00 00,8,,16842.74
custom-runner,1608,15,84,yes,OK,,00 54 11 00 00 22 ff ff,00 54 11 01 22 02 00 00,00 54 11 01 22 02 00 00,8,,17050.06
custom-runner,1609,15,85,yes,OK,,00 55 11 ff ff 22 00 00,00 55 11 02 22 01 00 00,00 55 11 02 22 01 00 00,8,,16837.47
custom-runner,1610,15,86,yes,OK,,00 56 22 ff ff 11 00 00,00 56 22 02 11 01 00 00,00 56 22 02 11 01 00 00,8,,16913.58
custom-runner,1611,15,87,yes,OK,,00 57 11 ff ff 22 00 00,00 57 11 02 22 01 00 00,00 57 11 02 22 01 00 00,8,,16934.19
custom-runner,1612,15,88,yes,OK,,00 58 11 00 00 22 ff ff,00 58 11 01 22 02 00 00,00 58 11 01 22 02 00 00,8,,17692.59
custom-runner,1613,15,89,yes,OK,,00 59 22 00 00 11 ff ff,00 59 22 01 11 02 00 00,00 59 22 01 11 02 00 00,8,,16107.42
custom-runner,1614,15,90,yes,OK,,00 5a 22 ff ff 11 00 00,00 5a 22 02 11 01 00 00,00 5a 22 02 11 01 00 00,8,,16957.39
custom-runner,1615,15,91,yes,OK,,00 5b 22 00 00 11 ff ff,00 5b 22 01 11 02 00 00,00 5b 22 01 11 02 00 00,8,,16911.91
custom-runner,1616,15,92,yes,OK,,00 5c 22 ff ff 11 00 00,00 5c 22 02 11 01 00 00,00 5c 22 02 11 01 00 00,8,,16894.64
custom-runner,1617,15,93,yes,OK,,00 5d 22 00 00 11 ff ff,00 5d 22 01 11 02 00 00,00 5d 22 01 11 02 00 00,8,,17079.90
custom-runner,1618,15,94,yes,OK,,00 5e 22 ff ff 11 00 00,00 5e 22 02 11 01 00 00,00 5e 22 02 11 01 00 00,8,,16737.58
custom-runner,1619,15,95,yes,OK,,00 5f 11 ff ff 22 00 00,00 5f 11 02 22 01 00 00,00 5f 11 02 22 01 00 00,8,,16892.61
custom-runner,1620,15,96,yes,OK,,00 60 22 ff ff 11 00 00,00 60 22 02 11 01 00 00,00 60 22 02 11 01 00 00,8,,16988.00
custom-runner,1621,15,97,yes,OK,,00 61 22 00 00 11 ff ff,00 61 22 01 11 02 00 00,00 61 22 01 11 02 00 00,8,,16885.49
custom-runner,1622,15,98,yes,OK,,00 62 22 ff ff 11 00 00,00 62 22 02 11 01 00 00,00 62 22 02 11 01 00 00,8,,16965.03
custom-runner,1623,15,99,yes,OK,,00 63 11 ff ff 22 00 00,00 63 11 02 22 01 00 00,00 63 11 02 22 01 00 00,8,,16849.97
custom-runner,1624,15,100,yes,OK,,00 64 11 00 00 22 ff ff,00 64 11 01 22 02 00 00,00 64 11 01 22 02 00 00,8,,16993.22
custom-runner,1625,15,101,yes,OK,,00 65 11 ff ff 22 00 00,00 65 11 02 22 01 00 00,00 65 11 02 22 01 00 00,8,,16912.92
custom-runner,1626,15,102,yes,OK,,00 66 22 ff ff 11 00 00,00 66 22 02 11 01 00 00,00 66 22 02 11 01 00 00,8,,16887.29
custom-runner,1627,15,103,yes,OK,,00 67 22 00 00 11 ff ff,00 67 22 01 11 02 00 00,00 67 22 01 11 02 00 00,8,,16817.52
custom-runner,1628,15,104,yes,OK,,00 68 11 00 00 22 ff ff,00 68 11 01 22 02 00 00,00 68 11 01 22 02 00 00,8,,16919.54
custom-runner,1629,15,105,yes,OK,,00 69 22 00 00 11 ff ff,00 69 22 01 11 02 00 00,00 69 22 01 11 02 00 00,8,,17078.03
custom-runner,1630,15,106,yes,OK,,00 6a 22 ff ff 11 00 00,00 6a 22 02 11 01 00 00,00 6a 22 02 11 01 00 00,8,,16913.34
custom-runner,1631,15,107,yes,OK,,00 6b 11 ff ff 22 00 00,00 6b 11 02 22 01 00 00,00 6b 11 02 22 01 00 00,8,,16893.53
custom-runner,1632,15,108,yes,OK,,00 6c 11 00 00 22 ff ff,00 6c 11 01 22 02 00 00,00 6c 11 01 22 02 00 00,8,,16843.91
custom-runner,1633,15,109,yes,OK,,00 6d 11 ff ff 22 00 00,00 6d 11 02 22 01 00 00,00 6d 11 02 22 01 00 00,8,,16960.17
custom-runner,1634,15,110,yes,OK,,00 6e 22 ff ff 11 00 00,00 6e 22 02 11 01 00 00,00 6e 22 02 11 01 00 00,8,,16932.04
custom-runner,1635,15,111,yes,OK,,00 6f 11 ff ff 22 00 00,00 6f 11 02 22 01 00 00,00 6f 11 02 22 01 00 00,8,,16931.53
custom-runner,1636,15,112,yes,OK,,00 70 22 ff ff 11 00 00,00 70 22 02 11 01 00 00,00 70 22 02 11 01 00 00,8,,17039.53
custom-runner,1637,15,113,yes,OK,,00 71 22 00 00 11 ff ff,00 71 22 01 11 02 00 00,00 71 22 01 11 02 00 00,8,,16854.70
custom-runner,1638,15,114,yes,OK,,00 72 22 ff ff 11 00 00,00 72 22 02 11 01 00 00,00 72 22 02 11 01 00 00,8,,16963.06
custom-runner,1639,15,115,yes,OK,,00 73 22 00 00 11 ff ff,00 73 22 01 11 02 00 00,00 73 22 01 11 02 00 00,8,,16960.47
custom-runner,1640,15,116,yes,OK,,00 74 22 ff ff 11 00 00,00 74 22 02 11 01 00 00,00 74 22 02 11 01 00 00,8,,16763.37
custom-runner,1641,15,117,yes,OK,,00 75 22 00 00 11 ff ff,00 75 22 01 11 02 00 00,00 75 22 01 11 02 00 00,8,,17106.36
custom-runner,1642,15,118,yes,OK,,00 76 22 ff ff 11 00 00,00 76 22 02 11 01 00 00,00 76 22 02 11 01 00 00,8,,16764.63
custom-runner,1643,15,119,yes,OK,,00 77 22 00 00 11 ff ff,00 77 22 01 11 02 00 00,00 77 22 01 11 02 00 00,8,,16926.24
custom-runner,1644,15,120,yes,OK,,00 78 22 ff ff 11 00 00,00 78 22 02 11 01 00 00,00 78 22 02 11 01 00 00,8,,17006.73
custom-runner,1645,15,121,yes,OK,,00 79 11 ff ff 22 00 00,00 79 11 02 22 01 00 00,00 79 11 02 22 01 00 00,8,,16860.73
custom-runner,1646,15,122,yes,OK,,00 7a 22 ff ff 11 00 00,00 7a 22 02 11 01 00 00,00 7a 22 02 11 01 00 00,8,,16963.72
custom-runner,1647,15,123,yes,OK,,00 7b 22 00 00 11 ff ff,00 7b 22 01 11 02 00 00,00 7b 22 01 11 02 00 00,8,,16864.43
custom-runner,1648,15,124,yes,OK,,00 7c 22 ff ff 11 00 00,00 7c 22 02 11 01 00 00,00 7c 22 02 11 01 00 00,8,,16915.49
custom-runner,1649,15,125,yes,OK,,00 7d 11 ff ff 22 00 00,00 7d 11 02 22 01 00 00,00 7d 11 02 22 01 00 00,8,,17057.19
custom-runner,1650,15,126,yes,OK,,00 7e 11 00 00 22 ff ff,00 7e 11 01 22 02 00 00,00 7e 11 01 22 02 00 00,8,,16899.73
custom-runner,1651,15,127,yes,OK,,00 7f 11 ff ff 22 00 00,00 7f 11 02 22 01 00 00,00 7f 11 02 22 01 00 00,8,,16869.82
custom-runner,1652,15,128,yes,OK,,00 80 22 ff ff 11 00 00,00 80 22 02 11 01 00 00,00 80 22 02 11 01 00 00,8,,16955.01
custom-runner,1653,15,129,yes,OK,,00 81 22 00 00 11 ff ff,00 81 22 01 11 02 00 00,00 81 22 01 11 02 00 00,8,,16837.18
custom-runner,1654,16,0,no,OK,,00 00 11 00 64 22 00 64,00 00 11 00 22 00 00 00,00 00 11 00 22 00 00 00,8,,16871.42
custom-runner,1655,16,1,no,OK,,00 01 11 00 64 22 00 64,00 01 11 00 22 00 00 00,00 01 11 00 22 00 00 00,8,,16921.22
custom-runner,1656,16,2,no,OK,,00 02 11 00 64 22 00 64,00 02 11 00 22 00 00 00,00 02 11 00 22 00 00 00,8,,16956.23
custom-runner,1657,16,3,no,OK,,00 03 11 00 64 22 00 64,00 03 11 00 22 00 00 00,00 03 11 00 22 00 00 00,8,,16909.08
custom-runner,1658,16,4,no,OK,,00 04 11 00 64 22 00 64,00 04 11 00 22 00 00 00,00 04 11 00 22 00 00 00,8,,17028.08
custom-runner,1659,16,5,no,OK,,00 05 11 00 64 22 00 64,00 05 11 00 22 00 00 00,00 05 11 00 22 00 00 00,8,,16840.91
custom-runner,1660,16,6,no,OK,,00 06 11 00 64 22 00 64,00 06 11 00 22 00 00 00,00 06 11 00 22 00 00 00,8,,16982.19
custom-runner,1661,16,7,no,OK,,00 07 11 00 64 22 00 64,00 07 11 00 22 00 00 00,00 07 11 00 22 00 00 00,8,,16948.53
custom-runner,1662,16,8,no,OK,,00 08 11 00 64 22 00 64,00 08 11 00 22 00 00 00,00 08 11 00 22 00 00 00,8,,16871.18
custom-runner,1663,16,9,no,OK,,00 09 22 00 64 11 00 64,00 09 22 00 11 00 00 00,00 09 22 00 11 00 00 00,8,,16986.85
custom-runner,1664,16,10,no,OK,,00 0a 22 00 64 11 00 64,00 0a 22 00 11 00 00 00,00 0a 22 00 11 00 00 00,8,,16978.39
custom-runner,1665,16,11,no,OK,,00 0b 11 00 64 22 00 64,00 0b 11 00 22 00 00 00,00 0b 11 00 22 00 00 00,8,,16783.65
custom-runner,1666,16,12,no,OK,,00 0c 11 00 64 22 00 64,00 0c 11 00 22 00 00 00,00 0c 11 00 22 00 00 00,8,,16985.11
custom-runner,1667,16,13,no,OK,,00 0d 22 00 64 11 00 64,00 0d 22 00 11 00 00 00,00 0d 22 00 11 00 00 00,8,,16850.25
custom-runner,1668,16,14,no,OK,,00 0e 22 00 64 11 00 64,00 0e 22 00 11 00 00 00,00 0e 22 00 11 00 00 00,8,,16962.76
custom-runner,1669,16,15,no,OK,,00 0f 22 00 55 11 00 73,00 0f 22 00 11 00 00 00,00 0f 22 00 11 00 00 00,8,,16978.69
custom-runner,1670,16,16,yes,OK,,00 10 11 00 65 22 00 63,00 10 11 00 22 00 00 00,00 10 11 00 22 00 00 00,8,,16893.04
custom-runner,1671,16,17,yes,OK,,00 11 22 00 64 11 00 64,00 11 22 02 11 01 00 00,00 11 22 02 11 01 00 00,8,,16866.13
custom-runner,1672,16,18,yes,OK,,00 12 11 00 65 22 00 63,00 12 11 01 22 02 00 00,00 12 11 01 22 02 00 00,8,,16973.24
custom-runner,1673,16,19,yes,OK,,00 13 22 00 64 11 00 64,00 13 22 02 11 01 00 00,00 13 22 02 11 01 00 00,8,,16844.80
custom-runner,1674,16,20,yes,OK,,00 14 11 00 65 22 00 63,00 14 11 01 22 02 00 00,00 14 11 01 22 02 00 00,8,,16908.75
custom-runner,1675,16,21,yes,OK,,00 15 22 00 64 11 00 64,00 15 22 02 11 01 00 00,00 15 22 02 11 01 00 00,8,,17036.43
custom-runner,1676,16,22,yes,OK,,00 16 22 00 63 11 00 65,00 16 22 02 11 01 00 00,00 16 22 02 11 01 00 00,8,,16833.21
custom-runner,1677,16,23,yes,OK,,00 17 11 00 64 22 00 64,00 17 11 01 22 02 00 00,00 17 11 01 22 02 00 00,8,,17097.50
custom-runner,1678,16,24,yes,OK,,00 18 22 00 63 11 00 65,00 18 22 02 11 01 00 00,00 18 22 02 11 01 00 00,8,,16764.36
custom-runner,1679,16,25,yes,OK,,00 19 11 00 64 22 00 64,00 19 11 01 22 02 00 00,00 19 11 01 22 02 00 00,8,,16993.01
custom-runner,1680,16,26,yes,OK,,00 1a 11 00 65 22 00 63,00 1a 11 01 22 02 00 00,00 1a 11 01 22 02 00 00,8,,16890.07
custom-runner,1681,16,27,yes,OK,,00 1b 22 00 64 11 00 64,00 1b 22 02 11 01 00 00,00 1b 22 02 11 01 00 00,8,,16919.13
custom-runner,1682,16,28,yes,OK,,00 1c 11 00 65 22 00 63,00 1c 11 01 22 02 00 00,00 1c 11 01 22 02 00 00,8,,16884.54
custom-runner,1683,16,29,yes,OK,,00 1d 22 00 64 11 00 64,00 1d 22 02 11 01 00 00,00 1d 22 02 11 01 00 00,8,,16922.05
custom-runner,1684,16,30,yes,OK,,00 1e 11 00 65 22 00 63,00 1e 11 01 22 02 00 00,00 1e 11 01 22 02 00 00,8,,16940.22
custom-runner,1685,16,31,yes,OK,,00 1f 22 00 64 11 00 64,00 1f 22 02 11 01 00 00,00 1f 22 02 11 01 00 00,8,,16877.65
custom-runner,1686,16,32,yes,OK,,00 20 11 00 65 22 00 63,00 20 11 02 22 02 00 00,00 20 11 02 22 02 00 00,8,,16913.51
custom-runner,1687,16,33,yes,OK,,00 21 22 00 64 11 00 64,00 21 22 02 11 02 00 00,00 21 22 02 11 02 00 00,8,,16941.45
custom-runner,1688,16,34,yes,OK,,00 22 22 00 63 11 00 65,00 22 22 02 11 02 00 00,00 22 22 02 11 02 00 00,8,,16921.60
custom-runner,1689,16,35,yes,OK,,00 23 22 00 64 11 00 64,00 23 22 02 11 02 00 00,00 23 22 02 11 02 00 00,8,,17014.75
custom-runner,1690,16,36,yes,OK,,00 24 11 00 65 22 00 63,00 24 11 02 22 02 00 00,00 24 11 02 22 02 00 00,8,,16848.72
custom-runner,1691,16,37,yes,OK,,00 25 11 00 64 22 00 64,00 25 11 02 22 02 00 00,00 25 11 02 22 02 00 00,8,,16960.80
custom-runner,1692,16,38,yes,OK,,00 26 11 00 65 22 00 63,00 26 11 02 22 02 00 00,00 26 11 02 22 02 00 00,8,,16950.31
custom-runner,1693,16,39,yes,OK,,00 27 22 00 64 11 00 64,00 27 22 02 11 02 00 00,00 27 22 02 11 02 00 00,8,,16803.27
custom-runner,1694,16,40,yes,OK,,00 28 11 00 65 22 00 63,00 28 11 02 22 02 00 00,00 28 11 02 22 02 00 00,8,,16947.80
custom-runner,1695,16,41,yes,OK,,00 29 11 00 64 22 00 64,00 29 11 02 22 02 00 00,00 29 11 02 22 02 00 00,8,,16923.67
custom-runner,1696,16,42,yes,OK,,00 2a 22 00 63 11 00 65,00 2a 22 02 11 02 00 00,00 2a 22 02 11 02 00 00,8,,16868.18
custom-runner,1697,16,43,yes,OK,,00 2b 22 00 64 11 00 64,00 2b 22 02 11 02 00 00,00 2b 22 02 11 02 00 00,8,,17026.43
custom-runner,1698,16,44,yes,OK,,00 2c 22 00 63 11 00 65,00 2c 22 02 11 02 00 00,00 2c 22 02 11 02 00 00,8,,16916.38
custom-runner,1699,16,45,yes,OK,,00 2d 22 00 64 11 00 64,00 2d 22 02 11 02 00 00,00 2d 22 02 11 02 00 00,8,,16826.40
custom-runner,1700,16,46,yes,OK,,00 2e 11 00 65 22 00 63,00 2e 11 02 22 02 00 00,00 2e 11 02 22 02 00 00,8,,16987.19
custom-runner,1701,16,47,yes,OK,,00 2f 22 00 64 11 00 64,00 2f 22 02 11 02 00 00,00 2f 22 02 11 02 00 00,8,,16874.04
custom-runner,1702,16,48,yes,OK,,00 30 22 00 63 11 00 65,00 30 22 02 11 02 00 00,00 30 22 02 11 02 00 00,8,,16863.04
custom-runner,1703,16,49,yes,OK,,00 31 11 00 64 22 00 64,00 31 11 02 22 02 00 00,00 31 11 02 22 02 00 00,8,,16877.35
custom-runner,1704,16,50,yes,OK,,00 32 11 00 65 22 00 63,00 32 11 02 22 02 00 00,00 32 11 02 22 02 00 00,8,,16911.83
custom-runner,1705,16,51,yes,OK,,00 33 22 00 64 11 00 64,00 33 22 02 11 02 00 00,00 33 22 02 11 02 00 00,8,,16917.33
custom-runner,1706,16,52,yes,OK,,00 34 22 00 63 11 00 65,00 34 22 02 11 02 00 00,00 34 22 02 11 02 00 00,8,,16923.31
custom-runner,1707,16,53,yes,OK,,00 35 22 00 64 11 00 64,00 35 22 02 11 02 00 00,00 35 22 02 11 02 00 00,8,,16932.95
custom-runner,1708,16,54,yes,OK,,00 36 22 00 63 11 00 65,00 36 22 02 11 02 00 00,00 36 22 02 11 02 00 00,8,,16908.00
custom-runner,1709,16,55,yes,OK,,00 37 11 00 64 22 00 64,00 37 11 02 22 02 00 00,00 37 11 02 22 02 00 00,8,,17046.97
custom-runner,1710,16,56,yes,OK,,00 38 11 00 65 22 00 63,00 38 11 02 22 02 00 00,00 38 11 02 22 02 00 00,8,,16848.30
custom-runner,1711,16,57,yes,OK,,00 39 11 00 64 22 00 64,00 39 11 02 22 02 00 00,00 39 11 02 22 02 00 00,8,,16938.45
custom-runner,1712,16,58,yes,OK,,00 3a 22 00 63 11 00 65,00 3a 22 02 11 02 00 00,00 3a 22 02 11 02 00 00,8,,16882.53
custom-runner,1713,16,59,yes,OK,,00 3b 11 00 64 22 00 64,00 3b 11 02 22 02 00 00,00 3b 11 02 22 02 00 00,8,,16942.30
custom-runner,1714,16,60,yes,OK,,00 3c 11 00 65 22 00 63,00 3c 11 02 22 02 00 00,00 3c 11 02 22 02 00 00,8,,16894.40
custom-runner,1715,16,61,yes,OK,,00 3d 22 00 64 11 00 64,00 3d 22 02 11 02 00 00,00 3d 22 02 11 02 00 00,8,,16798.81
custom-runner,1716,16,62,yes,OK,,00 3e 11 00 65 22 00 63,00 3e 11 02 22 02 00 00,00 3e 11 02 22 02 00 00,8,,16968.35
custom-runner,1717,16,63,yes,OK,,00 3f 11 00 64 22 00 64,00 3f 11 02 22 02 00 00,00 3f 11 02 22 02 00 00,8,,16939.72
custom-runner,1718,16,64,yes,OK,,00 40 22 00 63 11 00 65,00 40 22 02 11 02 00 00,00 40 22 02 11 02 00 00,8,,16870.05
custom-runner,1719,16,65,yes,OK,,00 41 22 00 64 11 00 64,00 41 22 02 11 02 00 00,00 41 22 02 11 02 00 00,8,,16933.99
custom-runner,1720,16,66,yes,OK,,00 42 22 00 63 11 00 65,00 42 22 02 11 02 00 00,00 42 22 02 11 02 00 00,8,,17008.54
custom-runner,1721,16,67,yes,OK,,00 43 22 00 64 11 00 64,00 43 22 02 11 02 00 00,00 43 22 02 11 02 00 00,8,,16892.62
custom-runner,1722,16,68,yes,OK,,00 44 11 00 65 22 00 63,00 44 11 02 22 02 00 00,00 44 11 02 22 02 00 00,8,,16950.72
custom-runner,1723,16,69,yes,OK,,00 45 11 00 64 22 00 64,00 45 11 02 22 02 00 00,00 45 11 02 22 02 00 00,8,,16833.33
custom-runner,1724,16,70,yes,OK,,00 46 11 00 65 22 00 63,00 46 11 02 22 02 00 00,00 46 11 02 22 02 00 00,8,,16938.24
custom-runner,1725,16,71,yes,OK,,00 47 22 00 64 11 00 64,00 47 22 02 11 02 00 00,00 47 22 02 11 02 00 00,8,,16957.01
custom-runner,1726,16,72,yes,OK,,00 48 22 00 63 11 00 65,00 48 22 02 11 02 00 00,00 48 22 02 11 02 00 00,8,,16836.12
custom-runner,1727,16,73,yes,OK,,00 49 22 00 64 11 00 64,00 49 22 02 11 02 00 00,00 49 22 02 11 02 00 00,8,,16895.39
custom-runner,1728,16,74,yes,OK,,00 4a 11 00 65 22 00 63,00 4a 11 02 22 02 00 00,00 4a 11 02 22 02 00 00,8,,16956.64
custom-runner,1729,16,75,yes,OK,,00 4b 11 00 64 22 00 64,00 4b 11 02 22 02 00 00,00 4b 11 02 22 02 00 00,8,,16963.15
custom-runner,1730,16,76,yes,OK,,00 4c 22 00 63 11 00 65,00 4c 22 02 11 02 00 00,00 4c 22 02 11 02 00 00,8,,16901.67
custom-runner,1731,16,77,yes,OK,,00 4d 11 00 64 22 00 64,00 4d 11 02 22 02 00 00,00 4d 11 02 22 02 00 00,8,,16850.65
custom-runner,1732,16,78,yes,OK,,00 4e 22 00 63 11 00 65,00 4e 22 02 11 02 00 00,00 4e 22 02 11 02 00 00,8,,17002.89
custom-runner,1733,16,79,yes,OK,,00 4f 11 00 64 22 00 64,00 4f 11 02 22 02 00 00,00 4f 11 02 22 02 00 00,8,,16812.15
custom-runner,1734,16,80,yes,OK,,00 50 22 00 63 11 00 65,00 50 22 02 11 02 00 00,00 50 22 02 11 02 00 00,8,,16945.10
custom-runner,1735,16,81,yes,OK,,00 51 22 00 64 11 00 64,00 51 22 02 11 02 00 00,00 51 22 02 11 02 00 00,8,,16930.20
custom-runner,1736,16,82,yes,OK,,00 52 11 00 65 22 00 63,00 52 11 02 22 02 00 00,00 52 11 02 22 02 00 00,8,,16862.19
custom-runner,1737,16,83,yes,OK,,00 53 11 00 64 22 00 64,00 53 11 02 22 02 00 00,00 53 11 02 22 02 00 00,8,,16932.21
custom-runner,1738,16,84,yes,OK,,00 54 22 00 63 11 00 65,00 54 22 02 11 02 00 00,00 54 22 02 11 02 00 00,8,,16987.70
custom-runner,1739,16,85,yes,OK,,00 55 11 00 64 22 00 64,00 55 11 02 22 02 00 00,00 55 11 02 22 02 00 00,8,,16833.21
custom-runner,1740,16,86,yes,OK,,00 56 22 00 63 11 00 65,00 56 22 02 11 02 00 00,00 56 22 02 11 02 00 00,8,,16935.41
custom-runner,1741,16,87,yes,OK,,00 57 11 00 64 22 00 64,00 57 11 02 22 02 00 00,00 57 11 02 22 02 00 00,8,,16893.53
custom-runner,1742,16,88,yes,OK,,00 58 22 00 63 11 00 65,00 58 22 02 11 02 00 00,00 58 22 02 11 02 00 00,8,,16892.86
custom-runner,1743,16,89,yes,OK,,00 59 22 00 64 11 00 64,00 59 22 02 11 02 00 00,00 59 22 02 11 02 00 00,8,,17014.11
custom-runner,1744,16,90,yes,OK,,00 5a 11 00 65 22 00 63,00 5a 11 02 22 02 00 00,00 5a 11 02 22 02 00 00,8,,16931.21
custom-runner,1745,16,91,yes,OK,,00 5b 22 00 64 11 00 64,00 5b 22 02 11 02 00 00,00 5b 22 02 11 02 00 00,8,,16882.77
custom-runner,1746,16,92,yes,OK,,00 5c 11 00 65 22 00 63,00 5c 11 02 22 02 00 00,00 5c 11 02 22 02 00 00,8,,16894.35
custom-runner,1747,16,93,yes,OK,,00 5d 11 00 64 22 00 64,00 5d 11 02 22 02 00 00,00 5d 11 02 22 02 00 00,8,,16877.31
custom-runner,1748,16,94,yes,OK,,00 5e 11 00 65 22 00 63,00 5e 11 02 22 02 00 00,00 5e 11 02 22 02 00 00,8,,16925.22
custom-runner,1749,16,95,yes,OK,,00 5f 11 00 64 22 00 64,00 5f 11 02 22 02 00 00,00 5f 11 02 22 02 00 00,8,,16921.62
custom-runner,1750,17,0,no,OK,,00 00 11 25 52 22 ac 06,00 00 11 00 22 00 00 00,00 00 11 00 22 00 00 00,8,,16881.84
custom-runner,1751,18,0,no,OK,,00 00 11 74 e2 22 23 4f,00 00 11 00 22 00 00 00,00 00 11 00 22 00 00 00,8,,16939.47
custom-runner,1752,18,1,no,OK,,00 01 11 98 7e 22 83 53,00 01 11 00 22 00 00 00,00 01 11 00 22 00 00 00,8,,16885.00
custom-runner,1753,18,2,no,OK,,00 02 11 df 27 22 34 a2,00 02 11 00 22 00 00 00,00 02 11 00 22 00 00 00,8,,16949.77
custom-runner,1754,18,3,no,OK,,00 03 22 15 49 11 a4 17,00 03 22 00 11 00 00 00,00 03 22 00 11 00 00 00,8,,16993.44
custom-runner,1755,18,4,no,OK,,00 04 22 03 2a 11 bb f4,00 04 22 00 11 00 00 00,00 04 22 00 11 00 00 00,8,,18269.87
custom-runner,1756,18,5,no,OK,,00 05 11 36 04 22 7e 2b,00 05 11 00 22 00 00 00,00 05 11 00 22 00 00 00,8,,15437.73
custom-runner,1757,18,6,no,OK,,00 06 22 5b ca 11 7f 55,00 06 22 00 11 00 00 00,00 06 22 00 11 00 00 00,8,,16959.03
custom-runner,1758,19,0,no,OK,,00 00 22 8f c2 11 0a 2b,00 00 22 00 11 00 00 00,00 00 22 00 11 00 00 00,8,,16918.03
custom-runner,1759,19,1,no,OK,,00 01 11 06 78 22 cb 45,00 01 11 00 22 00 00 00,00 01 11 00 22 00 00 00,8,,16919.60
custom-runner,1760,19,2,no,OK,,00 02 11 52 a8 22 98 c7,00 02 11 00 22 00 00 00,00 02 11 00 22 00 00 00,8,,16942.73
custom-runner,1761,19,3,no,OK,,00 03 22 c9 65 11 a0 67,00 03 22 00 11 00 00 00,00 03 22 00 11 00 00 00,8,,17010.07
custom-runner,1762,19,4,no,OK,,00 04 22 a6 ff 11 f0 eb,00 04 22 00 11 00 00 00,00 04 22 00 11 00 00 00,8,,16857.89
custom-runner,1763,19,5,no,OK,,00 05 22 06 ef 11 e3 a6,00 05 22 00 11 00 00 00,00 05 22 00 11 00 00 00,8,,16874.93
custom-runner,1764,19,6,no,OK,,00 06 11 23 c6 22 96 bc,00 06 11 00 22 00 00 00,00 06 11 00 22 00 00 00,8,,16922.72
custom-runner,1765,19,7,no,OK,,00 07 22 7d f4 11 ad 2c,00 07 22 00 11 00 00 00,00 07 22 00 11 00 00 00,8,,16928.01
custom-runner,1766,19,8,no,OK,,00 08 22 c5 59 11 2a 13,00 08 22 00 11 00 00 00,00 08 22 00 11 00 00 00,8,,16847.91
custom-runner,1767,19,9,no,OK,,00 09 11 21 46 22 33 f6,00 09 11 00 22 00 00 00,00 09 11 00 22 00 00 00,8,,16943.33
custom-runner,1768,19,10,no,OK,,00 0a 11 0c 5e 22 35 8c,00 0a 11 00 22 00 00 00,00 0a 11 00 22 00 00 00,8,,16959.72
custom-runner,1769,19,11,no,OK,,00 0b 11 4d 7c 22 dc 6c,00 0b 11 00 22 00 00 00,00 0b 11 00 22 00 00 00,8,,16956.89
custom-runner,1770,19,12,no,OK,,00 0c 11 3f 00 22 7f 6f,00 0c 11 00 22 00 00 00,00 0c 11 00 22 00 00 00,8,,16901.31
custom-runner,1771,19,13,no,OK,,00 0d 22 92 63 11 d6 65,00 0d 22 00 11 00 00 00,00 0d 22 00 11 00 00 00,8,,16898.03
custom-runner,1772,19,14,no,OK,,00 0e 22 28 30 11 b3 50,00 0e 22 00 11 00 00 00,00 0e 22 00 11 00 00 00,8,,16912.44
custom-runner,1773,20,0,no,OK,,00 00 22 ec cf 11 6b d3,00 00 22 00 11 00 00 00,00 00 22 00 11 00 00 00,8,,16981.76
custom-runner,1774,20,1,no,OK,,00 01 22 95 c2 11 b9 3b,00 01 22 00 11 00 00 00,00 01 22 00 11 00 00 00,8,,16885.97
custom-runner,1775,20,2,no,OK,,00 02 11 dc b8 22 3c 1a,00 02 11 00 22 00 00 00,00 02 11 00 22 00 00 00,8,,16905.30
custom-runner,1776,20,3,no,OK,,00 03 22 0f c1 11 af 6d,00 03 22 00 11 00 00 00,00 03 22 00 11 00 00 00,8,,16929.39
custom-runner,1777,20,4,no,OK,,00 04 22 99 91 11 a4 d0,00 04 22 00 11 00 00 00,00 04 22 00 11 00 00 00,8,,16929.41
custom-runner,1778,20,5,no,OK,,00 05 22 56 b7 11 f8 c7,00 05 22 00 11 00 00 00,00 05 22 00 11 00 00 00,8,,16925.54
custom-runner,1779,20,6,no,OK,,00 06 22 ad 55 11 18 5e,00 06 22 00 11 00 00 00,00 06 22 00 11 00 00 00,8,,16944.49
custom-runner,1780,20,7,no,OK,,00 07 11 84 54 22 20 19,00 07 11 00 22 00 00 00,00 07 11 00 22 00 00 00,8,,16901.63
custom-runner,1781,20,8,no,OK,,00 08 22 73 a7 11 58 6b,00 08 22 00 11 00 00 00,00 08 22 00 11 00 00 00,8,,16905.35
custom-runner,1782,20,9,no,OK,,00 09 22 0d e1 11 17 7d,00 09 22 00 11 00 00 00,00 09 22 00 11 00 00 00,8,,16965.78
custom-runner,1783,20,10,no,OK,,00 0a 22 ed e8 11 18 9f,00 0a 22 00 11 00 00 00,00 0a 22 00 11 00 00 00,8,,16926.37
custom-runner,1784,20,11,no,OK,,00 0b 22 ef 56 11 df 8b,00 0b 22 00 11 00 00 00,00 0b 22 00 11 00 00 00,8,,16959.42
custom-runner,1785,20,12,no,OK,,00 0c 22 9f a7 11 6a 62,00 0c 22 00 11 00 00 00,00 0c 22 00 11 00 00 00,8,,16844.97
custom-runner,1786,20,13,no,OK,,00 0d 11 3d 16 22 57 a2,00 0d 11 00 22 00 00 00,00 0d 11 00 22 00 00 00,8,,16926.06
custom-runner,1787,20,14,no,OK,,00 0e 11 ca f4 22 6c 64,00 0e 11 00 22 00 00 00,00 0e 11 00 22 00 00 00,8,,16877.91
custom-runner,1788,20,15,no,OK,,00 0f 11 f9 f6 22 af f0,00 0f 11 00 22 00 00 00,00 0f 11 00 22 00 00 00,8,,16969.97
custom-runner,1789,21,0,no,OK,,00 00 11 24 a0 22 f7 46,00 00 11 00 22 00 00 00,00 00 11 00 22 00 00 00,8,,16909.87
custom-runner,1790,21,1,no,OK,,00 01 11 81 04 22 a4 97,00 01 11 00 22 00 00 00,00 01 11 00 22 00 00 00,8,,16948.42
custom-runner,1791,21,2,no,OK,,00 02 22 ae f7 11 6e dc,00 02 22 00 11 00 00 00,00 02 22 00 11 00 00 00,8,,16958.62
custom-runner,1792,21,3,no,OK,,00 03 11 8a 7e 22 84 cc,00 03 11 00 22 00 00 00,00 03 11 00 22 00 00 00,8,,16847.31
custom-runner,1793,21,4,no,OK,,00 04 22 89 6e 11 5d 76,00 04 22 00 11 00 00 00,00 04 22 00 11 00 00 00,8,,16970.98
custom-runner,1794,21,5,no,OK,,00 05 22 09 5a 11 62 db,00 05 22 00 11 00 00 00,00 05 22 00 11 00 00 00,8,,16900.36
custom-runner,1795,21,6,no,OK,,00 06 11 0d d4 22 22 bf,00 06 11 00 22 00 00 00,00 06 11 00 22 00 00 00,8,,16923.61
custom-runner,1796,21,7,no,OK,,00 07 11 fc 9b 22 be 07,00 07 11 00 22 00 00 00,00 07 11 00 22 00 00 00,8,,16912.17
custom-runner,1797,21,8,no,OK,,00 08 22 56 f1 11 09 89,00 08 22 00 11 00 00 00,00 08 22 00 11 00 00 00,8,,16919.17
custom-runner,1798,21,9,no,OK,,00 09 11 67 40 22 9f ca,00 09 11 00 22 00 00 00,00 09 11 00 22 00 00 00,8,,16886.21
custom-runner,1799,21,10,no,OK,,00 0a 22 50 0d 11 58 48,00 0a 22 00 11 00 00 00,00 0a 22 00 11 00 00 00,8,,17000.46
custom-runner,1800,21,11,no,OK,,00 0b 22 9d f3 11 2b b6,00 0b 22 00 11 00 00 00,00 0b 22 00 11 00 00 00,8,,16862.72
custom-runner,1801,21,12,no,OK,,00 0c 22 cb 88 11 14 53,00 0c 22 00 11 00 00 00,00 0c 22 00 11 00 00 00,8,,16886.05
custom-runner,1802,21,13,no,OK,,00 0d 22 b5 35 11 17 80,00 0d 22 00 11 00 00 00,00 0d 22 00 11 00 00 00,8,,16930.38
custom-runner,1803,21,14,no,OK,,00 0e 11 52 00 22 99 f2,00 0e 11 00 22 00 00 00,00 0e 11 00 22 00 00 00,8,,16946.05
custom-runner,1804,21,15,no,OK,,00 0f 22 46 20 11 de ef,00 0f 22 00 11 00 00 00,00 0f 22 00 11 00 00 00,8,,16903.55
custom-runner,1805,21,16,yes,OK,,00 10 22 f5 ab 11 00 7a,00 10 22 02 11 01 00 00,00 10 22 02 11 01 00 00,8,,16967.76
custom-runner,1806,22,0,no,OK,,00 00 11 2b 6f 22 1b db,00 00 11 00 22 00 00 00,00 00 11 00 22 00 00 00,8,,16959.11
custom-runner,1807,22,1,no,OK,,00 01 22 9f 24 11 f2 e4,00 01 22 00 11 00 00 00,00 01 22 00 11 00 00 00,8,,16919.62
custom-runner,1808,22,2,no,OK,,00 02 11 38 6b 22 96 a4,00 02 11 00 22 00 00 00,00 02 11 00 22 00 00 00,8,,16926.43
custom-runner,1809,22,3,no,OK,,00 03 22 ff 40 11 2c f8,00 03 22 00 11 00 00 00,00 03 22 00 11 00 00 00,8,,16912.63
custom-runner,1810,22,4,no,OK,,00 04 11 e2 49 22 dc 08,00 04 11 00 22 00 00 00,00 04 11 00 22 00 00 00,8,,16964.46
custom-runner,1811,22,5,no,OK,,00 05 22 82 31 11 bf 60,00 05 22 00 11 00 00 00,00 05 22 00 11 00 00 00,8,,16882.39
custom-runner,1812,22,6,no,OK,,00 06 22 8c 25 11 14 93,00 06 22 00 11 00 00 00,00 06 22 00 11 00 00 00,8,,16941.63
custom-runner,1813,22,7,no,OK,,00 07 11 f8 5f 22 4c ab,00 07 11 00 22 00 00 00,00 07 11 00 22 00 00 00,8,,16899.38
custom-runner,1814,22,8,no,OK,,00 08 22 bc ae 11 f0 dd,00 08 22 00 11 00 00 00,00 08 22 00 11 00 00 00,8,,16919.79
custom-runner,1815,22,9,no,OK,,00 09 22 88 25 11 ae a2,00 09 22 00 11 00 00 00,00 09 22 00 11 00 00 00,8,,16922.36
custom-runner,1816,22,10,no,OK,,00 0a 11 b2 9b 22 b6 20,00 0a 11 00 22 00 00 00,00 0a 11 00 22 00 00 00,8,,16879.11
custom-runner,1817,22,11,no,OK,,00 0b 22 d1 f2 11 34 f3,00 0b 22 00 11 00 00 00,00 0b 22 00 11 00 00 00,8,,16921.65
custom-runner,1818,22,12,no,OK,,00 0c 22 ce dc 11 e7 72,00 0c 22 00 11 00 00 00,00 0c 22 00 11 00 00 00,8,,16954.29
custom-runner,1819,22,13,no,OK,,00 0d 22 3a 9e 11 88 a5,00 0d 22 00 11 00 00 00,00 0d 22 00 11 00 00 00,8,,16852.21
custom-runner,1820,22,14,no,OK,,00 0e 11 90 0c 22 cd af,00 0e 11 00 22 00 00 00,00 0e 11 00 22 00 00 00,8,,16929.83
custom-runner,1821,22,15,no,OK,,00 0f 22 57 2d 11 65 da,00 0f 22 00 11 00 00 00,00 0f 22 00 11 00 00 00,8,,16932.11
custom-runner,1822,22,16,yes,OK,,00 10 11 a3 da 22 35 95,00 10 11 02 22 00 00 00,00 10 11 02 22 00 00 00,8,,16884.98
custom-runner,1823,22,17,yes,OK,,00 11 22 20 93 11 e7 19,00 11 22 00 11 02 00 00,00 11 22 00 11 02 00 00,8,,16985.76
custom-runner,1824,22,18,yes,OK,,00 12 11 dc 1f 22 56 76,00 12 11 02 22 00 00 00,00 12 11 02 22 00 00 00,8,,16846.90
custom-runner,1825,22,19,yes,OK,,00 13 22 f6 ce 11 65 74,00 13 22 02 11 01 00 00,00 13 22 02 11 01 00 00,8,,16901.38
custom-runner,1826,22,20,yes,OK,,00 14 22 25 ee 11 b7 3a,00 14 22 01 11 02 00 00,00 14 22 01 11 02 00 00,8,,17021.18
custom-runner,1827,22,21,yes,OK,,00 15 11 88 3c 22 3c 70,00 15 11 01 22 01 00 00,00 15 11 01 22 01 00 00,8,,16854.58
custom-runner,1828,22,22,yes,OK,,00 16 11 77 61 22 58 52,00 16 11 01 22 01 00 00,00 16 11 01 22 01 00 00,8,,16922.40
custom-runner,1829,22,23,yes,OK,,00 17 22 89 45 11 07 b3,00 17 22 02 11 01 00 00,00 17 22 02 11 01 00 00,8,,16923.43
custom-runner,1830,22,24,yes,OK,,00 18 22 a1 f8 11 a2 52,00 18 22 02 11 02 00 00,00 18 22 02 11 02 00 00,8,,16957.68
custom-runner,1831,22,25,yes,OK,,00 19 22 67 93 11 07 1d,00 19 22 01 11 01 00 00,00 19 22 01 11 01 00 00,8,,16930.65
custom-runner,1832,22,26,yes,OK,,00 1a 22 ff 4c 11 cd 05,00 1a 22 02 11 02 00 00,00 1a 22 02 11 02 00 00,8,,17005.49
custom-runner,1833,22,27,yes,OK,,00 1b 11 d6 ab 22 1e d9,00 1b 11 02 22 01 00 00,00 1b 11 02 22 01 00 00,8,,16835.85
custom-runner,1834,22,28,yes,OK,,00 1c 11 f3 4e 22 3c 71,00 1c 11 02 22 01 00 00,00 1c 11 02 22 01 00 00,8,,16895.49
custom-runner,1835,22,29,yes,OK,,00 1d 11 22 ad 22 01 a1,00 1d 11 01 22 01 00 00,00 1d 11 01 22 01 00 00,8,,16949.35
custom-runner,1836,22,30,yes,OK,,00 1e 22 65 ef 11 96 9a,00 1e 22 02 11 02 00 00,00 1e 22 02 11 02 00 00,8,,16926.52
custom-runner,1837,22,31,yes,OK,,00 1f 22 b4 5f 11 5c 85,00 1f 22 02 11 01 00 00,00 1f 22 02 11 01 00 00,8,,16930.91
custom-runner,1838,22,32,yes,OK,,00 20 11 78 3b 22 d8 df,00 20 11 01 22 02 00 00,00 20 11 01 22 02 00 00,8,,16906.60
custom-runner,1839,22,33,yes,OK,,00 21 22 25 c0 11 e7 17,00 21 22 01 11 02 00 00,00 21 22 01 11 02 00 00,8,,16938.19
custom-runner,1840,22,34,yes,OK,,00 22 22 a7 d3 11 0c 2c,00 22 22 02 11 01 00 00,00 22 22 02 11 01 00 00,8,,16882.80
custom-runner,1841,22,35,yes,OK,,00 23 22 46 ab 11 07 7f,00 23 22 01 11 01 00 00,00 23 22 01 11 01 00 00,8,,16947.19
custom-runner,1842,22,36,yes,OK,,00 24 22 d9 dc 11 6b 69,00 24 22 02 11 01 00 00,00 24 22 02 11 01 00 00,8,,16990.11
custom-runner,1843,22,37,yes,OK,,00 25 22 81 0e 11 22 45,00 25 22 02 11 01 00 00,00 25 22 02 11 01 00 00,8,,16928.33
custom-runner,1844,22,38,yes,OK,,00 26 22 4c 07 11 df 18,00 26 22 01 11 02 00 00,00 26 22 01 11 02 00 00,8,,16793.95
custom-runner,1845,22,39,yes,OK,,00 27 22 a9 0e 11 d5 6c,00 27 22 02 11 02 00 00,00 27 22 02 11 02 00 00,8,,16963.31
custom-runner,1846,22,40,yes,OK,,00 28 22 43 56 11 37 91,00 28 22 01 11 01 00 00,00 28 22 01 11 01 00 00,8,,16874.72
custom-runner,1847,22,41,yes,OK,,00 29 11 95 ed 22 30 03,00 29 11 02 22 01 00 00,00 29 11 02 22 01 00 00,8,,16899.54
custom-runner,1848,22,42,yes,OK,,00 2a 11 e7 5e 22 2d 7c,00 2a 11 02 22 01 00 00,00 2a 11 02 22 01 00 00,8,,16903.90
custom-runner,1849,22,43,yes,OK,,00 2b 11 88 25 22 98 99,00 2b 11 02 22 02 00 00,00 2b 11 02 22 02 00 00,8,,16957.65
custom-runner,1850,22,44,yes,OK,,00 2c 11 38 58 22 23 13,00 2c 11 01 22 01 00 00,00 2c 11 01 22 01 00 00,8,,16909.36
custom-runner,1851,22,45,yes,OK,,00 2d 11 00 07 22 3a e1,00 2d 11 01 22 01 00 00,00 2d 11 01 22 01 00 00,8,,16941.05
custom-runner,1852,22,46,yes,OK,,00 2e 11 87 45 22 74 25,00 2e 11 02 22 02 00 00,00 2e 11 02 22 02 00 00,8,,16909.48
custom-runner,1853,22,47,yes,OK,,00 2f 22 11 cd 11 90 1a,00 2f 22 01 11 02 00 00,00 2f 22 01 11 02 00 00,8,,16917.41
custom-runner,1854,22,48,yes,OK,,00 30 11 61 8b 22 c3 00,00 30 11 01 22 02 00 00,00 30 11 01 22 02 00 00,8,,16970.65
custom-runner,1855,22,49,yes,OK,,00 31 22 85 5f 11 e7 9b,00 31 22 02 11 02 00 00,00 31 22 02 11 02 00 00,8,,16864.22
custom-runner,1856,22,50,yes,OK,,00 32 22 e3 7d 11 0f 01,00 32 22 02 11 01 00 00,00 32 22 02 11 01 00 00,8,,16968.46
custom-runner,1857,22,51,yes,OK,,00 33 22 e8 f7 11 47 aa,00 33 22 02 11 01 00 00,00 33 22 02 11 01 00 00,8,,16856.20
custom-runner,1858,22,52,yes,OK,,00 34 11 a6 40 22 02 e8,00 34 11 02 22 01 00 00,00 34 11 02 22 01 00 00,8,,16968.85
custom-runner,1859,22,53,yes,OK,,00 35 11 ec 7c 22 49 e9,00 35 11 02 22 01 00 00,00 35 11 02 22 01 00 00,8,,16962.92
custom-runner,1860,22,54,yes,OK,,00 36 22 5b 13 11 74 6c,00 36 22 01 11 01 00 00,00 36 22 01 11 01 00 00,8,,16816.03
custom-runner,1861,22,55,yes,OK,,00 37 11 29 de 22 d5 a3,00 37 11 01 22 02 00 00,00 37 11 01 22 02 00 00,8,,16927.82
custom-runner,1862,22,56,yes,OK,,00 38 22 21 de 11 15 23,00 38 22 01 11 01 00 00,00 38 22 01 11 01 00 00,8,,16912.92
custom-runner,1863,22,57,yes,OK,,00 39 22 1a 7e 11 ee bb,00 39 22 01 11 02 00 00,00 39 22 01 11 02 00 00,8,,16952.67
custom-runner,1864,22,58,yes,OK,,00 3a 22 04 c3 11 d0 48,00 3a 22 01 11 02 00 00,00 3a 22 01 11 02 00 00,8,,16907.31
custom-runner,1865,22,59,yes,OK,,00 3b 11 23 3e 22 da 37,00 3b 11 01 22 02 00 00,00 3b 11 01 22 02 00 00,8,,17005.14
custom-runner,1866,22,60,yes,OK,,00 3c 11 7f cd 22 88 ae,00 3c 11 02 22 02 00 00,00 3c 11 02 22 02 00 00,8,,16848.22
custom-runner,1867,22,61,yes,OK,,00 3d 22 20 ad 11 98 22,00 3d 22 01 11 02 00 00,00 3d 22 01 11 02 00 00,8,,16979.53
custom-runner,1868,22,62,yes,OK,,00 3e 11 9f 5f 22 1e bc,00 3e 11 02 22 01 00 00,00 3e 11 02 22 01 00 00,8,,16921.47
custom-runner,1869,22,63,yes,OK,,00 3f 22 85 94 11 c3 fc,00 3f 22 02 11 02 00 00,00 3f 22 02 11 02 00 00,8,,16882.06
custom-runner,1870,22,64,yes,OK,,00 40 22 28 7b 11 1a 6c,00 40 22 01 11 01 00 00,00 40 22 01 11 01 00 00,8,,16988.95
custom-runner,1871,22,65,yes,OK,,00 41 11 da 34 22 2d 80,00 41 11 02 22 01 00 00,00 41 11 02 22 01 00 00,8,,16928.42
custom-runner,1872,22,66,yes,OK,,00 42 11 90 5c 22 6a 82,00 42 11 02 22 02 00 00,00 42 11 02 22 02 00 00,8,,16909.05
custom-runner,1873,22,67,yes,OK,,00 43 11 0d 7e 22 ab 74,00 43 11 01 22 02 00 00,00 43 11 01 22 02 00 00,8,,16853.99
custom-runner,1874,22,68,yes,OK,,00 44 22 17 19 11 72 6c,00 44 22 01 11 01 00 00,00 44 22 01 11 01 00 00,8,,16986.73
custom-runner,1875,22,69,yes,OK,,00 45 11 8b 91 22 ba 90,00 45 11 02 22 02 00 00,00 45 11 02 22 02 00 00,8,,16843.45
custom-runner,1876,22,70,yes,OK,,00 46 22 39 0d 11 2e 1a,00 46 22 01 11 01 00 00,00 46 22 01 11 01 00 00,8,,16988.14
custom-runner,1877,22,71,yes,OK,,00 47 11 ac 4a 22 e6 4f,00 47 11 02 22 02 00 00,00 47 11 02 22 02 00 00,8,,16926.31
custom-runner,1878,22,72,yes,OK,,00 48 22 70 76 11 c2 01,00 48 22 02 11 02 00 00,00 48 22 02 11 02 00 00,8,,16940.26
custom-runner,1879,22,73,yes,OK,,00 49 11 97 69 22 a1 00,00 49 11 02 22 02 00 00,00 49 11 02 22 02 00 00,8,,16904.28
custom-runner,1880,22,74,yes,OK,,00 4a 11 e3 63 22 e9 00,00 4a 11 02 22 02 00 00,00 4a 11 02 22 02 00 00,8,,17048.63
custom-runner,1881,22,75,yes,OK,,00 4b 11 60 99 22 23 ae,00 4b 11 01 22 01 00 00,00 4b 11 01 22 01 00 00,8,,16798.64
custom-runner,1882,22,76,yes,OK,,00 4c 11 ea f4 22 66 b2,00 4c 11 02 22 01 00 00,00 4c 11 02 22 01 00 00,8,,16904.06
custom-runner,1883,22,77,yes,OK,,00 4d 11 7a 4d 22 6d d1,00 4d 11 01 22 01 00 00,00 4d 11 01 22 01 00 00,8,,16889.38
custom-runner,1884,22,78,yes,OK,,00 4e 11 51 f9 22 10 5e,00 4e 11 01 22 01 00 00,00 4e 11 01 22 01 00 00,8,,16910.20
custom-runner,1885,22,79,yes,OK,,00 4f 11 a3 59 22 fa 3a,00 4f 11 02 22 02 00 00,00 4f 11 02 22 02 00 00,8,,16925.79
custom-runner,1886,22,80,yes,OK,,00 50 11 69 34 22 db 48,00 50 11 01 22 02 00 00,00 50 11 01 22 02 00 00,8,,16897.55
custom-runner,1887,22,81,yes,OK,,00 51 22 6a 75 11 0a c9,00 51 22 01 11 01 00 00,00 51 22 01 11 01 00 00,8,,16956.99
custom-runner,1888,22,82,yes,OK,,00 52 11 e6 51 22 4c 3b,00 52 11 02 22 01 00 00,00 52 11 02 22 01 00 00,8,,16927.67
custom-runner,1889,22,83,yes,OK,,00 53 22 a6 45 11 20 bc,00 53 22 02 11 01 00 00,00 53 22 02 11 01 00 00,8,,16923.22
custom-runner,1890,22,84,yes,OK,,00 54 11 6c 94 22 12 e0,00 54 11 01 22 01 00 00,00 54 11 01 22 01 00 00,8,,16905.35
custom-runner,1891,22,85,yes,OK,,00 55 11 3f 38 22 5f 21,00 55 11 01 22 01 00 00,00 55 11 01 22 01 00 00,8,,16899.99
custom-runner,1892,22,86,yes,OK,,00 56 22 01 92 11 e7 fb,00 56 22 01 11 02 00 00,00 56 22 01 11 02 00 00,8,,16934.53
custom-runner,1893,22,87,yes,OK,,00 57 22 4b 53 11 44 18,00 57 22 01 11 01 00 00,00 57 22 01 11 01 00 00,8,,16927.84
custom-runner,1894,22,88,yes,OK,,00 58 11 7d 66 22 01 f6,00 58 11 01 22 01 00 00,00 58 11 01 22 01 00 00,8,,16851.34
custom-runner,1895,22,89,yes,OK,,00 59 22 84 36 11 eb a8,00 59 22 02 11 02 00 00,00 59 22 02 11 02 00 00,8,,16946.68
custom-runner,1896,22,90,yes,OK,,00 5a 11 07 fa 22 12 8a,00 5a 11 01 22 01 00 00,00 5a 11 01 22 01 00 00,8,,16957.99
custom-runner,1897,22,91,yes,OK,,00 5b 22 86 6c 11 af f0,00 5b 22 02 11 02 00 00,00 5b 22 02 11 02 00 00,8,,16922.70
custom-runner,1898,22,92,yes,OK,,00 5c 11 4c 47 22 c2 53,00 5c 11 01 22 02 00 00,00 5c 11 01 22 02 00 00,8,,17009.36
custom-runner,1899,22,93,yes,OK,,00 5d 11 01 a0 22 dc 0e,00 5d 11 01 22 02 00 00,00 5d 11 01 22 02 00 00,8,,16826.01
custom-runner,1900,22,94,yes,OK,,00 5e 11 d1 a3 22 27 40,00 5e 11 02 22 01 00 00,00 5e 11 02 22 01 00 00,8,,16895.39
custom-runner,1901,22,95,yes,OK,,00 5f 22 36 cc 11 a2 71,00 5f 22 01 11 02 00 00,00 5f 22 01 11 02 00 00,8,,16918.00
custom-runner,1902,22,96,yes,OK,,00 60 11 17 da 22 37 09,00 60 11 01 22 01 00 00,00 60 11 01 22 01 00 00,8,,16886.96
custom-runner,1903,22,97,yes,OK,,00 61 11 11 f3 22 a7 24,00 61 11 01 22 02 00 00,00 61 11 01 22 02 00 00,8,,16906.42
custom-runner,1904,22,98,yes,OK,,00 62 22 42 6a 11 ab 37,00 62 22 01 11 02 00 00,00 62 22 01 11 02 00 00,8,,16923.00
custom-runner,1905,22,99,yes,OK,,00 63 11 ad 09 22 4b 1a,00 63 11 02 22 01 00 00,00 63 11 02 22 01 00 00,8,,16897.69
custom-runner,1906,22,100,yes,OK,,00 64 11 a6 de 22 3d 39,00 64 11 02 22 01 00 00,00 64 11 02 22 01 00 00,8,,16876.02
custom-runner,1907,22,101,yes,OK,,00 65 11 32 27 22 48 69,00 65 11 01 22 01 00 00,00 65 11 01 22 01 00 00,8,,16927.33
custom-runner,1908,22,102,yes,OK,,00 66 11 6c 62 22 2d ae,00 66 11 01 22 01 00 00,00 66 11 01 22 01 00 00,8,,16869.54
custom-runner,1909,22,103,yes,OK,,00 67 11 88 6e 22 85 0d,00 67 11 02 22 02 00 00,00 67 11 02 22 02 00 00,8,,16919.24
custom-runner,1910,22,104,yes,OK,,00 68 22 68 7f 11 39 b2,00 68 22 02 11 01 00 00,00 68 22 02 11 01 00 00,8,,16905.66
custom-runner,1911,22,105,yes,OK,,00 69 22 9d 37 11 ad 44,00 69 22 02 11 02 00 00,00 69 22 02 11 02 00 00,8,,16935.85
custom-runner,1912,22,106,yes,OK,,00 6a 11 93 b1 22 ca 74,00 6a 11 02 22 02 00 00,00 6a 11 02 22 02 00 00,8,,16879.87
custom-runner,1913,22,107,yes,OK,,00 6b 11 bd 22 22 44 25,00 6b 11 02 22 01 00 00,00 6b 11 02 22 01 00 00,8,,16938.99
custom-runner,1914,22,108,yes,OK,,00 6c 22 d8 10 11 c6 fb,00 6c 22 02 11 02 00 00,00 6c 22 02 11 02 00 00,8,,16856.61
custom-runner,1915,22,109,yes,OK,,00 6d 22 7f d7 11 8f 52,00 6d 22 02 11 02 00 00,00 6d 22 02 11 02 00 00,8,,16917.79
custom-runner,1916,22,110,yes,OK,,00 6e 11 08 62 22 52 41,00 6e 11 01 22 01 00 00,00 6e 11 01 22 01 00 00,8,,16908.32
custom-runner,1917,22,111,yes,OK,,00 6f 22 80 60 11 17 63,00 6f 22 02 11 01 00 00,00 6f 22 02 11 01 00 00,8,,16943.82
custom-runner,1918,22,112,yes,OK,,00 70 22 f3 48 11 ee 7c,00 70 22 02 11 02 00 00,00 70 22 02 11 02 00 00,8,,16893.19
custom-runner,1919,22,113,yes,OK,,00 71 11 7e 49 22 74 1f,00 71 11 01 22 01 00 00,00 71 11 01 22 01 00 00,8,,16879.71
custom-runner,1920,22,114,yes,OK,,00 72 22 c0 40 11 f2 a6,00 72 22 02 11 02 00 00,00 72 22 02 11 02 00 00,8,,16909.83
custom-runner,1921,22,115,yes,OK,,00 73 22 20 26 11 58 da,00 73 22 01 11 01 00 00,00 73 22 01 11 01 00 00,8,,16929.85
custom-runner,1922,22,116,yes,OK,,00 74 22 f1 38 11 24 97,00 74 22 02 11 01 00 00,00 74 22 02 11 01 00 00,8,,16878.40
custom-runner,1923,22,117,yes,OK,,00 75 11 e5 aa 22 c8 56,00 75 11 02 22 02 00 00,00 75 11 02 22 02 00 00,8,,16920.60
custom-runner,1924,22,118,yes,OK,,00 76 22 92 eb 11 c7 6a,00 76 22 01 11 02 00 00,00 76 22 01 11 02 00 00,8,,16923.11
custom-runner,1925,22,119,yes,OK,,00 77 11 7f d5 22 52 e5,00 77 11 01 22 01 00 00,00 77 11 01 22 01 00 00,8,,16910.10
custom-runner,1926,22,120,yes,OK,,00 78 11 23 51 22 74 b4,00 78 11 01 22 01 00 00,00 78 11 01 22 01 00 00,8,,16907.72
custom-runner,1927,22,121,yes,OK,,00 79 22 1c 74 11 19 bd,00 79 22 01 11 01 00 00,00 79 22 01 11 01 00 00,8,,16929.12
custom-runner,1928,22,122,yes,OK,,00 7a 11 9c a8 22 0e 51,00 7a 11 02 22 01 00 00,00 7a 11 02 22 01 00 00,8,,16915.71
custom-runner,1929,22,123,yes,OK,,00 7b 11 ff ca 22 ab 45,00 7b 11 02 22 02 00 00,00 7b 11 02 22 02 00 00,8,,16877.21
custom-runner,1930,22,124,yes,OK,,00 7c 22 3b bf 11 61 bf,00 7c 22 01 11 01 00 00,00 7c 22 01 11 01 00 00,8,,16953.59
custom-runner,1931,22,125,yes,OK,,00 7d 22 4d 1c 11 f3 8f,00 7d 22 01 11 02 00 00,00 7d 22 01 11 02 00 00,8,,16874.35
custom-runner,1932,22,126,yes,OK,,00 7e 11 fb 44 22 c5 3d,00 7e 11 02 22 02 00 00,00 7e 11 02 22 02 00 00,8,,16941.12
custom-runner,1933,22,127,yes,OK,,00 7f 22 12 88 11 30 34,00 7f 22 01 11 01 00 00,00 7f 22 01 11 01 00 00,8,,16921.20
custom-runner,1934,22,128,yes,OK,,00 80 22 0c e6 11 37 31,00 80 22 01 11 01 00 00,00 80 22 01 11 01 00 00,8,,16898.12
custom-runner,1935,22,129,yes,OK,,00 81 22 78 c9 11 4e 8b,00 81 22 02 11 01 00 00,00 81 22 02 11 01 00 00,8,,16968.65
custom-runner,1936,22,130,yes,OK,,00 82 22 5e 74 11 8b e3,00 82 22 01 11 02 00 00,00 82 22 01 11 02 00 00,8,,16931.45
custom-runner,1937,22,131,yes,OK,,00 83 11 74 60 22 e8 7f,00 83 11 01 22 02 00 00,00 83 11 01 22 02 00 00,8,,16891.54
custom-runner,1938,22,132,yes,OK,,00 84 22 ea db 11 3e 41,00 84 22 02 11 01 00 00,00 84 22 02 11 01 00 00,8,,16952.31
custom-runner,1939,22,133,yes,OK,,00 85 11 f6 7b 22 a5 f7,00 85 11 02 22 02 00 00,00 85 11 02 22 02 00 00,8,,16899.41
custom-runner,1940,22,134,yes,OK,,00 86 11 af 87 22 b1 ff,00 86 11 02 22 02 00 00,00 86 11 02 22 02 00 00,8,,16929.73
custom-runner,1941,22,135,yes,OK,,00 87 11 ff 1e 22 e2 99,00 87 11 02 22 02 00 00,00 87 11 02 22 02 00 00,8,,16915.16
custom-runner,1942,22,136,yes,OK,,00 88 11 9c 27 22 96 5c,00 88 11 02 22 02 00 00,00 88 11 02 22 02 00 00,8,,16910.99
custom-runner,1943,22,137,yes,OK,,00 89 11 c3 5f 22 c3 60,00 89 11 02 22 02 00 00,00 89 11 02 22 02 00 00,8,,16888.63
custom-runner,1944,22,138,yes,OK,,00 8a 22 e1 00 11 bf 14,00 8a 22 02 11 02 00 00,00 8a 22 02 11 02 00 00,8,,16913.60
custom-runner,1945,22,139,yes,OK,,00 8b 22 02 d5 11 d6 d6,00 8b 22 01 11 02 00 00,00 8b 22 01 11 02 00 00,8,,16913.67
custom-runner,1946,22,140,yes,OK,,00 8c 11 b1 29 22 60 b4,00 8c 11 02 22 01 00 00,00 8c 11 02 22 01 00 00,8,,16934.95
custom-runner,1947,22,141,yes,OK,,00 8d 22 9a e9 11 bc fa,00 8d 22 02 11 02 00 00,00 8d 22 02 11 02 00 00,8,,16890.26
custom-runner,1948,22,142,yes,OK,,00 8e 11 2f b5 22 d6 84,00 8e 11 01 22 02 00 00,00 8e 11 01 22 02 00 00,8,,17010.26
custom-runner,1949,22,143,yes,OK,,00 8f 22 f7 01 11 89 1b,00 8f 22 02 11 01 00 00,00 8f 22 02 11 01 00 00,8,,16993.47
custom-runner,1950,22,144,yes,OK,,00 90 11 b6 cc 22 61 de,00 90 11 02 22 01 00 00,00 90 11 02 22 01 00 00,8,,16890.92
custom-runner,1951,22,145,yes,OK,,00 91 22 a3 29 11 04 f4,00 91 22 01 11 01 00 00,00 91 22 01 11 01 00 00,8,,16851.43
custom-runner,1952,22,146,yes,OK,,00 92 11 f6 4d 22 19 cd,00 92 11 02 22 01 00 00,00 92 11 02 22 01 00 00,8,,16929.20
custom-runner,1953,22,147,yes,OK,,00 93 22 c8 69 11 12 9a,00 93 22 02 11 01 00 00,00 93 22 02 11 01 00 00,8,,16818.62
custom-runner,1954,22,148,yes,OK,,00 94 11 fd 6d 22 77 8d,00 94 11 02 22 01 00 00,00 94 11 02 22 01 00 00,8,,16905.96
custom-runner,1955,22,149,yes,OK,,00 95 11 47 ad 22 ab 12,00 95 11 01 22 02 00 00,00 95 11 01 22 02 00 00,8,,16931.48
custom-runner,1956,22,150,yes,OK,,00 96 22 25 0c 11 fc db,00 96 22 01 11 02 00 00,00 96 22 01 11 02 00 00,8,,16947.59
custom-runner,1957,22,151,yes,OK,,00 97 11 34 2e 22 74 cd,00 97 11 01 22 01 00 00,00 97 11 01 22 01 00 00,8,,16983.94
custom-runner,1958,22,152,yes,OK,,00 98 22 81 84 11 ee 08,00 98 22 01 11 02 00 00,00 98 22 01 11 02 00 00,8,,16793.19
custom-runner,1959,22,153,yes,OK,,00 99 11 7a d6 22 f4 49,00 99 11 01 22 02 00 00,00 99 11 01 22 02 00 00,8,,16930.02
custom-runner,1960,22,154,yes,OK,,00 9a 11 b7 c1 22 26 5a,00 9a 11 02 22 01 00 00,00 9a 11 02 22 01 00 00,8,,16915.61
custom-runner,1961,22,155,yes,OK,,00 9b 11 98 70 22 d4 66,00 9b 11 02 22 02 00 00,00 9b 11 02 22 02 00 00,8,,16969.91
custom-runner,1962,22,156,yes,OK,,00 9c 22 a2 2e 11 c6 f8,00 9c 22 02 11 02 00 00,00 9c 22 02 11 02 00 00,8,,16958.36
custom-runner,1963,22,157,yes,OK,,00 9d 11 43 a9 22 4d 14,00 9d 11 01 22 01 00 00,00 9d 11 01 22 01 00 00,8,,16915.81
custom-runner,1964,22,158,yes,OK,,00 9e 11 b5 11 22 84 ef,00 9e 11 02 22 01 00 00,00 9e 11 02 22 01 00 00,8,,16870.23
custom-runner,1965,22,159,yes,OK,,00 9f 22 a7 a6 11 14 55,00 9f 22 02 11 01 00 00,00 9f 22 02 11 01 00 00,8,,16876.26
custom-runner,1966,22,160,yes,OK,,00 a0 11 75 ac 22 6d 16,00 a0 11 01 22 01 00 00,00 a0 11 01 22 01 00 00,8,,16949.54
custom-runner,1967,22,161,yes,OK,,00 a1 22 54 a1 11 6b 20,00 a1 22 01 11 01 00 00,00 a1 22 01 11 01 00 00,8,,17015.32
custom-runner,1968,22,162,yes,OK,,00 a2 11 58 28 22 78 fa,00 a2 11 01 22 01 00 00,00 a2 11 01 22 01 00 00,8,,16931.90
custom-runner,1969,22,163,yes,OK,,00 a3 22 ec 3a 11 d3 03,00 a3 22 02 11 02 00 00,00 a3 22 02 11 02 00 00,8,,16797.65
custom-runner,1970,22,164,yes,OK,,00 a4 22 c0 12 11 28 f2,00 a4 22 02 11 01 00 00,00 a4 22 02 11 01 00 00,8,,16943.53
custom-runner,1971,22,165,yes,OK,,00 a5 22 8e f2 11 d0 55,00 a5 22 02 11 02 00 00,00 a5 22 02 11 02 00 00,8,,16977.63
custom-runner,1972,22,166,yes,OK,,00 a6 22 4b d5 11 f5 11,00 a6 22 01 11 02 00 00,00 a6 22 01 11 02 00 00,8,,16927.01
custom-runner,1973,22,167,yes,OK,,00 a7 22 49 54 11 2d 86,00 a7 22 01 11 01 00 00,00 a7 22 01 11 01 00 00,8,,16998.45
custom-runner,1974,22,168,yes,OK,,00 a8 22 90 31 11 fc 6b,00 a8 22 02 11 02 00 00,00 a8 22 02 11 02 00 00,8,,16941.45
custom-runner,1975,22,169,yes,OK,,00 a9 22 e9 3a 11 6b 0c,00 a9 22 02 11 01 00 00,00 a9 22 02 11 01 00 00,8,,16909.63
custom-runner,1976,22,170,yes,OK,,00 aa 11 5d df 22 79 18,00 aa 11 01 22 01 00 00,00 aa 11 01 22 01 00 00,8,,16898.79
custom-runner,1977,22,171,yes,OK,,00 ab 22 7c 9c 11 f8 93,00 ab 22 01 11 02 00 00,00 ab 22 01 11 02 00 00,8,,16890.31
custom-runner,1978,22,172,yes,OK,,00 ac 22 68 23 11 20 d5,00 ac 22 01 11 01 00 00,00 ac 22 01 11 01 00 00,8,,16936.49
custom-runner,1979,22,173,yes,OK,,00 ad 11 1f 85 22 bf b0,00 ad 11 01 22 02 00 00,00 ad 11 01 22 02 00 00,8,,16920.90
custom-runner,1980,22,174,yes,OK,,00 ae 11 4a 96 22 e4 b6,00 ae 11 01 22 02 00 00,00 ae 11 01 22 02 00 00,8,,16963.51
custom-runner,1981,22,175,yes,OK,,00 af 22 93 8d 11 43 38,00 af 22 02 11 01 00 00,00 af 22 02 11 01 00 00,8,,16901.05
custom-runner,1982,22,176,yes,OK,,00 b0 11 62 11 22 43 ae,00 b0 11 01 22 01 00 00,00 b0 11 01 22 01 00 00,8,,17025.99
custom-runner,1983,22,177,yes,OK,,00 b1 11 8c 1d 22 88 02,00 b1 11 02 22 01 00 00,00 b1 11 02 22 01 00 00,8,,16938.74
custom-runner,1984,22,178,yes,OK,,00 b2 11 ec 49 22 4e aa,00 b2 11 02 22 01 00 00,00 b2 11 02 22 01 00 00,8,,16804.05
custom-runner,1985,22,179,yes,OK,,00 b3 22 52 f2 11 43 eb,00 b3 22 01 11 01 00 00,00 b3 22 01 11 01 00 00,8,,16932.43
custom-runner,1986,22,180,yes,OK,,00 b4 22 88 d6 11 0c 5b,00 b4 22 02 11 01 00 00,00 b4 22 02 11 01 00 00,8,,16983.68
custom-runner,1987,22,181,yes,OK,,00 b5 22 cd 36 11 25 f2,00 b5 22 02 11 01 00 00,00 b5 22 02 11 01 00 00,8,,16827.51
custom-runner,1988,22,182,yes,OK,,00 b6 11 e1 3e 22 0d d2,00 b6 11 02 22 01 00 00,00 b6 11 02 22 01 00 00,8,,16946.07
custom-runner,1989,22,183,yes,OK,,00 b7 11 bc 10 22 f0 44,00 b7 11 02 22 02 00 00,00 b7 11 02 22 02 00 00,8,,16920.29
custom-runner,1990,22,184,yes,OK,,00 b8 11 3a 81 22 bd dd,00 b8 11 01 22 02 00 00,00 b8 11 01 22 02 00 00,8,,16980.42
custom-runner,1991,22,185,yes,OK,,00 b9 11 a9 b1 22 f1 45,00 b9 11 02 22 02 00 00,00 b9 11 02 22 02 00 00,8,,16876.89
custom-runner,1992,22,186,yes,OK,,00 ba 22 ac fd 11 8c a4,00 ba 22 02 11 02 00 00,00 ba 22 02 11 02 00 00,8,,16999.69
custom-runner,1993,22,187,yes,OK,,00 bb 22 c4 31 11 86 01,00 bb 22 02 11 02 00 00,00 bb 22 02 11 02 00 00,8,,16855.59
custom-runner,1994,22,188,yes,OK,,00 bc 22 bb d4 11 d5 5e,00 bc 22 02 11 02 00 00,00 bc 22 02 11 02 00 00,8,,16971.03
custom-runner,1995,22,189,yes,OK,,00 bd 11 bc 0c 22 e5 20,00 bd 11 02 22 02 00 00,00 bd 11 02 22 02 00 00,8,,16878.52
custom-runner,1996,22,190,yes,OK,,00 be 11 fb 32 22 5f eb,00 be 11 02 22 01 00 00,00 be 11 02 22 01 00 00,8,,16954.40
custom-runner,1997,22,191,yes,OK,,00 bf 22 b3 ae 11 c2 27,00 bf 22 02 11 02 00 00,00 bf 22 02 11 02 00 00,8,,16951.74
custom-runner,1998,22,192,yes,OK,,00 c0 11 46 5b 22 f4 d0,00 c0 11 01 22 02 00 00,00 c0 11 01 22 02 00 00,8,,16894.84
custom-runner,1999,22,193,yes,OK,,00 c1 22 85 1a 11 45 52,00 c1 22 01 11 01 00 00,00 c1 22 01 11 01 00 00,8,,16928.32
custom-runner,2000,22,194,yes,OK,,00 c2 22 90 68 11 87 36,00 c2 22 01 11 02 00 00,00 c2 22 01 11 02 00 00,8,,16895.05
custom-runner,2001,22,195,yes,OK,,00 c3 11 1b b5 22 f8 53,00 c3 11 01 22 02 00 00,00 c3 11 01 22 02 00 00,8,,17025.16
custom-runner,2002,22,196,yes,OK,,00 c4 22 ce cf 11 e6 87,00 c4 22 02 11 02 00 00,00 c4 22 02 11 02 00 00,8,,16846.19
custom-runner,2003,22,197,yes,OK,,00 c5 22 16 24 11 d2 94,00 c5 22 01 11 02 00 00,00 c5 22 01 11 02 00 00,8,,16784.54
custom-runner,2004,22,198,yes,OK,,00 c6 22 c8 6d 11 fd 30,00 c6 22 02 11 02 00 00,00 c6 22 02 11 02 00 00,8,,17006.01
custom-runner,2005,22,199,yes,OK,,00 c7 11 34 25 22 09 5d,00 c7 11 01 22 01 00 00,00 c7 11 01 22 01 00 00,8,,16910.10
custom-runner,2006,22,200,yes,OK,,00 c8 22 89 d1 11 61 03,00 c8 22 01 11 01 00 00,00 c8 22 01 11 01 00 00,8,,16926.10
custom-runner,2007,22,201,yes,OK,,00 c9 22 9e c1 11 a9 df,00 c9 22 01 11 02 00 00,00 c9 22 01 11 02 00 00,8,,16967.69
custom-runner,2008,22,202,yes,OK,,00 ca 11 55 e2 22 33 5a,00 ca 11 01 22 01 00 00,00 ca 11 01 22 01 00 00,8,,16847.51
custom-runner,2009,22,203,yes,OK,,00 cb 22 88 ad 11 77 07,00 cb 22 01 11 01 00 00,00 cb 22 01 11 01 00 00,8,,16981.29
custom-runner,2010,22,204,yes,OK,,00 cc 22 8f fe 11 d1 52,00 cc 22 01 11 02 00 00,00 cc 22 01 11 02 00 00,8,,16957.78
custom-runner,2011,22,205,yes,OK,,00 cd 11 8c 4d 22 9f 88,00 cd 11 01 22 02 00 00,00 cd 11 01 22 02 00 00,8,,16900.84
custom-runner,2012,22,206,yes,OK,,00 ce 22 22 02 11 ee fc,00 ce 22 01 11 02 00 00,00 ce 22 01 11 02 00 00,8,,17001.22
custom-runner,2013,22,207,yes,OK,,00 cf 11 92 07 22 a2 86,00 cf 11 02 22 02 00 00,00 cf 11 02 22 02 00 00,8,,16855.31
custom-runner,2014,22,208,yes,OK,,00 d0 11 00 9f 22 96 46,00 d0 11 01 22 02 00 00,00 d0 11 01 22 02 00 00,8,,16914.06
custom-runner,2015,22,209,yes,OK,,00 d1 22 17 26 11 fa cf,00 d1 22 01 11 02 00 00,00 d1 22 01 11 02 00 00,8,,17020.72
custom-runner,2016,22,210,yes,OK,,00 d2 22 80 0a 11 e3 ad,00 d2 22 02 11 02 00 00,00 d2 22 02 11 02 00 00,8,,16787.38
custom-runner,2017,22,211,yes,OK,,00 d3 11 b7 21 22 8d af,00 d3 11 02 22 02 00 00,00 d3 11 02 22 02 00 00,8,,16850.40
custom-runner,2018,22,212,yes,OK,,00 d4 22 2d c0 11 ec 7d,00 d4 22 01 11 02 00 00,00 d4 22 01 11 02 00 00,8,,16988.32
custom-runner,2019,22,213,yes,OK,,00 d5 11 75 e2 22 3b 9a,00 d5 11 01 22 01 00 00,00 d5 11 01 22 01 00 00,8,,18284.31
custom-runner,2020,22,214,yes,OK,,00 d6 11 64 65 22 8d f3,00 d6 11 01 22 02 00 00,00 d6 11 01 22 02 00 00,8,,15550.47
custom-runner,2021,22,215,yes,OK,,00 d7 11 8d 81 22 ce c8,00 d7 11 01 22 02 00 00,00 d7 11 01 22 02 00 00,8,,16902.80
custom-runner,2022,22,216,yes,OK,,00 d8 22 7b 3c 11 5a af,00 d8 22 02 11 01 00 00,00 d8 22 02 11 01 00 00,8,,16959.51
custom-runner,2023,22,217,yes,OK,,00 d9 22 fa c7 11 e2 31,00 d9 22 02 11 02 00 00,00 d9 22 02 11 02 00 00,8,,16931.73
custom-runner,2024,22,218,yes,OK,,00 da 11 59 4a 22 7c 0b,00 da 11 01 22 01 00 00,00 da 11 01 22 01 00 00,8,,16940.08
custom-runner,2025,22,219,yes,OK,,00 db 22 d3 55 11 c7 1d,00 db 22 02 11 02 00 00,00 db 22 02 11 02 00 00,8,,16945.31
custom-runner,2026,22,220,yes,OK,,00 dc 11 76 74 22 ff b0,00 dc 11 01 22 02 00 00,00 dc 11 01 22 02 00 00,8,,16943.24
custom-runner,2027,22,221,yes,OK,,00 dd 11 54 7d 22 a5 fb,00 dd 11 01 22 02 00 00,00 dd 11 01 22 02 00 00,8,,16972.63
custom-runner,2028,22,222,yes,OK,,00 de 22 f8 82 11 f3 0e,00 de 22 02 11 02 00 00,00 de 22 02 11 02 00 00,8,,16858.35
custom-runner,2029,22,223,yes,OK,,00 df 22 6c 26 11 fe f1,00 df 22 01 11 02 00 00,00 df 22 01 11 02 00 00,8,,16978.41
custom-runner,2030,22,224,yes,OK,,00 e0 11 a8 8b 22 e4 92,00 e0 11 01 22 02 00 00,00 e0 11 01 22 02 00 00,8,,16976.47
custom-runner,2031,22,225,yes,OK,,00 e1 11 bc b1 22 c8 17,00 e1 11 02 22 02 00 00,00 e1 11 02 22 02 00 00,8,,16793.47
custom-runner,2032,22,226,yes,OK,,00 e2 11 95 da 22 6c 38,00 e2 11 01 22 01 00 00,00 e2 11 01 22 01 00 00,8,,16968.40
custom-runner,2033,22,227,yes,OK,,00 e3 22 eb 09 11 68 03,00 e3 22 02 11 01 00 00,00 e3 22 02 11 01 00 00,8,,16913.32
custom-runner,2034,22,228,yes,OK,,00 e4 22 fc 53 11 06 38,00 e4 22 02 11 01 00 00,00 e4 22 02 11 01 00 00,8,,16870.54
custom-runner,2035,22,229,yes,OK,,00 e5 11 fb 76 22 17 5c,00 e5 11 02 22 01 00 00,00 e5 11 02 22 01 00 00,8,,17101.80
custom-runner,2036,22,230,yes,OK,,00 e6 22 d5 83 11 55 e2,00 e6 22 02 11 01 00 00,00 e6 22 02 11 01 00 00,8,,16725.54
custom-runner,2037,22,231,yes,OK,,00 e7 22 39 0b 11 3e 9a,00 e7 22 01 11 01 00 00,00 e7 22 01 11 01 00 00,8,,17021.25
custom-runner,2038,22,232,yes,OK,,00 e8 11 b8 14 22 41 22,00 e8 11 02 22 01 00 00,00 e8 11 02 22 01 00 00,8,,16829.05
custom-runner,2039,22,233,yes,OK,,00 e9 22 71 8f 11 a3 75,00 e9 22 01 11 02 00 00,00 e9 22 01 11 02 00 00,8,,17048.71
custom-runner,2040,22,234,yes,OK,,00 ea 22 23 8d 11 87 e6,00 ea 22 01 11 01 00 00,00 ea 22 01 11 01 00 00,8,,16884.65
custom-runner,2041,22,235,yes,OK,,00 eb 11 3e 02 22 9c 25,00 eb 11 01 22 02 00 00,00 eb 11 01 22 02 00 00,8,,16892.08
custom-runner,2042,22,236,yes,OK,,00 ec 22 1c 76 11 c4 1a,00 ec 22 01 11 02 00 00,00 ec 22 01 11 02 00 00,8,,16956.42
custom-runner,2043,22,237,yes,OK,,00 ed 22 c2 a0 11 6a 86,00 ed 22 02 11 01 00 00,00 ed 22 02 11 01 00 00,8,,16878.10
custom-runner,2044,22,238,yes,OK,,00 ee 22 78 f5 11 70 21,00 ee 22 01 11 01 00 00,00 ee 22 01 11 01 00 00,8,,16948.47
custom-runner,2045,22,239,yes,OK,,00 ef 11 26 78 22 40 d6,00 ef 11 01 22 01 00 00,00 ef 11 01 22 01 00 00,8,,16953.85
custom-runner,2046,22,240,yes,OK,,00 f0 22 41 ed 11 42 ce,00 f0 22 01 11 01 00 00,00 f0 22 01 11 01 00 00,8,,17052.38
custom-runner,2047,22,241,yes,OK,,00 f1 11 3f d2 22 b8 c4,00 f1 11 01 22 02 00 00,00 f1 11 01 22 02 00 00,8,,16918.26
custom-runner,2048,22,242,yes,OK,,00 f2 11 5d b1 22 f2 25,00 f2 11 01 22 02 00 00,00 f2 11 01 22 02 00 00,8,,16775.61
custom-runner,2049,22,243,yes,OK,,00 f3 22 e7 af 11 7e 49,00 f3 22 02 11 02 00 00,00 f3 22 02 11 02 00 00,8,,16874.10
custom-runner,2050,22,244,yes,OK,,00 f4 11 20 1c 22 15 a7,00 f4 11 01 22 01 00 00,00 f4 11 01 22 01 00 00,8,,16919.97
custom-runner,2051,22,245,yes,OK,,00 f5 11 54 72 22 83 f5,00 f5 11 01 22 02 00 00,00 f5 11 01 22 02 00 00,8,,16875.34
custom-runner,2052,22,246,yes,OK,,00 f6 22 46 f2 11 76 e3,00 f6 22 01 11 02 00 00,00 f6 22 01 11 02 00 00,8,,17059.82
custom-runner,2053,22,247,yes,OK,,00 f7 11 89 63 22 8c a8,00 f7 11 02 22 02 00 00,00 f7 11 02 22 02 00 00,8,,16821.17
custom-runner,2054,22,248,yes,OK,,00 f8 11 f9 35 22 cd ea,00 f8 11 02 22 02 00 00,00 f8 11 02 22 02 00 00,8,,16937.34
custom-runner,2055,22,249,yes,OK,,00 f9 22 32 4e 11 f3 35,00 f9 22 01 11 02 00 00,00 f9 22 01 11 02 00 00,8,,16921.31
custom-runner,2056,22,250,yes,OK,,00 fa 22 72 e0 11 53 78,00 fa 22 01 11 01 00 00,00 fa 22 01 11 01 00 00,8,,16914.48
custom-runner,2057,22,251,yes,OK,,00 fb 11 4d a3 22 61 3f,00 fb 11 01 22 01 00 00,00 fb 11 01 22 01 00 00,8,,16911.17
custom-runner,2058,22,252,yes,OK,,00 fc 11 5b ec 22 d4 73,00 fc 11 01 22 02 00 00,00 fc 11 01 22 02 00 00,8,,16895.78
custom-runner,2059,22,253,yes,OK,,00 fd 22 62 fc 11 13 f8,00 fd 22 01 11 01 00 00,00 fd 22 01 11 01 00 00,8,,16927.44
custom-runner,2060,22,254,yes,OK,,00 fe 22 6f ea 11 2e a5,00 fe 22 01 11 01 00 00,00 fe 22 01 11 01 00 00,8,,16892.70
custom-runner,2061,22,255,yes,OK,,00 ff 11 01 3a 22 f6 57,00 ff 11 01 22 02 00 00,00 ff 11 01 22 02 00 00,8,,16931.40
custom-runner,2062,22,256,yes,OK,,01 00 22 5b c2 11 f1 09,01 00 22 01 11 02 00 00,01 00 22 01 11 02 00 00,8,,16915.93
custom-runner,2063,23,0,no,OK,,00 00 22 81 42 11 68 8a,00 00 22 00 11 00 00 00,00 00 22 00 11 00 00 00,8,,16933.20
custom-runner,2064,23,1,no,OK,,00 01 22 6e e9 11 53 d7,00 01 22 00 11 00 00 00,00 01 22 00 11 00 00 00,8,,16955.74
custom-runner,2065,23,2,no,OK,,00 02 22 16 f2 11 82 d9,00 02 22 00 11 00 00 00,00 02 22 00 11 00 00 00,8,,16894.28
custom-runner,2066,23,3,no,OK,,00 03 11 91 67 22 a3 f1,00 03 11 00 22 00 00 00,00 03 11 00 22 00 00 00,8,,16931.80
custom-runner,2067,23,4,no,OK,,00 04 11 46 e8 22 fc bf,00 04 11 00 22 00 00 00,00 04 11 00 22 00 00 00,8,,16980.76
custom-runner,2068,23,5,no,OK,,00 05 22 08 76 11 41 27,00 05 22 00 11 00 00 00,00 05 22 00 11 00 00 00,8,,16936.34
custom-runner,2069,23,6,no,OK,,00 06 11 cc 56 22 67 6d,00 06 11 00 22 00 00 00,00 06 11 00 22 00 00 00,8,,16885.67
custom-runner,2070,23,7,no,OK,,00 07 11 00 a1 22 d3 b5,00 07 11 00 22 00 00 00,00 07 11 00 22 00 00 00,8,,16916.21
custom-runner,2071,23,8,no,OK,,00 08 11 0d 8d 22 09 b3,00 08 11 00 22 00 00 00,00 08 11 00 22 00 00 00,8,,16925.85
custom-runner,2072,23,9,no,OK,,00 09 22 92 9e 11 9d a6,00 09 22 00 11 00 00 00,00 09 22 00 11 00 00 00,8,,16933.70
custom-runner,2073,23,10,no,OK,,00 0a 11 19 b4 22 2e 22,00 0a 11 00 22 00 00 00,00 0a 11 00 22 00 00 00,8,,16909.35
custom-runner,2074,23,11,no,OK,,00 0b 11 56 5c 22 1c 53,00 0b 11 00 22 00 00 00,00 0b 11 00 22 00 00 00,8,,16868.06
custom-runner,2075,23,12,no,OK,,00 0c 22 03 8f 11 e2 b3,00 0c 22 00 11 00 00 00,00 0c 22 00 11 00 00 00,8,,17023.38
custom-runner,2076,23,13,no,OK,,00 0d 11 fa 63 22 6e 94,00 0d 11 00 22 00 00 00,00 0d 11 00 22 00 00 00,8,,16819.63
custom-runner,2077,23,14,no,OK,,00 0e 11 4e 37 22 89 b4,00 0e 11 00 22 00 00 00,00 0e 11 00 22 00 00 00,8,,16954.92
custom-runner,2078,23,15,no,OK,,00 0f 11 7f 77 22 7c 3b,00 0f 11 00 22 00 00 00,00 0f 11 00 22 00 00 00,8,,16905.86
custom-runner,2079,23,16,yes,OK,,00 10 22 20 bb 11 0a ca,00 10 22 01 11 01 00 00,00 10 22 01 11 01 00 00,8,,16960.80
custom-runner,2080,23,17,yes,OK,,00 11 11 2f ed 22 c5 17,00 11 11 01 22 02 00 00,00 11 11 01 22 02 00 00,8,,16917.94
custom-runner,2081,23,18,yes,OK,,00 12 11 3e cb 22 c7 ad,00 12 11 01 22 02 00 00,00 12 11 01 22 02 00 00,8,,16907.58
custom-runner,2082,23,19,yes,OK,,00 13 11 16 e1 22 cf dc,00 13 11 01 22 02 00 00,00 13 11 01 22 02 00 00,8,,17002.57
custom-runner,2083,23,20,yes,OK,,00 14 22 95 10 11 a4 1b,00 14 22 02 11 02 00 00,00 14 22 02 11 02 00 00,8,,16903.45
custom-runner,2084,23,21,yes,OK,,00 15 22 99 c2 11 02 a5,00 15 22 02 11 01 00 00,00 15 22 02 11 01 00 00,8,,17001.03
custom-runner,2085,23,22,yes,OK,,00 16 22 32 3f 11 2d fc,00 16 22 01 11 01 00 00,00 16 22 01 11 01 00 00,8,,16951.57
custom-runner,2086,23,23,yes,OK,,00 17 11 37 3c 22 c0 38,00 17 11 01 22 02 00 00,00 17 11 01 22 02 00 00,8,,16866.83
custom-runner,2087,23,24,yes,OK,,00 18 22 ff f2 11 7f ca,00 18 22 02 11 02 00 00,00 18 22 02 11 02 00 00,8,,16888.37
custom-runner,2088,23,25,yes,OK,,00 19 11 d6 a3 22 0b cf,00 19 11 02 22 01 00 00,00 19 11 02 22 01 00 00,8,,16996.10
custom-runner,2089,23,26,yes,OK,,00 1a 22 f8 b6 11 94 6c,00 1a 22 02 11 02 00 00,00 1a 22 02 11 02 00 00,8,,16877.86
custom-runner,2090,23,27,yes,OK,,00 1b 11 8d cc 22 66 38,00 1b 11 02 22 01 00 00,00 1b 11 02 22 01 00 00,8,,16972.63
custom-runner,2091,23,28,yes,OK,,00 1c 22 e5 4f 11 58 7f,00 1c 22 02 11 01 00 00,00 1c 22 02 11 01 00 00,8,,16818.48
custom-runner,2092,23,29,yes,OK,,00 1d 22 f4 8e 11 a7 32,00 1d 22 02 11 02 00 00,00 1d 22 02 11 02 00 00,8,,16900.74
custom-runner,2093,23,30,yes,OK,,00 1e 22 96 3b 11 12 4f,00 1e 22 01 11 01 00 00,00 1e 22 01 11 01 00 00,8,,16927.38
custom-runner,2094,23,31,yes,OK,,00 1f 22 eb 51 11 59 96,00 1f 22 02 11 02 00 00,00 1f 22 02 11 02 00 00,8,,17049.16
custom-runner,2095,23,32,yes,OK,,00 20 22 72 c1 11 52 69,00 20 22 01 11 01 00 00,00 20 22 01 11 01 00 00,8,,16836.28
custom-runner,2096,23,33,yes,OK,,00 21 22 87 98 11 40 23,00 21 22 01 11 01 00 00,00 21 22 01 11 01 00 00,8,,16913.92
custom-runner,2097,23,34,yes,OK,,00 22 22 ab e0 11 98 50,00 22 22 02 11 02 00 00,00 22 22 02 11 02 00 00,8,,16915.56
custom-runner,2098,23,35,yes,OK,,00 23 11 e4 7f 22 63 8d,00 23 11 02 22 01 00 00,00 23 11 02 22 01 00 00,8,,17095.51
custom-runner,2099,23,36,yes,OK,,00 24 22 01 74 11 72 af,00 24 22 01 11 02 00 00,00 24 22 01 11 02 00 00,8,,16799.20
custom-runner,2100,23,37,yes,OK,,00 25 22 68 56 11 d5 fd,00 25 22 01 11 02 00 00,00 25 22 01 11 02 00 00,8,,16880.32
custom-runner,2101,23,38,yes,OK,,00 26 11 8a 0c 22 2c bb,00 26 11 02 22 01 00 00,00 26 11 02 22 01 00 00,8,,17125.65
custom-runner,2102,23,39,yes,OK,,00 27 22 f2 16 11 d7 66,00 27 22 02 11 02 00 00,00 27 22 02 11 02 00 00,8,,16606.05
custom-runner,2103,23,40,yes,OK,,00 28 22 ba 46 11 67 a9,00 28 22 02 11 01 00 00,00 28 22 02 11 01 00 00,8,,16918.88
custom-runner,2104,23,41,yes,OK,,00 29 22 c5 fa 11 bb e0,00 29 22 02 11 02 00 00,00 29 22 02 11 02 00 00,8,,16921.58
custom-runner,2105,23,42,yes,OK,,00 2a 22 ad c2 11 83 8b,00 2a 22 02 11 01 00 00,00 2a 22 02 11 01 00 00,8,,16944.16
custom-runner,2106,23,43,yes,OK,,00 2b 11 e7 81 22 69 01,00 2b 11 02 22 01 00 00,00 2b 11 02 22 01 00 00,8,,16925.08
custom-runner,2107,23,44,yes,OK,,00 2c 22 81 1e 11 1a fb,00 2c 22 01 11 01 00 00,00 2c 22 01 11 01 00 00,8,,16867.03
custom-runner,2108,23,45,yes,OK,,00 2d 22 56 e6 11 02 81,00 2d 22 01 11 01 00 00,00 2d 22 01 11 01 00 00,8,,16978.23
custom-runner,2109,23,46,yes,OK,,00 2e 22 52 e5 11 96 9e,00 2e 22 01 11 02 00 00,00 2e 22 01 11 02 00 00,8,,17000.47
custom-runner,2110,23,47,yes,OK,,00 2f 11 35 64 22 c1 ec,00 2f 11 01 22 02 00 00,00 2f 11 01 22 02 00 00,8,,16969.02
custom-runner,2111,23,48,yes,OK,,00 30 11 b7 09 22 2e f1,00 30 11 02 22 01 00 00,00 30 11 02 22 01 00 00,8,,16871.63
custom-runner,2112,23,49,yes,OK,,00 31 22 96 87 11 79 57,00 31 22 02 11 01 00 00,00 31 22 02 11 01 00 00,8,,16860.31
custom-runner,2113,23,50,yes,OK,,00 32 11 aa 4a 22 3d f7,00 32 11 02 22 01 00 00,00 32 11 02 22 01 00 00,8,,16902.34
custom-runner,2114,23,51,yes,OK,,00 33 22 ba 89 11 59 6a,00 33 22 02 11 01 00 00,00 33 22 02 11 01 00 00,8,,17008.81
custom-runner,2115,23,52,yes,OK,,00 34 22 e1 61 11 a1 99,00 34 22 02 11 02 00 00,00 34 22 02 11 02 00 00,8,,16891.01
custom-runner,2116,23,53,yes,OK,,00 35 11 a0 f3 22 6f 96,00 35 11 02 22 01 00 00,00 35 11 02 22 01 00 00,8,,17008.68
custom-runner,2117,23,54,yes,OK,,00 36 22 91 c9 11 b6 e2,00 36 22 02 11 02 00 00,00 36 22 02 11 02 00 00,8,,16994.52
custom-runner,2118,23,55,yes,OK,,00 37 11 66 53 22 6b 98,00 37 11 01 22 01 00 00,00 37 11 01 22 01 00 00,8,,16800.93
custom-runner,2119,23,56,yes,OK,,00 38 11 11 ea 22 e9 ee,00 38 11 01 22 02 00 00,00 38 11 01 22 02 00 00,8,,17012.91
custom-runner,2120,23,57,yes,OK,,00 39 11 2d cd 22 f5 13,00 39 11 01 22 02 00 00,00 39 11 01 22 02 00 00,8,,16868.49
custom-runner,2121,23,58,yes,OK,,00 3a 22 54 01 11 33 fe,00 3a 22 01 11 01 00 00,00 3a 22 01 11 01 00 00,8,,16984.45
custom-runner,2122,23,59,yes,OK,,00 3b 11 26 fa 22 e6 e0,00 3b 11 01 22 02 00 00,00 3b 11 01 22 02 00 00,8,,16936.13
custom-runner,2123,23,60,yes,OK,,00 3c 11 35 22 22 6b 23,00 3c 11 01 22 01 00 00,00 3c 11 01 22 01 00 00,8,,16950.96
custom-runner,2124,23,61,yes,OK,,00 3d 22 64 18 11 94 29,00 3d 22 01 11 02 00 00,00 3d 22 01 11 02 00 00,8,,16778.59
custom-runner,2125,23,62,yes,OK,,00 3e 11 20 bf 22 f9 92,00 3e 11 01 22 02 00 00,00 3e 11 01 22 02 00 00,8,,17084.53
custom-runner,2126,23,63,yes,OK,,00 3f 22 30 a7 11 3c ea,00 3f 22 01 11 01 00 00,00 3f 22 01 11 01 00 00,8,,16800.35
custom-runner,2127,23,64,yes,OK,,00 40 11 a1 0e 22 ea 76,00 40 11 02 22 02 00 00,00 40 11 02 22 02 00 00,8,,16867.89
custom-runner,2128,23,65,yes,OK,,00 41 22 4c 5e 11 c0 75,00 41 22 01 11 02 00 00,00 41 22 01 11 02 00 00,8,,16959.64
custom-runner,2129,23,66,yes,OK,,00 42 22 9b fa 11 ea c7,00 42 22 01 11 02 00 00,00 42 22 01 11 02 00 00,8,,16964.88
custom-runner,2130,23,67,yes,OK,,00 43 22 9c fd 11 0c ea,00 43 22 01 11 01 00 00,00 43 22 01 11 01 00 00,8,,16797.09
custom-runner,2131,23,68,yes,OK,,00 44 22 ad 62 11 22 b0,00 44 22 02 11 01 00 00,00 44 22 02 11 01 00 00,8,,16979.43
custom-runner,2132,23,69,yes,OK,,00 45 11 d3 c0 22 38 28,00 45 11 02 22 01 00 00,00 45 11 02 22 01 00 00,8,,16900.28
custom-runner,2133,23,70,yes,OK,,00 46 22 19 26 11 98 af,00 46 22 01 11 02 00 00,00 46 22 01 11 02 00 00,8,,17046.56
custom-runner,2134,23,71,yes,OK,,00 47 11 3e 03 22 a8 31,00 47 11 01 22 02 00 00,00 47 11 01 22 02 00 00,8,,16838.25
custom-runner,2135,23,72,yes,OK,,00 48 11 b9 cd 22 be 2f,00 48 11 02 22 02 00 00,00 48 11 02 22 02 00 00,8,,16956.49
custom-runner,2136,23,73,yes,OK,,00 49 22 d1 bb 11 2d 34,00 49 22 02 11 01 00 00,00 49 22 02 11 01 00 00,8,,16971.04
custom-runner,2137,23,74,yes,OK,,00 4a 22 e1 4f 11 10 e5,00 4a 22 02 11 01 00 00,00 4a 22 02 11 01 00 00,8,,16847.42
custom-runner,2138,23,75,yes,OK,,00 4b 22 7e e5 11 1a fa,00 4b 22 01 11 01 00 00,00 4b 22 01 11 01 00 00,8,,16911.76
custom-runner,2139,23,76,yes,OK,,00 4c 22 18 a9 11 b0 7c,00 4c 22 01 11 02 00 00,00 4c 22 01 11 02 00 00,8,,16884.19
custom-runner,2140,23,77,yes,OK,,00 4d 11 80 2e 22 3e b9,00 4d 11 02 22 01 00 00,00 4d 11 02 22 01 00 00,8,,16932.57
custom-runner,2141,23,78,yes,OK,,00 4e 22 d5 6f 11 4b 85,00 4e 22 02 11 01 00 00,00 4e 22 02 11 01 00 00,8,,17034.02
custom-runner,2142,23,79,yes,OK,,00 4f 22 c7 ef 11 08 24,00 4f 22 02 11 01 00 00,00 4f 22 02 11 01 00 00,8,,16846.53
custom-runner,2143,23,80,yes,OK,,00 50 11 1f 76 22 9f df,00 50 11 01 22 02 00 00,00 50 11 01 22 02 00 00,8,,16964.23
custom-runner,2144,23,81,yes,OK,,00 51 11 81 fc 22 5f 4d,00 51 11 02 22 01 00 00,00 51 11 02 22 01 00 00,8,,16987.76
custom-runner,2145,23,82,yes,OK,,00 52 22 2e 95 11 82 d6,00 52 22 01 11 02 00 00,00 52 22 01 11 02 00 00,8,,16844.73
custom-runner,2146,23,83,yes,OK,,00 53 22 02 7f 11 6b c5,00 53 22 01 11 02 00 00,00 53 22 01 11 02 00 00,8,,16882.07
custom-runner,2147,23,84,yes,OK,,00 54 22 f0 53 11 f4 39,00 54 22 02 11 02 00 00,00 54 22 02 11 02 00 00,8,,16982.18
custom-runner,2148,23,85,yes,OK,,00 55 22 f0 38 11 bc 2c,00 55 22 02 11 02 00 00,00 55 22 02 11 02 00 00,8,,17028.28
custom-runner,2149,23,86,yes,OK,,00 56 11 d5 f1 22 a1 97,00 56 11 02 22 02 00 00,00 56 11 02 22 02 00 00,8,,16765.89
custom-runner,2150,23,87,yes,OK,,00 57 11 6a f9 22 19 69,00 57 11 01 22 01 00 00,00 57 11 01 22 01 00 00,8,,16974.20
custom-runner,2151,23,88,yes,OK,,00 58 11 7c 61 22 7d 58,00 58 11 02 22 01 00 00,00 58 11 02 22 01 00 00,8,,16965.11
custom-runner,2152,23,89,yes,OK,,00 59 22 2c 12 11 58 dd,00 59 22 01 11 01 00 00,00 59 22 01 11 01 00 00,8,,16911.31
custom-runner,2153,23,90,yes,OK,,00 5a 11 de 18 22 ff b8,00 5a 11 02 22 02 00 00,00 5a 11 02 22 02 00 00,8,,16860.88
custom-runner,2154,23,91,yes,OK,,00 5b 11 ba 9f 22 4c c3,00 5b 11 02 22 01 00 00,00 5b 11 02 22 01 00 00,8,,16969.78
custom-runner,2155,23,92,yes,OK,,00 5c 11 d5 fc 22 1f 9a,00 5c 11 02 22 01 00 00,00 5c 11 02 22 01 00 00,8,,16925.78
custom-runner,2156,23,93,yes,OK,,00 5d 22 62 21 11 37 11,00 5d 22 01 11 01 00 00,00 5d 22 01 11 01 00 00,8,,16949.22
custom-runner,2157,23,94,yes,OK,,00 5e 11 06 67 22 db 99,00 5e 11 01 22 02 00 00,00 5e 11 01 22 02 00 00,8,,16843.38
custom-runner,2158,23,95,yes,OK,,00 5f 22 c7 65 11 2c b2,00 5f 22 02 11 01 00 00,00 5f 22 02 11 01 00 00,8,,16967.57
custom-runner,2159,23,96,yes,OK,,00 60 22 97 ed 11 19 3b,00 60 22 02 11 01 00 00,00 60 22 02 11 01 00 00,8,,16966.18
custom-runner,2160,23,97,yes,OK,,00 61 11 23 8e 22 73 51,00 61 11 01 22 01 00 00,00 61 11 01 22 01 00 00,8,,16827.65
custom-runner,2161,23,98,yes,OK,,00 62 22 0a b6 11 42 52,00 62 22 01 11 01 00 00,00 62 22 01 11 01 00 00,8,,16975.44
custom-runner,2162,23,99,yes,OK,,00 63 22 cc 8e 11 ad e1,00 63 22 02 11 02 00 00,00 63 22 02 11 02 00 00,8,,16851.58
custom-runner,2163,23,100,yes,OK,,00 64 22 38 55 11 1c 04,00 64 22 01 11 01 00 00,00 64 22 01 11 01 00 00,8,,16917.69
custom-runner,2164,23,101,yes,OK,,00 65 22 f6 83 11 13 8f,00 65 22 02 11 01 00 00,00 65 22 02 11 01 00 00,8,,16997.70
custom-runner,2165,23,102,yes,OK,,00 66 22 73 c3 11 0f de,00 66 22 01 11 01 00 00,00 66 22 01 11 01 00 00,8,,16903.62
custom-runner,2166,23,103,yes,OK,,00 67 11 72 39 22 f6 07,00 67 11 02 22 02 00 00,00 67 11 02 22 02 00 00,8,,16818.41
custom-runner,2167,23,104,yes,OK,,00 68 22 cc 2e 11 57 1a,00 68 22 02 11 02 00 00,00 68 22 02 11 02 00 00,8,,16920.41
custom-runner,2168,23,105,yes,OK,,00 69 22 a0 20 11 47 96,00 69 22 02 11 01 00 00,00 69 22 02 11 01 00 00,8,,16923.53
custom-runner,2169,23,106,yes,OK,,00 6a 11 4c 14 22 a1 a6,00 6a 11 01 22 02 00 00,00 6a 11 01 22 02 00 00,8,,16914.24
custom-runner,2170,23,107,yes,OK,,00 6b 11 c0 3e 22 a8 47,00 6b 11 02 22 02 00 00,00 6b 11 02 22 02 00 00,8,,16873.31
custom-runner,2171,23,108,yes,OK,,00 6c 22 31 8d 11 ab 4f,00 6c 22 01 11 02 00 00,00 6c 22 01 11 02 00 00,8,,16980.79
custom-runner,2172,23,109,yes,OK,,00 6d 11 5f dc 22 74 b1,00 6d 11 02 22 01 00 00,00 6d 11 02 22 01 00 00,8,,16890.06
custom-runner,2173,23,110,yes,OK,,00 6e 11 39 c2 22 9b 27,00 6e 11 01 22 02 00 00,00 6e 11 01 22 02 00 00,8,,16910.08
custom-runner,2174,23,111,yes,OK,,00 6f 22 b2 7f 11 e9 3f,00 6f 22 02 11 02 00 00,00 6f 22 02 11 02 00 00,8,,16898.31
custom-runner,2175,23,112,yes,OK,,00 70 11 0f 68 22 87 3a,00 70 11 01 22 01 00 00,00 70 11 01 22 01 00 00,8,,17002.51
custom-runner,2176,23,113,yes,OK,,00 71 22 97 3e 11 bb 07,00 71 22 02 11 02 00 00,00 71 22 02 11 02 00 00,8,,16830.62
custom-runner,2177,23,114,yes,OK,,00 72 22 e0 6d 11 85 83,00 72 22 02 11 02 00 00,00 72 22 02 11 02 00 00,8,,17054.51
custom-runner,2178,23,115,yes,OK,,00 73 11 1e 04 22 e2 cf,00 73 11 01 22 02 00 00,00 73 11 01 22 02 00 00,8,,16867.56
custom-runner,2179,23,116,yes,OK,,00 74 11 96 19 22 e9 37,00 74 11 02 22 02 00 00,00 74 11 02 22 02 00 00,8,,16990.56
custom-runner,2180,23,117,yes,OK,,00 75 22 c5 98 11 6f 1d,00 75 22 02 11 02 00 00,00 75 22 02 11 02 00 00,8,,16776.93
custom-runner,2181,23,118,yes,OK,,00 76 11 04 1f 22 f3 84,00 76 11 01 22 02 00 00,00 76 11 01 22 02 00 00,8,,17013.56
custom-runner,2182,23,119,yes,OK,,00 77 22 ba 5d 11 5f 92,00 77 22 02 11 01 00 00,00 77 22 02 11 01 00 00,8,,16812.35
custom-runner,2183,23,120,yes,OK,,00 78 11 30 fc 22 c4 26,00 78 11 01 22 02 00 00,00 78 11 01 22 02 00 00,8,,16990.69
custom-runner,2184,23,121,yes,OK,,00 79 22 44 06 11 09 94,00 79 22 01 11 01 00 00,00 79 22 01 11 01 00 00,8,,16960.39
custom-runner,2185,23,122,yes,OK,,00 7a 11 53 30 22 4f d0,00 7a 11 01 22 01 00 00,00 7a 11 01 22 01 00 00,8,,16811.70
custom-runner,2186,23,123,yes,OK,,00 7b 22 9b b2 11 bb f1,00 7b 22 01 11 02 00 00,00 7b 22 01 11 02 00 00,8,,16962.40
custom-runner,2187,23,124,yes,OK,,00 7c 22 78 c2 11 a0 1b,00 7c 22 01 11 02 00 00,00 7c 22 01 11 02 00 00,8,,16939.80
custom-runner,2188,23,125,yes,OK,,00 7d 11 43 63 22 31 1c,00 7d 11 01 22 01 00 00,00 7d 11 01 22 01 00 00,8,,18303.40
custom-runner,2189,23,126,yes,OK,,00 7e 11 22 0e 22 58 c6,00 7e 11 01 22 01 00 00,00 7e 11 01 22 01 00 00,8,,15501.77
custom-runner,2190,23,127,yes,OK,,00 7f 22 3d 89 11 ff f6,00 7f 22 01 11 02 00 00,00 7f 22 01 11 02 00 00,8,,16934.78
custom-runner,2191,23,128,yes,OK,,00 80 22 c5 6d 11 24 2c,00 80 22 02 11 01 00 00,00 80 22 02 11 01 00 00,8,,16997.44
custom-runner,2192,23,129,yes,OK,,00 81 22 ac 57 11 71 ce,00 81 22 02 11 02 00 00,00 81 22 02 11 02 00 00,8,,16842.13
custom-runner,2193,23,130,yes,OK,,00 82 22 8b 39 11 86 27,00 82 22 01 11 02 00 00,00 82 22 01 11 02 00 00,8,,16854.67
custom-runner,2194,23,131,yes,OK,,00 83 11 88 84 22 f6 3f,00 83 11 02 22 02 00 00,00 83 11 02 22 02 00 00,8,,16887.92
custom-runner,2195,23,132,yes,OK,,00 84 11 65 f6 22 a4 e6,00 84 11 02 22 02 00 00,00 84 11 02 22 02 00 00,8,,16996.09
custom-runner,2196,23,133,yes,OK,,00 85 22 f0 65 11 a4 d2,00 85 22 02 11 02 00 00,00 85 22 02 11 02 00 00,8,,16854.78
custom-runner,2197,23,134,yes,OK,,00 86 11 8e b4 22 a0 87,00 86 11 02 22 02 00 00,00 86 11 02 22 02 00 00,8,,16886.61
custom-runner,2198,23,135,yes,OK,,00 87 11 92 1e 22 f7 5b,00 87 11 02 22 02 00 00,00 87 11 02 22 02 00 00,8,,16916.57
custom-runner,2199,23,136,yes,OK,,00 88 11 46 d4 22 6b 35,00 88 11 01 22 01 00 00,00 88 11 01 22 01 00 00,8,,16894.04
custom-runner,2200,23,137,yes,OK,,00 89 22 47 8b 11 c8 00,00 89 22 01 11 02 00 00,00 89 22 01 11 02 00 00,8,,17057.29
custom-runner,2201,23,138,yes,OK,,00 8a 11 0a 6f 22 9e fa,00 8a 11 01 22 02 00 00,00 8a 11 01 22 02 00 00,8,,16793.42
custom-runner,2202,23,139,yes,OK,,00 8b 11 2b e7 22 05 e1,00 8b 11 01 22 01 00 00,00 8b 11 01 22 01 00 00,8,,18585.56
custom-runner,2203,23,140,yes,OK,,00 8c 22 9b 7a 11 87 c8,00 8c 22 02 11 02 00 00,00 8c 22 02 11 02 00 00,8,,15224.14
custom-runner,2204,23,141,yes,OK,,00 8d 11 2e 8e 22 83 c4,00 8d 11 01 22 01 00 00,00 8d 11 01 22 01 00 00,8,,16792.83
custom-runner,2205,23,142,yes,OK,,00 8e 22 83 a0 11 dc 7f,00 8e 22 01 11 02 00 00,00 8e 22 01 11 02 00 00,8,,16882.39
custom-runner,2206,23,143,yes,OK,,00 8f 11 ec 7d 22 c2 b2,00 8f 11 02 22 02 00 00,00 8f 11 02 22 02 00 00,8,,16876.09
custom-runner,2207,23,144,yes,OK,,00 90 11 8e 96 22 9d b9,00 90 11 02 22 02 00 00,00 90 11 02 22 02 00 00,8,,17006.90
custom-runner,2208,23,145,yes,OK,,00 91 22 7c 5d 11 23 25,00 91 22 01 11 01 00 00,00 91 22 01 11 01 00 00,8,,16826.58
custom-runner,2209,23,146,yes,OK,,00 92 11 d0 0c 22 65 f0,00 92 11 02 22 01 00 00,00 92 11 02 22 01 00 00,8,,16983.24
custom-runner,2210,23,147,yes,OK,,00 93 22 2a 16 11 03 c2,00 93 22 01 11 01 00 00,00 93 22 01 11 01 00 00,8,,16900.96
custom-runner,2211,23,148,yes,OK,,00 94 11 ee 8a 22 a0 72,00 94 11 02 22 02 00 00,00 94 11 02 22 02 00 00,8,,17161.84
custom-runner,2212,23,149,yes,OK,,00 95 22 fb 36 11 4a 38,00 95 22 02 11 01 00 00,00 95 22 02 11 01 00 00,8,,16669.76
custom-runner,2213,23,150,yes,OK,,00 96 11 39 4f 22 12 98,00 96 11 01 22 01 00 00,00 96 11 01 22 01 00 00,8,,16887.29
custom-runner,2214,23,151,yes,OK,,00 97 11 e8 57 22 1e 96,00 97 11 02 22 01 00 00,00 97 11 02 22 01 00 00,8,,16873.34
custom-runner,2215,23,152,yes,OK,,00 98 22 60 0a 11 d7 b7,00 98 22 01 11 02 00 00,00 98 22 01 11 02 00 00,8,,16939.96
custom-runner,2216,23,153,yes,OK,,00 99 11 d2 6f 22 45 71,00 99 11 02 22 01 00 00,00 99 11 02 22 01 00 00,8,,16961.97
custom-runner,2217,23,154,yes,OK,,00 9a 22 7f bd 11 6f 30,00 9a 22 02 11 01 00 00,00 9a 22 02 11 01 00 00,8,,17000.34
custom-runner,2218,23,155,yes,OK,,00 9b 22 39 3f 11 09 7a,00 9b 22 01 11 01 00 00,00 9b 22 01 11 01 00 00,8,,16880.95
custom-runner,2219,23,156,yes,OK,,00 9c 22 48 c3 11 3e 9e,00 9c 22 01 11 01 00 00,00 9c 22 01 11 01 00 00,8,,16982.59
custom-runner,2220,23,157,yes,OK,,00 9d 22 05 a7 11 fa 3c,00 9d 22 01 11 02 00 00,00 9d 22 01 11 02 00 00,8,,16823.06
custom-runner,2221,23,158,yes,OK,,00 9e 11 d8 75 22 09 af,00 9e 11 02 22 01 00 00,00 9e 11 02 22 01 00 00,8,,16903.46
custom-runner,2222,23,159,yes,OK,,00 9f 22 95 b1 11 57 6e,00 9f 22 02 11 01 00 00,00 9f 22 02 11 01 00 00,8,,16933.43
custom-runner,2223,23,160,yes,OK,,00 a0 22 e9 07 11 13 08,00 a0 22 02 11 01 00 00,00 a0 22 02 11 01 00 00,8,,17018.62
custom-runner,2224,23,161,yes,OK,,00 a1 22 3b 16 11 7e 05,00 a1 22 01 11 01 00 00,00 a1 22 01 11 01 00 00,8,,16879.31
custom-runner,2225,23,162,yes,OK,,00 a2 11 a1 b9 22 4a 7f,00 a2 11 02 22 01 00 00,00 a2 11 02 22 01 00 00,8,,16907.76
custom-runner,2226,23,163,yes,OK,,00 a3 11 46 71 22 ac 62,00 a3 11 01 22 02 00 00,00 a3 11 01 22 02 00 00,8,,16906.63
custom-runner,2227,23,164,yes,OK,,00 a4 11 0e 7e 22 73 66,00 a4 11 01 22 02 00 00,00 a4 11 01 22 02 00 00,8,,16956.65
custom-runner,2228,23,165,yes,OK,,00 a5 22 73 ac 11 39 96,00 a5 22 02 11 01 00 00,00 a5 22 02 11 01 00 00,8,,16934.02
custom-runner,2229,23,166,yes,OK,,00 a6 11 03 85 22 69 8c,00 a6 11 01 22 02 00 00,00 a6 11 01 22 02 00 00,8,,16951.53
custom-runner,2230,23,167,yes,OK,,00 a7 22 f4 19 11 3b 81,00 a7 22 02 11 01 00 00,00 a7 22 02 11 01 00 00,8,,16894.55
custom-runner,2231,23,168,yes,OK,,00 a8 22 ec f5 11 26 c6,00 a8 22 02 11 01 00 00,00 a8 22 02 11 01 00 00,8,,16920.99
custom-runner,2232,23,169,yes,OK,,00 a9 11 8d e4 22 b5 5a,00 a9 11 02 22 02 00 00,00 a9 11 02 22 02 00 00,8,,16915.77
custom-runner,2233,23,170,yes,OK,,00 aa 22 a0 df 11 aa 6b,00 aa 22 02 11 02 00 00,00 aa 22 02 11 02 00 00,8,,16954.31
custom-runner,2234,23,171,yes,OK,,00 ab 11 f5 c9 22 90 b0,00 ab 11 02 22 02 00 00,00 ab 11 02 22 02 00 00,8,,16875.75
custom-runner,2235,23,172,yes,OK,,00 ac 11 33 a2 22 aa bd,00 ac 11 01 22 02 00 00,00 ac 11 01 22 02 00 00,8,,16949.24
custom-runner,2236,23,173,yes,OK,,00 ad 11 a7 05 22 cc 63,00 ad 11 02 22 02 00 00,00 ad 11 02 22 02 00 00,8,,16954.68
custom-runner,2237,23,174,yes,OK,,00 ae 11 c8 a8 22 8b 14,00 ae 11 02 22 01 00 00,00 ae 11 02 22 01 00 00,8,,16934.80
custom-runner,2238,23,175,yes,OK,,00 af 11 ef 51 22 12 47,00 af 11 02 22 01 00 00,00 af 11 02 22 01 00 00,8,,16924.20
custom-runner,2239,23,176,yes,OK,,00 b0 22 5a 3a 11 96 fa,00 b0 22 01 11 02 00 00,00 b0 22 01 11 02 00 00,8,,16977.18
custom-runner,2240,23,177,yes,OK,,00 b1 22 db d3 11 75 86,00 b1 22 02 11 01 00 00,00 b1 22 02 11 01 00 00,8,,16891.91
custom-runner,2241,23,178,yes,OK,,00 b2 11 35 31 22 44 22,00 b2 11 01 22 01 00 00,00 b2 11 01 22 01 00 00,8,,16963.95
custom-runner,2242,23,179,yes,OK,,00 b3 22 85 5d 11 56 0b,00 b3 22 01 11 01 00 00,00 b3 22 01 11 01 00 00,8,,16902.54
custom-runner,2243,23,180,yes,OK,,00 b4 22 db d1 11 ff 1d,00 b4 22 02 11 02 00 00,00 b4 22 02 11 02 00 00,8,,16918.88
custom-runner,2244,23,181,yes,OK,,00 b5 11 8b f3 22 ef a5,00 b5 11 02 22 02 00 00,00 b5 11 02 22 02 00 00,8,,16941.92
custom-runner,2245,23,182,yes,OK,,00 b6 22 e7 c2 11 d4 a1,00 b6 22 02 11 02 00 00,00 b6 22 02 11 02 00 00,8,,16829.08
custom-runner,2246,23,183,yes,OK,,00 b7 11 e5 d1 22 36 39,00 b7 11 02 22 01 00 00,00 b7 11 02 22 01 00 00,8,,16986.21
custom-runner,2247,23,184,yes,OK,,00 b8 22 c9 4e 11 b7 04,00 b8 22 02 11 02 00 00,00 b8 22 02 11 02 00 00,8,,16926.72
custom-runner,2248,23,185,yes,OK,,00 b9 22 76 23 11 3f d1,00 b9 22 01 11 01 00 00,00 b9 22 01 11 01 00 00,8,,16932.65
custom-runner,2249,23,186,yes,OK,,00 ba 22 60 ba 11 c6 36,00 ba 22 01 11 02 00 00,00 ba 22 01 11 02 00 00,8,,16904.50
custom-runner,2250,23,187,yes,OK,,00 bb 22 fe 6a 11 b7 92,00 bb 22 02 11 02 00 00,00 bb 22 02 11 02 00 00,8,,17011.89
custom-runner,2251,23,188,yes,OK,,00 bc 22 e4 92 11 10 5a,00 bc 22 02 11 01 00 00,00 bc 22 02 11 01 00 00,8,,16843.50
custom-runner,2252,23,189,yes,OK,,00 bd 22 a5 53 11 f3 8e,00 bd 22 02 11 02 00 00,00 bd 22 02 11 02 00 00,8,,16905.28
custom-runner,2253,23,190,yes,OK,,00 be 22 61 6c 11 14 68,00 be 22 01 11 01 00 00,00 be 22 01 11 01 00 00,8,,16865.99
custom-runner,2254,23,191,yes,OK,,00 bf 11 c5 b5 22 22 f8,00 bf 11 02 22 01 00 00,00 bf 11 02 22 01 00 00,8,,16989.87
custom-runner,2255,23,192,yes,OK,,00 c0 11 3f ef 22 85 13,00 c0 11 01 22 01 00 00,00 c0 11 01 22 01 00 00,8,,16849.17
custom-runner,2256,23,193,yes,OK,,00 c1 11 18 fb 22 d6 01,00 c1 11 01 22 02 00 00,00 c1 11 01 22 02 00 00,8,,16912.55
custom-runner,2257,23,194,yes,OK,,00 c2 11 0a 41 22 ee b9,00 c2 11 01 22 02 00 00,00 c2 11 01 22 02 00 00,8,,16938.73
custom-runner,2258,23,195,yes,OK,,00 c3 11 e9 b2 22 2d 03,00 c3 11 02 22 01 00 00,00 c3 11 02 22 01 00 00,8,,16962.72
custom-runner,2259,23,196,yes,OK,,00 c4 11 76 ca 22 f3 b7,00 c4 11 01 22 02 00 00,00 c4 11 01 22 02 00 00,8,,16823.70
custom-runner,2260,23,197,yes,OK,,00 c5 11 bf bb 22 89 7f,00 c5 11 02 22 01 00 00,00 c5 11 02 22 01 00 00,8,,17024.08
custom-runner,2261,23,198,yes,OK,,00 c6 22 08 f3 11 45 4e,00 c6 22 01 11 01 00 00,00 c6 22 01 11 01 00 00,8,,16928.16
custom-runner,2262,23,199,yes,OK,,00 c7 22 a5 6b 11 1d 3f,00 c7 22 02 11 01 00 00,00 c7 22 02 11 01 00 00,8,,16872.05
custom-runner,2263,23,200,yes,OK,,00 c8 22 c4 5e 11 38 30,00 c8 22 02 11 01 00 00,00 c8 22 02 11 01 00 00,8,,16933.16
custom-runner,2264,23,201,yes,OK,,00 c9 22 cc 7e 11 29 21,00 c9 22 02 11 01 00 00,00 c9 22 02 11 01 00 00,8,,16947.11
custom-runner,2265,23,202,yes,OK,,00 ca 11 fc 18 22 58 38,00 ca 11 02 22 01 00 00,00 ca 11 02 22 01 00 00,8,,16881.03
custom-runner,2266,23,203,yes,OK,,00 cb 22 2a 9a 11 bf 54,00 cb 22 01 11 02 00 00,00 cb 22 01 11 02 00 00,8,,16921.26
custom-runner,2267,23,204,yes,OK,,00 cc 22 be 8f 11 74 2f,00 cc 22 02 11 01 00 00,00 cc 22 02 11 01 00 00,8,,16900.71
custom-runner,2268,23,205,yes,OK,,00 cd 11 b6 5c 22 63 72,00 cd 11 02 22 01 00 00,00 cd 11 02 22 01 00 00,8,,16936.50
custom-runner,2269,23,206,yes,OK,,00 ce 22 e7 22 11 ff 0e,00 ce 22 02 11 02 00 00,00 ce 22 02 11 02 00 00,8,,16963.18
custom-runner,2270,23,207,yes,OK,,00 cf 22 f7 69 11 7a ce,00 cf 22 02 11 02 00 00,00 cf 22 02 11 02 00 00,8,,16853.44
custom-runner,2271,23,208,yes,OK,,00 d0 22 ea e4 11 44 1a,00 d0 22 02 11 01 00 00,00 d0 22 02 11 01 00 00,8,,16918.56
custom-runner,2272,23,209,yes,OK,,00 d1 11 9c ff 22 1b 87,00 d1 11 02 22 01 00 00,00 d1 11 02 22 01 00 00,8,,16980.86
custom-runner,2273,23,210,yes,OK,,00 d2 22 39 06 11 e2 25,00 d2 22 01 11 02 00 00,00 d2 22 01 11 02 00 00,8,,16855.67
custom-runner,2274,23,211,yes,OK,,00 d3 22 e6 61 11 71 c6,00 d3 22 02 11 01 00 00,00 d3 22 02 11 01 00 00,8,,17002.82
custom-runner,2275,23,212,yes,OK,,00 d4 22 64 aa 11 28 64,00 d4 22 01 11 01 00 00,00 d4 22 01 11 01 00 00,8,,16888.85
custom-runner,2276,23,213,yes,OK,,00 d5 22 4d 9f 11 68 1a,00 d5 22 01 11 01 00 00,00 d5 22 01 11 01 00 00,8,,16862.17
custom-runner,2277,23,214,yes,OK,,00 d6 22 9d 5c 11 9a b0,00 d6 22 02 11 02 00 00,00 d6 22 02 11 02 00 00,8,,16903.28
custom-runner,2278,23,215,yes,OK,,00 d7 22 a4 d9 11 f9 f1,00 d7 22 02 11 02 00 00,00 d7 22 02 11 02 00 00,8,,16933.88
custom-runner,2279,23,216,yes,OK,,00 d8 11 2a 06 22 58 d2,00 d8 11 01 22 01 00 00,00 d8 11 01 22 01 00 00,8,,16923.68
custom-runner,2280,23,217,yes,OK,,00 d9 22 b5 e6 11 18 1f,00 d9 22 02 11 01 00 00,00 d9 22 02 11 01 00 00,8,,16892.59
custom-runner,2281,23,218,yes,OK,,00 da 22 1d e6 11 4a 0a,00 da 22 01 11 01 00 00,00 da 22 01 11 01 00 00,8,,16988.61
custom-runner,2282,23,219,yes,OK,,00 db 22 1e e4 11 01 ee,00 db 22 01 11 01 00 00,00 db 22 01 11 01 00 00,8,,16872.59
custom-runner,2283,23,220,yes,OK,,00 dc 11 e6 cc 22 b9 a9,00 dc 11 02 22 02 00 00,00 dc 11 02 22 02 00 00,8,,16957.55
custom-runner,2284,23,221,yes,OK,,00 dd 11 62 1b 22 8d 72,00 dd 11 01 22 02 00 00,00 dd 11 01 22 02 00 00,8,,16910.32
custom-runner,2285,23,222,yes,OK,,00 de 11 4e 77 22 21 5e,00 de 11 01 22 01 00 00,00 de 11 01 22 01 00 00,8,,16942.29
custom-runner,2286,23,223,yes,OK,,00 df 22 a1 9b 11 a7 5c,00 df 22 02 11 02 00 00,00 df 22 02 11 02 00 00,8,,16896.46
custom-runner,2287,23,224,yes,OK,,00 e0 22 2a af 11 4a cb,00 e0 22 01 11 01 00 00,00 e0 22 01 11 01 00 00,8,,16945.96
custom-runner,2288,23,225,yes,OK,,00 e1 22 63 4f 11 d8 40,00 e1 22 01 11 02 00 00,00 e1 22 01 11 02 00 00,8,,16887.37
custom-runner,2289,23,226,yes,OK,,00 e2 11 69 fe 22 99 88,00 e2 11 01 22 02 00 00,00 e2 11 01 22 02 00 00,8,,16949.73
custom-runner,2290,23,227,yes,OK,,00 e3 11 e3 5c 22 41 4b,00 e3 11 02 22 01 00 00,00 e3 11 02 22 01 00 00,8,,16900.76
custom-runner,2291,23,228,yes,OK,,00 e4 22 94 5b 11 6e be,00 e4 22 02 11 01 00 00,00 e4 22 02 11 01 00 00,8,,16918.11
custom-runner,2292,23,229,yes,OK,,00 e5 11 31 f4 22 ac 49,00 e5 11 01 22 02 00 00,00 e5 11 01 22 02 00 00,8,,16910.12
custom-runner,2293,23,230,yes,OK,,00 e6 22 ff 96 11 1b 97,00 e6 22 02 11 01 00 00,00 e6 22 02 11 01 00 00,8,,16892.94
custom-runner,2294,23,231,yes,OK,,00 e7 22 db 77 11 26 73,00 e7 22 02 11 01 00 00,00 e7 22 02 11 01 00 00,8,,16901.78
custom-runner,2295,23,232,yes,OK,,00 e8 11 3e 22 22 62 b2,00 e8 11 01 22 01 00 00,00 e8 11 01 22 01 00 00,8,,16897.89
custom-runner,2296,23,233,yes,OK,,00 e9 22 bb f4 11 32 ef,00 e9 22 02 11 01 00 00,00 e9 22 02 11 01 00 00,8,,16922.13
custom-runner,2297,23,234,yes,OK,,00 ea 11 28 e8 22 c9 5c,00 ea 11 01 22 02 00 00,00 ea 11 01 22 02 00 00,8,,16911.73
custom-runner,2298,23,235,yes,OK,,00 eb 22 f7 a8 11 cb 02,00 eb 22 02 11 02 00 00,00 eb 22 02 11 02 00 00,8,,16981.60
custom-runner,2299,23,236,yes,OK,,00 ec 11 ea 82 22 75 4b,00 ec 11 02 22 01 00 00,00 ec 11 02 22 01 00 00,8,,16894.22
custom-runner,2300,23,237,yes,OK,,00 ed 11 6b bd 22 d5 ab,00 ed 11 01 22 02 00 00,00 ed 11 01 22 02 00 00,8,,17047.68
custom-runner,2301,23,238,yes,OK,,00 ee 11 bb 81 22 cc 3a,00 ee 11 02 22 02 00 00,00 ee 11 02 22 02 00 00,8,,16872.74
custom-runner,2302,23,239,yes,OK,,00 ef 22 ea 02 11 c9 3d,00 ef 22 02 11 02 00 00,00 ef 22 02 11 02 00 00,8,,16874.65
custom-runner,2303,23,240,yes,OK,,00 f0 22 60 be 11 9b 9b,00 f0 22 01 11 02 00 00,00 f0 22 01 11 02 00 00,8,,16892.51
custom-runner,2304,23,241,yes,OK,,00 f1 22 96 7f 11 2a 09,00 f1 22 01 11 01 00 00,00 f1 22 01 11 01 00 00,8,,16879.61
custom-runner,2305,23,242,yes,OK,,00 f2 22 08 12 11 c5 e2,00 f2 22 01 11 02 00 00,00 f2 22 01 11 02 00 00,8,,16936.95
custom-runner,2306,23,243,yes,OK,,00 f3 11 13 97 22 57 19,00 f3 11 01 22 01 00 00,00 f3 11 01 22 01 00 00,8,,16897.45
custom-runner,2307,23,244,yes,OK,,00 f4 11 b8 5c 22 f6 44,00 f4 11 02 22 02 00 00,00 f4 11 02 22 02 00 00,8,,16893.00
custom-runner,2308,23,245,yes,OK,,00 f5 22 f8 0d 11 7f 65,00 f5 22 02 11 02 00 00,00 f5 22 02 11 02 00 00,8,,16907.56
custom-runner,2309,23,246,yes,OK,,00 f6 22 1c 3f 11 99 f0,00 f6 22 01 11 02 00 00,00 f6 22 01 11 02 00 00,8,,17025.91
custom-runner,2310,23,247,yes,OK,,00 f7 11 09 c7 22 83 70,00 f7 11 01 22 01 00 00,00 f7 11 01 22 01 00 00,8,,16883.45
custom-runner,2311,23,248,yes,OK,,00 f8 11 a4 34 22 be 8d,00 f8 11 02 22 02 00 00,00 f8 11 02 22 02 00 00,8,,16943.03
custom-runner,2312,23,249,yes,OK,,00 f9 22 86 78 11 57 48,00 f9 22 01 11 01 00 00,00 f9 22 01 11 01 00 00,8,,16866.99
custom-runner,2313,23,250,yes,OK,,00 fa 11 f3 c2 22 06 32,00 fa 11 02 22 01 00 00,00 fa 11 02 22 01 00 00,8,,16948.58
custom-runner,2314,23,251,yes,OK,,00 fb 22 39 33 11 63 c4,00 fb 22 01 11 01 00 00,00 fb 22 01 11 01 00 00,8,,16837.32
custom-runner,2315,23,252,yes,OK,,00 fc 22 a1 60 11 7e 7f,00 fc 22 02 11 01 00 00,00 fc 22 02 11 01 00 00,8,,16961.05
custom-runner,2316,23,253,yes,OK,,00 fd 22 c4 99 11 28 84,00 fd 22 02 11 01 00 00,00 fd 22 02 11 01 00 00,8,,17436.34
custom-runner,2317,23,254,yes,OK,,00 fe 22 b3 a6 11 b7 73,00 fe 22 02 11 02 00 00,00 fe 22 02 11 02 00 00,8,,16516.32
custom-runner,2318,23,255,yes,OK,,00 ff 11 48 ab 22 70 59,00 ff 11 01 22 01 00 00,00 ff 11 01 22 01 00 00,8,,16777.11
custom-runner,2319,23,256,yes,OK,,01 00 22 86 63 11 48 69,01 00 22 02 11 01 00 00,01 00 22 02 11 01 00 00,8,,16945.91
custom-runner,2320,24,0,no,OK,,00 00 11 88 b7 22 27 08,00 00 11 00 22 00 00 00,00 00 11 00 22 00 00 00,8,,16874.53
custom-runner,2321,24,1,no,OK,,00 01 11 60 e8 22 f7 4a,00 01 11 00 22 00 00 00,00 01 11 00 22 00 00 00,8,,16900.63
custom-runner,2322,24,2,no,OK,,00 02 11 47 8e 22 41 91,00 02 11 00 22 00 00 00,00 02 11 00 22 00 00 00,8,,16952.21
custom-runner,2323,24,3,no,OK,,00 03 22 2f 1b 11 cf 11,00 03 22 00 11 00 00 00,00 03 22 00 11 00 00 00,8,,16922.94
custom-runner,2324,24,4,no,OK,,00 04 22 a4 07 11 78 89,00 04 22 00 11 00 00 00,00 04 22 00 11 00 00 00,8,,16894.34
custom-runner,2325,24,5,no,OK,,00 05 22 1d 55 11 be 10,00 05 22 00 11 00 00 00,00 05 22 00 11 00 00 00,8,,16943.94
custom-runner,2326,24,6,no,OK,,00 06 11 7b ac 22 f0 9f,00 06 11 00 22 00 00 00,00 06 11 00 22 00 00 00,8,,16919.29
custom-runner,2327,24,7,no,OK,,00 07 22 8d 7e 11 a5 5b,00 07 22 00 11 00 00 00,00 07 22 00 11 00 00 00,8,,16968.22
custom-runner,2328,24,8,no,OK,,00 08 11 12 82 22 6a 82,00 08 11 00 22 00 00 00,00 08 11 00 22 00 00 00,8,,16902.55
custom-runner,2329,24,9,no,OK,,00 09 22 cd 6a 11 99 7c,00 09 22 00 11 00 00 00,00 09 22 00 11 00 00 00,8,,16858.56
custom-runner,2330,24,10,no,OK,,00 0a 22 b2 14 11 e2 df,00 0a 22 00 11 00 00 00,00 0a 22 00 11 00 00 00,8,,16955.07
custom-runner,2331,24,11,no,OK,,00 0b 11 7b 4c 22 3d e0,00 0b 11 00 22 00 00 00,00 0b 11 00 22 00 00 00,8,,16911.84
custom-runner,2332,24,12,no,OK,,00 0c 11 93 5c 22 6e 98,00 0c 11 00 22 00 00 00,00 0c 11 00 22 00 00 00,8,,16941.24
custom-runner,2333,24,13,no,OK,,00 0d 22 c5 c9 11 58 8c,00 0d 22 00 11 00 00 00,00 0d 22 00 11 00 00 00,8,,16917.09
custom-runner,2334,24,14,no,OK,,00 0e 11 2d d9 22 1e f3,00 0e 11 00 22 00 00 00,00 0e 11 00 22 00 00 00,8,,16939.75
custom-runner,2335,24,15,no,OK,,00 0f 11 72 4a 22 57 ad,00 0f 11 00 22 00 00 00,00 0f 11 00 22 00 00 00,8,,16932.76
custom-runner,2336,24,16,yes,OK,,00 10 22 50 1a 11 a5 79,00 10 22 00 11 02 00 00,00 10 22 00 11 02 00 00,8,,16926.53
custom-runner,2337,24,17,yes,OK,,00 11 11 d3 42 22 4e bc,00 11 11 02 22 00 00 00,00 11 11 02 22 00 00 00,8,,16986.41
custom-runner,2338,24,18,yes,OK,,00 12 11 a9 ae 22 c0 3d,00 12 11 02 22 02 00 00,00 12 11 02 22 02 00 00,8,,16849.57
custom-runner,2339,24,19,yes,OK,,00 13 22 c3 96 11 84 fb,00 13 22 02 11 01 00 00,00 13 22 02 11 01 00 00,8,,16938.77
custom-runner,2340,24,20,yes,OK,,00 14 11 18 8b 22 81 8a,00 14 11 01 22 02 00 00,00 14 11 01 22 02 00 00,8,,17018.56
custom-runner,2341,24,21,yes,OK,,00 15 11 08 c6 22 2c 4a,00 15 11 01 22 01 00 00,00 15 11 01 22 01 00 00,8,,16967.40
custom-runner,2342,24,22,yes,OK,,00 16 11 5e 3e 22 60 90,00 16 11 01 22 01 00 00,00 16 11 01 22 01 00 00,8,,16842.21
custom-runner,2343,24,23,yes,OK,,00 17 22 4c e5 11 c6 8b,00 17 22 01 11 02 00 00,00 17 22 01 11 02 00 00,8,,16907.14
custom-runner,2344,24,24,yes,OK,,00 18 11 93 e6 22 16 ee,00 18 11 02 22 01 00 00,00 18 11 02 22 01 00 00,8,,16959.36
custom-runner,2345,24,25,yes,OK,,00 19 22 7c 51 11 59 69,00 19 22 02 11 01 00 00,00 19 22 02 11 01 00 00,8,,16959.97
custom-runner,2346,24,26,yes,OK,,00 1a 11 ab 4d 22 bc b3,00 1a 11 02 22 02 00 00,00 1a 11 02 22 02 00 00,8,,16884.62
custom-runner,2347,24,27,yes,OK,,00 1b 22 ca a0 11 f7 a1,00 1b 22 02 11 02 00 00,00 1b 22 02 11 02 00 00,8,,16916.12
custom-runner,2348,24,28,yes,OK,,00 1c 22 6c d6 11 3d 99,00 1c 22 01 11 01 00 00,00 1c 22 01 11 01 00 00,8,,16987.28
custom-runner,2349,24,29,yes,OK,,00 1d 11 21 85 22 d3 11,00 1d 11 01 22 02 00 00,00 1d 11 01 22 02 00 00,8,,16801.49
custom-runner,2350,24,30,yes,OK,,00 1e 11 ac 2b 22 1c 63,00 1e 11 02 22 01 00 00,00 1e 11 02 22 01 00 00,8,,16983.01
custom-runner,2351,24,31,yes,OK,,00 1f 11 18 8b 22 87 b8,00 1f 11 01 22 02 00 00,00 1f 11 01 22 02 00 00,8,,16993.90
custom-runner,2352,24,32,yes,OK,,00 20 22 4d 9d 11 e1 7c,00 20 22 01 11 02 00 00,00 20 22 01 11 02 00 00,8,,16803.65
custom-runner,2353,24,33,yes,OK,,00 21 11 d1 33 22 69 b1,00 21 11 02 22 01 00 00,00 21 11 02 22 01 00 00,8,,16949.15
custom-runner,2354,24,34,yes,OK,,00 22 11 d0 47 22 a2 86,00 22 11 02 22 02 00 00,00 22 11 02 22 02 00 00,8,,16965.38
custom-runner,2355,24,35,yes,OK,,00 23 22 8b f1 11 26 5c,00 23 22 02 11 01 00 00,00 23 22 02 11 01 00 00,8,,16882.23
custom-runner,2356,24,36,yes,OK,,00 24 22 65 1c 11 52 27,00 24 22 01 11 01 00 00,00 24 22 01 11 01 00 00,8,,16890.77
custom-runner,2357,24,37,yes,OK,,00 25 11 2c aa 22 15 78,00 25 11 01 22 01 00 00,00 25 11 01 22 01 00 00,8,,16956.92
custom-runner,2358,24,38,yes,OK,,00 26 11 d4 51 22 f5 3b,00 26 11 02 22 02 00 00,00 26 11 02 22 02 00 00,8,,16884.30
custom-runner,2359,24,39,yes,OK,,00 27 11 c6 7e 22 c8 37,00 27 11 02 22 02 00 00,00 27 11 02 22 02 00 00,8,,16934.26
custom-runner,2360,24,40,yes,OK,,00 28 22 4f 2a 11 14 7c,00 28 22 01 11 01 00 00,00 28 22 01 11 01 00 00,8,,16965.73
custom-runner,2361,24,41,yes,OK,,00 29 22 1b 10 11 28 fa,00 29 22 01 11 01 00 00,00 29 22 01 11 01 00 00,8,,16868.89
custom-runner,2362,24,42,yes,OK,,00 2a 11 b5 3f 22 35 b1,00 2a 11 02 22 01 00 00,00 2a 11 02 22 01 00 00,8,,16955.33
custom-runner,2363,24,43,yes,OK,,00 2b 22 1b 68 11 3c b1,00 2b 22 01 11 01 00 00,00 2b 22 01 11 01 00 00,8,,16882.95
custom-runner,2364,24,44,yes,OK,,00 2c 11 9f c1 22 1b 50,00 2c 11 02 22 01 00 00,00 2c 11 02 22 01 00 00,8,,16889.12
custom-runner,2365,24,45,yes,OK,,00 2d 22 dc b2 11 a0 b6,00 2d 22 02 11 02 00 00,00 2d 22 02 11 02 00 00,8,,16915.58
custom-runner,2366,24,46,yes,OK,,00 2e 22 bb cd 11 ac 4b,00 2e 22 02 11 02 00 00,00 2e 22 02 11 02 00 00,8,,16877.89
custom-runner,2367,24,47,yes,OK,,00 2f 22 24 13 11 5b 20,00 2f 22 01 11 01 00 00,00 2f 22 01 11 01 00 00,8,,17000.76
custom-runner,2368,24,48,yes,OK,,00 30 11 a7 5d 22 3f 97,00 30 11 02 22 01 00 00,00 30 11 02 22 01 00 00,8,,16986.07
custom-runner,2369,24,49,yes,OK,,00 31 22 64 52 11 af 0d,00 31 22 01 11 02 00 00,00 31 22 01 11 02 00 00,8,,16888.29
custom-runner,2370,24,50,yes,OK,,00 32 22 7d 90 11 79 8e,00 32 22 02 11 02 00 00,00 32 22 02 11 02 00 00,8,,16891.12
custom-runner,2371,24,51,yes,OK,,00 33 22 98 0f 11 62 f4,00 33 22 02 11 01 00 00,00 33 22 02 11 01 00 00,8,,16928.53
custom-runner,2372,24,52,yes,OK,,00 34 22 ce cb 11 29 db,00 34 22 02 11 01 00 00,00 34 22 02 11 01 00 00,8,,16937.85
custom-runner,2373,24,53,yes,OK,,00 35 22 d8 71 11 36 09,00 35 22 02 11 01 00 00,00 35 22 02 11 01 00 00,8,,16910.39
custom-runner,2374,24,54,yes,OK,,00 36 22 a7 90 11 ef c9,00 36 22 02 11 02 00 00,00 36 22 02 11 02 00 00,8,,16898.88
custom-runner,2375,24,55,yes,OK,,00 37 11 3c d3 22 aa fc,00 37 11 01 22 02 00 00,00 37 11 01 22 02 00 00,8,,16897.24
custom-runner,2376,24,56,yes,OK,,00 38 22 27 99 11 fb b9,00 38 22 01 11 02 00 00,00 38 22 01 11 02 00 00,8,,16915.81
custom-runner,2377,24,57,yes,OK,,00 39 22 99 87 11 64 7b,00 39 22 02 11 01 00 00,00 39 22 02 11 01 00 00,8,,16984.10
custom-runner,2378,24,58,yes,OK,,00 3a 22 3d 95 11 d5 86,00 3a 22 01 11 02 00 00,00 3a 22 01 11 02 00 00,8,,16919.34
custom-runner,2379,24,59,yes,OK,,00 3b 11 51 06 22 87 cd,00 3b 11 01 22 02 00 00,00 3b 11 01 22 02 00 00,8,,16888.26
custom-runner,2380,24,60,yes,OK,,00 3c 11 f8 7f 22 8c 26,00 3c 11 02 22 02 00 00,00 3c 11 02 22 02 00 00,8,,16921.24
custom-runner,2381,24,61,yes,OK,,00 3d 11 1d ce 22 4f 1a,00 3d 11 01 22 01 00 00,00 3d 11 01 22 01 00 00,8,,16958.17
custom-runner,2382,24,62,yes,OK,,00 3e 11 eb 00 22 fd 8b,00 3e 11 02 22 02 00 00,00 3e 11 02 22 02 00 00,8,,16967.19
custom-runner,2383,24,63,yes,OK,,00 3f 11 08 08 22 48 e4,00 3f 11 01 22 01 00 00,00 3f 11 01 22 01 00 00,8,,16906.34
custom-runner,2384,24,64,yes,OK,,00 40 11 9f 6a 22 f3 4f,00 40 11 02 22 02 00 00,00 40 11 02 22 02 00 00,8,,16872.36
custom-runner,2385,24,65,yes,OK,,00 41 22 4e bb 11 57 fe,00 41 22 01 11 01 00 00,00 41 22 01 11 01 00 00,8,,16870.44
custom-runner,2386,24,66,yes,OK,,00 42 22 02 8b 11 8b d3,00 42 22 01 11 02 00 00,00 42 22 01 11 02 00 00,8,,16863.99
custom-runner,2387,24,67,yes,OK,,00 43 11 c7 04 22 96 7e,00 43 11 02 22 02 00 00,00 43 11 02 22 02 00 00,8,,16938.84
custom-runner,2388,24,68,yes,OK,,00 44 11 bc f1 22 d7 65,00 44 11 02 22 02 00 00,00 44 11 02 22 02 00 00,8,,16903.59
custom-runner,2389,24,69,yes,OK,,00 45 22 8e 45 11 fd e1,00 45 22 02 11 02 00 00,00 45 22 02 11 02 00 00,8,,17041.73
custom-runner,2390,24,70,yes,OK,,00 46 11 d3 4d 22 33 5a,00 46 11 02 22 01 00 00,00 46 11 02 22 01 00 00,8,,16873.85
custom-runner,2391,24,71,yes,OK,,00 47 11 7b 90 22 32 b7,00 47 11 01 22 01 00 00,00 47 11 01 22 01 00 00,8,,16856.21
custom-runner,2392,24,72,yes,OK,,00 48 11 0f 2b 22 a7 d7,00 48 11 01 22 02 00 00,00 48 11 01 22 02 00 00,8,,16976.26
custom-runner,2393,24,73,yes,OK,,00 49 22 b4 c7 11 eb a0,00 49 22 02 11 02 00 00,00 49 22 02 11 02 00 00,8,,16845.92
custom-runner,2394,24,74,yes,OK,,00 4a 22 67 96 11 d5 c8,00 4a 22 01 11 02 00 00,00 4a 22 01 11 02 00 00,8,,16917.45
custom-runner,2395,24,75,yes,OK,,00 4b 22 40 86 11 6e 93,00 4b 22 01 11 01 00 00,00 4b 22 01 11 01 00 00,8,,16913.18
custom-runner,2396,24,76,yes,OK,,00 4c 11 58 98 22 a9 e2,00 4c 11 01 22 02 00 00,00 4c 11 01 22 02 00 00,8,,16892.24
custom-runner,2397,24,77,yes,OK,,00 4d 11 b5 cf 22 f7 90,00 4d 11 02 22 02 00 00,00 4d 11 02 22 02 00 00,8,,16949.14
custom-runner,2398,24,78,yes,OK,,00 4e 22 db da 11 f9 d3,00 4e 22 02 11 02 00 00,00 4e 22 02 11 02 00 00,8,,16918.17
custom-runner,2399,24,79,yes,OK,,00 4f 22 11 5e 11 4a 73,00 4f 22 01 11 01 00 00,00 4f 22 01 11 01 00 00,8,,17033.58
custom-runner,2400,24,80,yes,OK,,00 50 22 7e 59 11 06 da,00 50 22 02 11 01 00 00,00 50 22 02 11 01 00 00,8,,16879.59
custom-runner,2401,24,81,yes,OK,,00 51 11 ec 1e 22 a0 74,00 51 11 02 22 02 00 00,00 51 11 02 22 02 00 00,8,,17272.92
custom-runner,2402,24,82,yes,OK,,00 52 11 33 49 22 a6 94,00 52 11 01 22 02 00 00,00 52 11 01 22 02 00 00,8,,16540.96
custom-runner,2403,24,83,yes,OK,,00 53 11 b1 e1 22 db a2,00 53 11 02 22 02 00 00,00 53 11 02 22 02 00 00,8,,16921.13
custom-runner,2404,24,84,yes,OK,,00 54 22 c3 53 11 13 fe,00 54 22 02 11 01 00 00,00 54 22 02 11 01 00 00,8,,16945.43
custom-runner,2405,24,85,yes,OK,,00 55 22 c5 78 11 77 cf,00 55 22 02 11 01 00 00,00 55 22 02 11 01 00 00,8,,17033.65
custom-runner,2406,24,86,yes,OK,,00 56 22 c9 fc 11 9a 60,00 56 22 02 11 02 00 00,00 56 22 02 11 02 00 00,8,,16862.07
custom-runner,2407,24,87,yes,OK,,00 57 11 44 c3 22 06 d3,00 57 11 01 22 01 00 00,00 57 11 01 22 01 00 00,8,,16867.61
custom-runner,2408,24,88,yes,OK,,00 58 11 2d 97 22 53 62,00 58 11 01 22 01 00 00,00 58 11 01 22 01 00 00,8,,16942.46
custom-runner,2409,24,89,yes,OK,,00 59 11 c9 a6 22 e1 e5,00 59 11 02 22 02 00 00,00 59 11 02 22 02 00 00,8,,16930.37
custom-runner,2410,24,90,yes,OK,,00 5a 22 2c df 11 3c 43,00 5a 22 01 11 01 00 00,00 5a 22 01 11 01 00 00,8,,16939.95
custom-runner,2411,24,91,yes,OK,,00 5b 11 d7 f0 22 27 1c,00 5b 11 02 22 01 00 00,00 5b 11 02 22 01 00 00,8,,16869.78
custom-runner,2412,24,92,yes,OK,,00 5c 11 a2 8b 22 cf 53,00 5c 11 02 22 02 00 00,00 5c 11 02 22 02 00 00,8,,16903.11
custom-runner,2413,24,93,yes,OK,,00 5d 11 c0 30 22 1c dc,00 5d 11 02 22 01 00 00,00 5d 11 02 22 01 00 00,8,,16961.40
custom-runner,2414,24,94,yes,OK,,00 5e 11 c9 21 22 68 4f,00 5e 11 02 22 01 00 00,00 5e 11 02 22 01 00 00,8,,16980.51
custom-runner,2415,24,95,yes,OK,,00 5f 22 fd 8b 11 a2 7b,00 5f 22 02 11 02 00 00,00 5f 22 02 11 02 00 00,8,,16981.77
custom-runner,2416,24,96,yes,OK,,00 60 22 72 ba 11 8c 85,00 60 22 01 11 02 00 00,00 60 22 01 11 02 00 00,8,,16940.67
custom-runner,2417,24,97,yes,OK,,00 61 11 32 e5 22 8d fa,00 61 11 01 22 02 00 00,00 61 11 01 22 02 00 00,8,,16852.03
custom-runner,2418,24,98,yes,OK,,00 62 22 48 32 11 e9 af,00 62 22 01 11 02 00 00,00 62 22 01 11 02 00 00,8,,16885.16
custom-runner,2419,24,99,yes,OK,,00 63 11 f6 f7 22 c1 dd,00 63 11 02 22 02 00 00,00 63 11 02 22 02 00 00,8,,16958.37
custom-runner,2420,24,100,yes,OK,,00 64 22 9a c7 11 15 bf,00 64 22 02 11 01 00 00,00 64 22 02 11 01 00 00,8,,16965.31
custom-runner,2421,24,101,yes,OK,,00 65 11 df 54 22 9f 7c,00 65 11 02 22 02 00 00,00 65 11 02 22 02 00 00,8,,16915.05
custom-runner,2422,24,102,yes,OK,,00 66 11 5d 49 22 f5 01,00 66 11 01 22 02 00 00,00 66 11 01 22 02 00 00,8,,16876.03
custom-runner,2423,24,103,yes,OK,,00 67 22 b7 d2 11 21 15,00 67 22 02 11 01 00 00,00 67 22 02 11 01 00 00,8,,17091.77
custom-runner,2424,24,104,yes,OK,,00 68 11 43 fa 22 e7 58,00 68 11 01 22 02 00 00,00 68 11 01 22 02 00 00,8,,16806.01
custom-runner,2425,24,105,yes,OK,,00 69 11 9f e9 22 a1 66,00 69 11 02 22 02 00 00,00 69 11 02 22 02 00 00,8,,16900.49
custom-runner,2426,24,106,yes,OK,,00 6a 11 3c 21 22 af b2,00 6a 11 01 22 02 00 00,00 6a 11 01 22 02 00 00,8,,17043.62
custom-runner,2427,24,107,yes,OK,,00 6b 11 d0 ca 22 24 ef,00 6b 11 02 22 01 00 00,00 6b 11 02 22 01 00 00,8,,17037.70
custom-runner,2428,24,108,yes,OK,,00 6c 22 d9 e3 11 1d 6a,00 6c 22 02 11 01 00 00,00 6c 22 02 11 01 00 00,8,,16776.95
custom-runner,2429,24,109,yes,OK,,00 6d 11 14 d1 22 7d 46,00 6d 11 01 22 01 00 00,00 6d 11 01 22 01 00 00,8,,16916.64
custom-runner,2430,24,110,yes,OK,,00 6e 11 4b 5e 22 8d 82,00 6e 11 01 22 01 00 00,00 6e 11 01 22 01 00 00,8,,16914.77
custom-runner,2431,24,111,yes,OK,,00 6f 11 6f cd 22 af a8,00 6f 11 02 22 02 00 00,00 6f 11 02 22 02 00 00,8,,16939.33
custom-runner,2432,24,112,yes,OK,,00 70 11 72 19 22 f2 4b,00 70 11 02 22 02 00 00,00 70 11 02 22 02 00 00,8,,16977.49
custom-runner,2433,24,113,yes,OK,,00 71 11 d2 37 22 87 ef,00 71 11 02 22 01 00 00,00 71 11 02 22 01 00 00,8,,16940.77
custom-runner,2434,24,114,yes,OK,,00 72 11 3c f7 22 6c af,00 72 11 01 22 01 00 00,00 72 11 01 22 01 00 00,8,,16842.59
custom-runner,2435,24,115,yes,OK,,00 73 11 35 87 22 0c 10,00 73 11 01 22 01 00 00,00 73 11 01 22 01 00 00,8,,16918.19
custom-runner,2436,24,116,yes,OK,,00 74 11 1a f3 22 95 21,00 74 11 01 22 01 00 00,00 74 11 01 22 01 00 00,8,,17016.62
custom-runner,2437,24,117,yes,OK,,00 75 22 e3 a9 11 e5 8c,00 75 22 02 11 02 00 00,00 75 22 02 11 02 00 00,8,,16959.67
custom-runner,2438,24,118,yes,OK,,00 76 22 99 c6 11 c4 2e,00 76 22 01 11 02 00 00,00 76 22 01 11 02 00 00,8,,16898.42
custom-runner,2439,24,119,yes,OK,,00 77 11 7f de 22 4a 15,00 77 11 02 22 01 00 00,00 77 11 02 22 01 00 00,8,,16874.07
custom-runner,2440,24,120,yes,OK,,00 78 11 7b c9 22 3a 1b,00 78 11 02 22 01 00 00,00 78 11 02 22 01 00 00,8,,16889.20
custom-runner,2441,24,121,yes,OK,,00 79 11 c1 77 22 0b d4,00 79 11 02 22 01 00 00,00 79 11 02 22 01 00 00,8,,16945.10
custom-runner,2442,24,122,yes,OK,,00 7a 22 76 10 11 4e 36,00 7a 22 01 11 01 00 00,00 7a 22 01 11 01 00 00,8,,16964.05
custom-runner,2443,24,123,yes,OK,,00 7b 11 e3 c2 22 df 6d,00 7b 11 02 22 02 00 00,00 7b 11 02 22 02 00 00,8,,16899.81
custom-runner,2444,24,124,yes,OK,,00 7c 22 4f ed 11 a4 02,00 7c 22 01 11 02 00 00,00 7c 22 01 11 02 00 00,8,,16858.96
custom-runner,2445,24,125,yes,OK,,00 7d 22 a9 0e 11 43 ae,00 7d 22 02 11 01 00 00,00 7d 22 02 11 01 00 00,8,,16908.79
custom-runner,2446,24,126,yes,OK,,00 7e 22 cf c3 11 08 8f,00 7e 22 02 11 01 00 00,00 7e 22 02 11 01 00 00,8,,16935.30
custom-runner,2447,24,127,yes,OK,,00 7f 11 5b 5c 22 b7 d8,00 7f 11 01 22 02 00 00,00 7f 11 01 22 02 00 00,8,,16969.65
custom-runner,2448,24,128,yes,OK,,00 80 22 e8 29 11 33 d0,00 80 22 02 11 01 00 00,00 80 22 02 11 01 00 00,8,,17114.47
custom-runner,2449,24,129,yes,OK,,00 81 11 fa f7 22 9d 29,00 81 11 02 22 02 00 00,00 81 11 02 22 02 00 00,8,,16709.08
custom-runner,2450,24,130,yes,OK,,00 82 22 67 12 11 97 ff,00 82 22 01 11 02 00 00,00 82 22 01 11 02 00 00,8,,17093.56
custom-runner,2451,24,131,yes,OK,,00 83 22 86 d5 11 44 a4,00 83 22 01 11 01 00 00,00 83 22 01 11 01 00 00,8,,16906.03
custom-runner,2452,24,132,yes,OK,,00 84 11 5b 5b 22 94 16,00 84 11 01 22 02 00 00,00 84 11 01 22 02 00 00,8,,16755.12
custom-runner,2453,24,133,yes,OK,,00 85 11 88 8e 22 dd 7a,00 85 11 02 22 02 00 00,00 85 11 02 22 02 00 00,8,,16931.13
custom-runner,2454,24,134,yes,OK,,00 86 11 88 c0 22 0f 20,00 86 11 02 22 01 00 00,00 86 11 02 22 01 00 00,8,,16884.20
custom-runner,2455,24,135,yes,OK,,00 87 22 9e b1 11 2b 68,00 87 22 02 11 01 00 00,00 87 22 02 11 01 00 00,8,,16973.63
custom-runner,2456,24,136,yes,OK,,00 88 11 b2 f5 22 17 9a,00 88 11 02 22 01 00 00,00 88 11 02 22 01 00 00,8,,16837.28
custom-runner,2457,24,137,yes,OK,,00 89 11 b8 66 22 9a ff,00 89 11 02 22 02 00 00,00 89 11 02 22 02 00 00,8,,16986.54
custom-runner,2458,24,138,yes,OK,,00 8a 11 b9 e0 22 e8 ed,00 8a 11 02 22 02 00 00,00 8a 11 02 22 02 00 00,8,,16863.73
custom-runner,2459,24,139,yes,OK,,00 8b 22 5d ed 11 5f d7,00 8b 22 01 11 01 00 00,00 8b 22 01 11 01 00 00,8,,16929.39
custom-runner,2460,24,140,yes,OK,,00 8c 11 21 ed 22 de 9d,00 8c 11 01 22 02 00 00,00 8c 11 01 22 02 00 00,8,,16897.76
custom-runner,2461,24,141,yes,OK,,00 8d 22 d3 99 11 6e d1,00 8d 22 02 11 01 00 00,00 8d 22 02 11 01 00 00,8,,16907.96
custom-runner,2462,24,142,yes,OK,,00 8e 22 4f 6d 11 ce 73,00 8e 22 01 11 02 00 00,00 8e 22 01 11 02 00 00,8,,16932.61
custom-runner,2463,24,143,yes,OK,,00 8f 11 f2 a4 22 71 c3,00 8f 11 02 22 01 00 00,00 8f 11 02 22 01 00 00,8,,17023.28
custom-runner,2464,24,144,yes,OK,,00 90 22 44 b3 11 64 07,00 90 22 01 11 01 00 00,00 90 22 01 11 01 00 00,8,,16927.78
custom-runner,2465,24,145,yes,OK,,00 91 22 78 0d 11 05 2f,00 91 22 01 11 01 00 00,00 91 22 01 11 01 00 00,8,,16918.90
custom-runner,2466,24,146,yes,OK,,00 92 22 fc e6 11 0f d5,00 92 22 02 11 01 00 00,00 92 22 02 11 01 00 00,8,,16807.46
custom-runner,2467,24,147,yes,OK,,00 93 11 11 7c 22 f1 13,00 93 11 01 22 02 00 00,00 93 11 01 22 02 00 00,8,,17081.41
custom-runner,2468,24,148,yes,OK,,00 94 11 83 52 22 b3 19,00 94 11 02 22 02 00 00,00 94 11 02 22 02 00 00,8,,16973.79
custom-runner,2469,24,149,yes,OK,,00 95 22 71 64 11 5d e1,00 95 22 01 11 01 00 00,00 95 22 01 11 01 00 00,8,,16809.05
custom-runner,2470,24,150,yes,OK,,00 96 11 f7 c0 22 0c 68,00 96 11 02 22 01 00 00,00 96 11 02 22 01 00 00,8,,16930.23
custom-runner,2471,24,151,yes,OK,,00 97 11 df e5 22 9b 04,00 97 11 02 22 02 00 00,00 97 11 02 22 02 00 00,8,,16895.91
custom-runner,2472,24,152,yes,OK,,00 98 22 4d 9f 11 12 c9,00 98 22 01 11 01 00 00,00 98 22 01 11 01 00 00,8,,16974.53
custom-runner,2473,24,153,yes,OK,,00 99 11 9a d0 22 17 61,00 99 11 02 22 01 00 00,00 99 11 02 22 01 00 00,8,,16995.27
custom-runner,2474,24,154,yes,OK,,00 9a 22 28 69 11 3f 6e,00 9a 22 01 11 01 00 00,00 9a 22 01 11 01 00 00,8,,16773.39
custom-runner,2475,24,155,yes,OK,,00 9b 11 fa e4 22 14 94,00 9b 11 02 22 01 00 00,00 9b 11 02 22 01 00 00,8,,16920.93
custom-runner,2476,24,156,yes,OK,,00 9c 11 12 b2 22 43 24,00 9c 11 01 22 01 00 00,00 9c 11 01 22 01 00 00,8,,16845.03
custom-runner,2477,24,157,yes,OK,,00 9d 22 14 aa 11 52 d2,00 9d 22 01 11 01 00 00,00 9d 22 01 11 01 00 00,8,,16911.83
custom-runner,2478,24,158,yes,OK,,00 9e 22 b9 3c 11 f0 11,00 9e 22 02 11 02 00 00,00 9e 22 02 11 02 00 00,8,,16975.05
custom-runner,2479,24,159,yes,OK,,00 9f 22 78 7a 11 60 e2,00 9f 22 02 11 01 00 00,00 9f 22 02 11 01 00 00,8,,16931.13
custom-runner,2480,24,160,yes,OK,,00 a0 11 1f c4 22 d0 11,00 a0 11 01 22 02 00 00,00 a0 11 01 22 02 00 00,8,,16902.09
custom-runner,2481,24,161,yes,OK,,00 a1 11 6a fe 22 2d ae,00 a1 11 01 22 01 00 00,00 a1 11 01 22 01 00 00,8,,16955.00
custom-runner,2482,24,162,yes,OK,,00 a2 11 08 24 22 0c d1,00 a2 11 01 22 01 00 00,00 a2 11 01 22 01 00 00,8,,16923.39
custom-runner,2483,24,163,yes,OK,,00 a3 22 39 f0 11 a2 d4,00 a3 22 01 11 02 00 00,00 a3 22 01 11 02 00 00,8,,16932.36
custom-runner,2484,24,164,yes,OK,,00 a4 22 ce 5f 11 5a af,00 a4 22 02 11 01 00 00,00 a4 22 02 11 01 00 00,8,,16901.24
custom-runner,2485,24,165,yes,OK,,00 a5 11 5b a6 22 4c 4f,00 a5 11 01 22 01 00 00,00 a5 11 01 22 01 00 00,8,,16855.93
custom-runner,2486,24,166,yes,OK,,00 a6 22 cf 2c 11 23 a3,00 a6 22 02 11 01 00 00,00 a6 22 02 11 01 00 00,8,,16959.58
custom-runner,2487,24,167,yes,OK,,00 a7 11 03 90 22 66 58,00 a7 11 01 22 02 00 00,00 a7 11 01 22 02 00 00,8,,16856.26
custom-runner,2488,24,168,yes,OK,,00 a8 22 a8 76 11 3d 23,00 a8 22 02 11 01 00 00,00 a8 22 02 11 01 00 00,8,,16876.08
custom-runner,2489,24,169,yes,OK,,00 a9 11 ff c9 22 71 69,00 a9 11 02 22 02 00 00,00 a9 11 02 22 02 00 00,8,,16905.33
custom-runner,2490,24,170,yes,OK,,00 aa 22 3a cf 11 71 97,00 aa 22 01 11 02 00 00,00 aa 22 01 11 02 00 00,8,,16948.51
custom-runner,2491,24,171,yes,OK,,00 ab 11 06 8f 22 82 46,00 ab 11 01 22 02 00 00,00 ab 11 01 22 02 00 00,8,,16890.88
custom-runner,2492,24,172,yes,OK,,00 ac 22 b8 cb 11 01 4b,00 ac 22 02 11 01 00 00,00 ac 22 02 11 01 00 00,8,,16940.97
custom-runner,2493,24,173,yes,OK,,00 ad 11 15 17 22 26 8a,00 ad 11 01 22 01 00 00,00 ad 11 01 22 01 00 00,8,,16916.33
custom-runner,2494,24,174,yes,OK,,00 ae 22 80 ff 11 c7 b9,00 ae 22 02 11 02 00 00,00 ae 22 02 11 02 00 00,8,,16879.33
custom-runner,2495,24,175,yes,OK,,00 af 22 e8 a0 11 af 82,00 af 22 02 11 02 00 00,00 af 22 02 11 02 00 00,8,,16903.78
custom-runner,2496,24,176,yes,OK,,00 b0 22 66 ae 11 5b 3c,00 b0 22 01 11 02 00 00,00 b0 22 01 11 02 00 00,8,,16913.87
custom-runner,2497,24,177,yes,OK,,00 b1 22 49 76 11 32 47,00 b1 22 01 11 01 00 00,00 b1 22 01 11 01 00 00,8,,16913.79
custom-runner,2498,24,178,yes,OK,,00 b2 22 a7 bf 11 9f 81,00 b2 22 02 11 02 00 00,00 b2 22 02 11 02 00 00,8,,16902.27
custom-runner,2499,24,179,yes,OK,,00 b3 11 df c5 22 4a ea,00 b3 11 02 22 01 00 00,00 b3 11 02 22 01 00 00,8,,16901.46
custom-runner,2500,24,180,yes,OK,,00 b4 11 49 e0 22 1a 90,00 b4 11 01 22 01 00 00,00 b4 11 01 22 01 00 00,8,,16950.14
custom-runner,2501,24,181,yes,OK,,00 b5 22 9a 44 11 34 1e,00 b5 22 02 11 01 00 00,00 b5 22 02 11 01 00 00,8,,16999.79
custom-runner,2502,24,182,yes,OK,,00 b6 22 e2 9e 11 52 25,00 b6 22 02 11 01 00 00,00 b6 22 02 11 01 00 00,8,,16845.00
custom-runner,2503,24,183,yes,OK,,00 b7 11 39 cd 22 06 b5,00 b7 11 01 22 01 00 00,00 b7 11 01 22 01 00 00,8,,16886.36
custom-runner,2504,24,184,yes,OK,,00 b8 22 9c 33 11 5a 30,00 b8 22 02 11 01 00 00,00 b8 22 02 11 01 00 00,8,,16928.37
custom-runner,2505,24,185,yes,OK,,00 b9 22 b9 66 11 d2 75,00 b9 22 02 11 02 00 00,00 b9 22 02 11 02 00 00,8,,16895.65
custom-runner,2506,24,186,yes,OK,,00 ba 11 2d d6 22 27 97,00 ba 11 01 22 01 00 00,00 ba 11 01 22 01 00 00,8,,16894.22
custom-runner,2507,24,187,yes,OK,,00 bb 22 38 72 11 e9 be,00 bb 22 01 11 02 00 00,00 bb 22 01 11 02 00 00,8,,16915.15
custom-runner,2508,24,188,yes,OK,,00 bc 11 ed fe 22 c4 c7,00 bc 11 02 22 02 00 00,00 bc 11 02 22 02 00 00,8,,16898.87
custom-runner,2509,24,189,yes,OK,,00 bd 11 4d ce 22 3f b8,00 bd 11 01 22 01 00 00,00 bd 11 01 22 01 00 00,8,,16940.52
custom-runner,2510,24,190,yes,OK,,00 be 22 b7 03 11 81 7b,00 be 22 02 11 02 00 00,00 be 22 02 11 02 00 00,8,,16928.98
custom-runner,2511,24,191,yes,OK,,00 bf 11 3e 61 22 be fb,00 bf 11 01 22 02 00 00,00 bf 11 01 22 02 00 00,8,,16848.57
custom-runner,2512,24,192,yes,OK,,00 c0 11 25 ed 22 53 99,00 c0 11 01 22 01 00 00,00 c0 11 01 22 01 00 00,8,,17001.20
custom-runner,2513,24,193,yes,OK,,00 c1 11 f6 70 22 06 05,00 c1 11 02 22 01 00 00,00 c1 11 02 22 01 00 00,8,,16851.73
custom-runner,2514,24,194,yes,OK,,00 c2 11 64 49 22 e9 20,00 c2 11 01 22 02 00 00,00 c2 11 01 22 02 00 00,8,,16877.69
custom-runner,2515,24,195,yes,OK,,00 c3 11 d9 67 22 4d 71,00 c3 11 02 22 01 00 00,00 c3 11 02 22 01 00 00,8,,16972.74
custom-runner,2516,24,196,yes,OK,,00 c4 11 1d 8a 22 f9 38,00 c4 11 01 22 02 00 00,00 c4 11 01 22 02 00 00,8,,16853.05
custom-runner,2517,24,197,yes,OK,,00 c5 22 c5 d9 11 43 30,00 c5 22 02 11 01 00 00,00 c5 22 02 11 01 00 00,8,,16925.65
custom-runner,2518,24,198,yes,OK,,00 c6 22 62 d5 11 27 01,00 c6 22 01 11 01 00 00,00 c6 22 01 11 01 00 00,8,,16942.53
custom-runner,2519,24,199,yes,OK,,00 c7 11 63 84 22 7c 39,00 c7 11 01 22 01 00 00,00 c7 11 01 22 01 00 00,8,,16924.84
custom-runner,2520,24,200,yes,OK,,00 c8 22 ac 2f 11 b5 b8,00 c8 22 02 11 02 00 00,00 c8 22 02 11 02 00 00,8,,16910.05
custom-runner,2521,24,201,yes,OK,,00 c9 11 bb 30 22 6c 72,00 c9 11 02 22 01 00 00,00 c9 11 02 22 01 00 00,8,,16944.49
custom-runner,2522,24,202,yes,OK,,00 ca 22 ae b8 11 0a fc,00 ca 22 02 11 01 00 00,00 ca 22 02 11 01 00 00,8,,16884.17
custom-runner,2523,24,203,yes,OK,,00 cb 11 f4 58 22 46 a1,00 cb 11 02 22 01 00 00,00 cb 11 02 22 01 00 00,8,,16942.67
custom-runner,2524,24,204,yes,OK,,00 cc 11 21 03 22 04 ca,00 cc 11 01 22 01 00 00,00 cc 11 01 22 01 00 00,8,,16930.33
custom-runner,2525,24,205,yes,OK,,00 cd 22 e7 67 11 6d 78,00 cd 22 02 11 01 00 00,00 cd 22 02 11 01 00 00,8,,16911.85
custom-runner,2526,24,206,yes,OK,,00 ce 11 4b 52 22 0d 14,00 ce 11 01 22 01 00 00,00 ce 11 01 22 01 00 00,8,,16906.90
custom-runner,2527,24,207,yes,OK,,00 cf 22 f0 c5 11 bc 53,00 cf 22 02 11 02 00 00,00 cf 22 02 11 02 00 00,8,,16971.49
custom-runner,2528,24,208,yes,OK,,00 d0 11 8c 08 22 6f 3b,00 d0 11 02 22 01 00 00,00 d0 11 02 22 01 00 00,8,,16961.87
custom-runner,2529,24,209,yes,OK,,00 d1 22 22 92 11 60 50,00 d1 22 01 11 01 00 00,00 d1 22 01 11 01 00 00,8,,16816.78
custom-runner,2530,24,210,yes,OK,,00 d2 22 20 ed 11 fb 37,00 d2 22 01 11 02 00 00,00 d2 22 01 11 02 00 00,8,,16912.86
custom-runner,2531,24,211,yes,OK,,00 d3 11 9c ba 22 cf c7,00 d3 11 02 22 02 00 00,00 d3 11 02 22 02 00 00,8,,16955.21
custom-runner,2532,24,212,yes,OK,,00 d4 11 6a 32 22 af 1b,00 d4 11 01 22 02 00 00,00 d4 11 01 22 02 00 00,8,,16919.21
custom-runner,2533,24,213,yes,OK,,00 d5 22 fd 79 11 85 66,00 d5 22 02 11 02 00 00,00 d5 22 02 11 02 00 00,8,,16930.01
custom-runner,2534,24,214,yes,OK,,00 d6 11 ca 0f 22 2a c7,00 d6 11 02 22 01 00 00,00 d6 11 02 22 01 00 00,8,,17026.23
custom-runner,2535,24,215,yes,OK,,00 d7 11 bd 29 22 19 2b,00 d7 11 02 22 01 00 00,00 d7 11 02 22 01 00 00,8,,16804.92
custom-runner,2536,24,216,yes,OK,,00 d8 11 26 8a 22 08 e7,00 d8 11 01 22 01 00 00,00 d8 11 01 22 01 00 00,8,,17013.27
custom-runner,2537,24,217,yes,OK,,00 d9 11 35 97 22 94 d8,00 d9 11 01 22 02 00 00,00 d9 11 01 22 02 00 00,8,,16820.00
custom-runner,2538,24,218,yes,OK,,00 da 22 c5 31 11 0f 08,00 da 22 02 11 01 00 00,00 da 22 02 11 01 00 00,8,,16911.67
custom-runner,2539,24,219,yes,OK,,00 db 22 bf ef 11 8f a0,00 db 22 02 11 02 00 00,00 db 22 02 11 02 00 00,8,,16989.79
custom-runner,2540,24,220,yes,OK,,00 dc 11 3f b1 22 d9 4a,00 dc 11 01 22 02 00 00,00 dc 11 01 22 02 00 00,8,,17005.07
custom-runner,2541,24,221,yes,OK,,00 dd 11 47 01 22 2a 4e,00 dd 11 01 22 01 00 00,00 dd 11 01 22 01 00 00,8,,16794.64
custom-runner,2542,24,222,yes,OK,,00 de 22 0f 8f 11 ce 95,00 de 22 01 11 02 00 00,00 de 22 01 11 02 00 00,8,,16942.15
custom-runner,2543,24,223,yes,OK,,00 df 22 0b a5 11 c4 5e,00 df 22 01 11 02 00 00,00 df 22 01 11 02 00 00,8,,16900.35
custom-runner,2544,24,224,yes,OK,,00 e0 22 dd 71 11 98 8e,00 e0 22 02 11 02 00 00,00 e0 22 02 11 02 00 00,8,,17237.62
custom-runner,2545,24,225,yes,OK,,00 e1 22 30 e8 11 c3 5a,00 e1 22 01 11 02 00 00,00 e1 22 01 11 02 00 00,8,,16663.88
custom-runner,2546,24,226,yes,OK,,00 e2 22 78 28 11 58 5d,00 e2 22 01 11 01 00 00,00 e2 22 01 11 01 00 00,8,,16892.66
custom-runner,2547,24,227,yes,OK,,00 e3 11 27 df 22 d3 d6,00 e3 11 01 22 02 00 00,00 e3 11 01 22 02 00 00,8,,17072.91
custom-runner,2548,24,228,yes,OK,,00 e4 11 3d 18 22 52 17,00 e4 11 01 22 01 00 00,00 e4 11 01 22 01 00 00,8,,16836.04
custom-runner,2549,24,229,yes,OK,,00 e5 22 38 d8 11 91 10,00 e5 22 01 11 02 00 00,00 e5 22 01 11 02 00 00,8,,16953.77
custom-runner,2550,24,230,yes,OK,,00 e6 22 4c b7 11 20 d0,00 e6 22 01 11 01 00 00,00 e6 22 01 11 01 00 00,8,,16930.75
custom-runner,2551,24,231,yes,OK,,00 e7 22 50 3e 11 82 29,00 e7 22 01 11 02 00 00,00 e7 22 01 11 02 00 00,8,,16964.04
custom-runner,2552,24,232,yes,OK,,00 e8 11 3c 65 22 07 3a,00 e8 11 01 22 01 00 00,00 e8 11 01 22 01 00 00,8,,16841.76
custom-runner,2553,24,233,yes,OK,,00 e9 22 5e e3 11 26 aa,00 e9 22 01 11 01 00 00,00 e9 22 01 11 01 00 00,8,,16976.27
custom-runner,2554,24,234,yes,OK,,00 ea 22 2b 65 11 13 5e,00 ea 22 01 11 01 00 00,00 ea 22 01 11 01 00 00,8,,16923.41
custom-runner,2555,24,235,yes,OK,,00 eb 22 fc 2f 11 aa af,00 eb 22 02 11 02 00 00,00 eb 22 02 11 02 00 00,8,,16863.97
custom-runner,2556,24,236,yes,OK,,00 ec 11 f8 f1 22 82 8d,00 ec 11 02 22 02 00 00,00 ec 11 02 22 02 00 00,8,,16958.88
custom-runner,2557,24,237,yes,OK,,00 ed 22 73 8e 11 12 33,00 ed 22 02 11 01 00 00,00 ed 22 02 11 01 00 00,8,,16924.89
custom-runner,2558,24,238,yes,OK,,00 ee 22 a5 3f 11 eb 3f,00 ee 22 02 11 02 00 00,00 ee 22 02 11 02 00 00,8,,16878.35
custom-runner,2559,24,239,yes,OK,,00 ef 22 a7 8b 11 d5 da,00 ef 22 02 11 02 00 00,00 ef 22 02 11 02 00 00,8,,16951.12
custom-runner,2560,24,240,yes,OK,,00 f0 22 27 18 11 ee 3f,00 f0 22 01 11 02 00 00,00 f0 22 01 11 02 00 00,8,,16873.67
custom-runner,2561,24,241,yes,OK,,00 f1 22 09 74 11 9a 1e,00 f1 22 01 11 02 00 00,00 f1 22 01 11 02 00 00,8,,16973.60
custom-runner,2562,24,242,yes,OK,,00 f2 11 52 5d 22 ef 54,00 f2 11 01 22 02 00 00,00 f2 11 01 22 02 00 00,8,,16922.76
custom-runner,2563,24,243,yes,OK,,00 f3 11 34 3e 22 e7 71,00 f3 11 01 22 02 00 00,00 f3 11 01 22 02 00 00,8,,16938.19
custom-runner,2564,24,244,yes,OK,,00 f4 11 22 9f 22 95 05,00 f4 11 01 22 02 00 00,00 f4 11 01 22 02 00 00,8,,16887.18
custom-runner,2565,24,245,yes,OK,,00 f5 11 e1 69 22 e0 d7,00 f5 11 02 22 02 00 00,00 f5 11 02 22 02 00 00,8,,17024.23
custom-runner,2566,24,246,yes,OK,,00 f6 22 5a c5 11 85 ed,00 f6 22 01 11 02 00 00,00 f6 22 01 11 02 00 00,8,,16865.63
custom-runner,2567,24,247,yes,OK,,00 f7 11 14 f2 22 ca f5,00 f7 11 01 22 02 00 00,00 f7 11 01 22 02 00 00,8,,16913.15
custom-runner,2568,24,248,yes,OK,,00 f8 11 f6 c3 22 cd fb,00 f8 11 02 22 02 00 00,00 f8 11 02 22 02 00 00,8,,16916.05
custom-runner,2569,24,249,yes,OK,,00 f9 22 13 06 11 fb 6e,00 f9 22 01 11 02 00 00,00 f9 22 01 11 02 00 00,8,,16962.73
custom-runner,2570,24,250,yes,OK,,00 fa 11 d8 35 22 6b 01,00 fa 11 02 22 01 00 00,00 fa 11 02 22 01 00 00,8,,16920.36
custom-runner,2571,24,251,yes,OK,,00 fb 22 e7 d2 11 d2 e8,00 fb 22 02 11 02 00 00,00 fb 22 02 11 02 00 00,8,,16960.72
custom-runner,2572,24,252,yes,OK,,00 fc 22 19 a1 11 d7 fa,00 fc 22 01 11 02 00 00,00 fc 22 01 11 02 00 00,8,,17111.02
custom-runner,2573,24,253,yes,OK,,00 fd 11 7c ef 22 fa 35,00 fd 11 01 22 02 00 00,00 fd 11 01 22 02 00 00,8,,19474.80
custom-runner,2574,24,254,yes,OK,,00 fe 22 74 45 11 f1 c0,00 fe 22 01 11 02 00 00,00 fe 22 01 11 02 00 00,8,,15450.99
custom-runner,2575,24,255,yes,OK,,00 ff 22 b0 bd 11 41 32,00 ff 22 02 11 01 00 00,00 ff 22 02 11 01 00 00,8,,16113.87
custom-runner,2576,24,256,yes,OK,,01 00 22 41 96 11 47 27,01 00 22 01 11 01 00 00,01 00 22 01 11 01 00 00,8,,16578.38
custom-runner,2577,25,0,no,OK,,00 00 11 ba b8 22 ee 54,00 00 11 00 22 00 00 00,00 00 11 00 22 00 00 00,8,,17023.93
custom-runner,2578,25,1,no,OK,,00 01 22 2b ed 11 5e 32,00 01 22 00 11 00 00 00,00 01 22 00 11 00 00 00,8,,16523.45
custom-runner,2579,25,2,no,OK,,00 02 11 eb 96 22 d8 da,00 02 11 00 22 00 00 00,00 02 11 00 22 00 00 00,8,,16928.48
custom-runner,2580,25,3,no,OK,,00 03 11 9d 03 22 2f 22,00 03 11 00 22 00 00 00,00 03 11 00 22 00 00 00,8,,16881.07
custom-runner,2581,25,4,no,OK,,00 04 11 b0 68 22 33 55,00 04 11 00 22 00 00 00,00 04 11 00 22 00 00 00,8,,16955.10
custom-runner,2582,25,5,no,OK,,00 05 22 e4 da 11 2c 3f,00 05 22 00 11 00 00 00,00 05 22 00 11 00 00 00,8,,16974.17
custom-runner,2583,25,6,no,OK,,00 06 22 2b 8a 11 55 9b,00 06 22 00 11 00 00 00,00 06 22 00 11 00 00 00,8,,17541.61
custom-runner,2584,25,7,no,OK,,00 07 11 3c e0 22 fe d9,00 07 11 00 22 00 00 00,00 07 11 00 22 00 00 00,8,,16187.82
custom-runner,2585,25,8,no,OK,,00 08 22 86 01 11 ab 4c,00 08 22 00 11 00 00 00,00 08 22 00 11 00 00 00,8,,16865.20
custom-runner,2586,25,9,no,OK,,00 09 22 45 e5 11 0a eb,00 09 22 00 11 00 00 00,00 09 22 00 11 00 00 00,8,,16990.81
custom-runner,2587,25,10,no,OK,,00 0a 11 da 13 22 79 05,00 0a 11 00 22 00 00 00,00 0a 11 00 22 00 00 00,8,,16914.83
custom-runner,2588,25,11,no,OK,,00 0b 11 c0 4a 22 41 74,00 0b 11 00 22 00 00 00,00 0b 11 00 22 00 00 00,8,,16870.79
custom-runner,2589,25,12,no,OK,,00 0c 11 3b 13 22 36 78,00 0c 11 00 22 00 00 00,00 0c 11 00 22 00 00 00,8,,16901.55
custom-runner,2590,25,13,no,OK,,00 0d 22 17 3b 11 dc 6f,00 0d 22 00 11 00 00 00,00 0d 22 00 11 00 00 00,8,,16911.55
custom-runner,2591,25,14,no,OK,,00 0e 22 37 15 11 7a 00,00 0e 22 00 11 00 00 00,00 0e 22 00 11 00 00 00,8,,16989.27
custom-runner,2592,25,15,no,OK,,00 0f 22 ba af 11 2d a1,00 0f 22 00 11 00 00 00,00 0f 22 00 11 00 00 00,8,,16925.42
custom-runner,2593,25,16,yes,OK,,00 10 22 bc c1 11 62 ca,00 10 22 00 11 00 00 00,00 10 22 00 11 00 00 00,8,,17175.40
custom-runner,2594,25,17,yes,OK,,00 11 22 d0 34 11 63 73,00 11 22 00 11 00 00 00,00 11 22 00 11 00 00 00,8,,16768.89
custom-runner,2595,25,18,yes,OK,,00 12 11 f2 5d 22 e7 6b,00 12 11 02 22 00 00 00,00 12 11 02 22 00 00 00,8,,16902.02
custom-runner,2596,25,19,yes,OK,,00 13 22 2d ab 11 6b 7f,00 13 22 01 11 01 00 00,00 13 22 01 11 01 00 00,8,,16940.62
custom-runner,2597,25,20,yes,OK,,00 14 22 e1 f1 11 26 08,00 14 22 02 11 01 00 00,00 14 22 02 11 01 00 00,8,,16896.79
custom-runner,2598,25,21,yes,OK,,00 15 22 b1 ab 11 a5 f3,00 15 22 02 11 02 00 00,00 15 22 02 11 02 00 00,8,,16805.52
custom-runner,2599,25,22,yes,OK,,00 16 11 ca 2d 22 76 93,00 16 11 02 22 01 00 00,00 16 11 02 22 01 00 00,8,,16987.74
custom-runner,2600,25,23,yes,OK,,00 17 11 cb 86 22 b4 b1,00 17 11 02 22 02 00 00,00 17 11 02 22 02 00 00,8,,17016.36
custom-runner,2601,25,24,yes,OK,,00 18 11 bb e7 22 6c 91,00 18 11 02 22 01 00 00,00 18 11 02 22 01 00 00,8,,16809.88
custom-runner,2602,25,25,yes,OK,,00 19 22 dd 85 11 ca 79,00 19 22 02 11 02 00 00,00 19 22 02 11 02 00 00,8,,16891.66
custom-runner,2603,25,26,yes,OK,,00 1a 22 58 29 11 7b 63,00 1a 22 01 11 01 00 00,00 1a 22 01 11 01 00 00,8,,16926.08
custom-runner,2604,25,27,yes,OK,,00 1b 22 25 13 11 59 22,00 1b 22 01 11 01 00 00,00 1b 22 01 11 01 00 00,8,,16949.75
custom-runner,2605,25,28,yes,OK,,00 1c 11 1b b3 22 18 88,00 1c 11 01 22 01 00 00,00 1c 11 01 22 01 00 00,8,,16934.89
custom-runner,2606,25,29,yes,OK,,00 1d 11 70 60 22 00 75,00 1d 11 01 22 01 00 00,00 1d 11 01 22 01 00 00,8,,16871.74
custom-runner,2607,25,30,yes,OK,,00 1e 11 18 86 22 d8 0d,00 1e 11 01 22 02 00 00,00 1e 11 01 22 02 00 00,8,,16875.12
custom-runner,2608,25,31,yes,OK,,00 1f 11 47 e3 22 07 a4,00 1f 11 01 22 01 00 00,00 1f 11 01 22 01 00 00,8,,16948.20
custom-runner,2609,25,32,yes,OK,,00 20 11 bc 2a 22 93 22,00 20 11 02 22 02 00 00,00 20 11 02 22 02 00 00,8,,16922.54
custom-runner,2610,25,33,yes,OK,,00 21 11 29 93 22 9c 71,00 21 11 01 22 02 00 00,00 21 11 01 22 02 00 00,8,,16912.95
custom-runner,2611,25,34,yes,OK,,00 22 22 81 e6 11 d9 e8,00 22 22 02 11 02 00 00,00 22 22 02 11 02 00 00,8,,16932.26
custom-runner,2612,25,35,yes,OK,,00 23 22 7b 6c 11 ae b1,00 23 22 02 11 02 00 00,00 23 22 02 11 02 00 00,8,,16899.23
custom-runner,2613,25,36,yes,OK,,00 24 22 ea eb 11 33 df,00 24 22 02 11 01 00 00,00 24 22 02 11 01 00 00,8,,18487.85
custom-runner,2614,25,37,yes,OK,,00 25 11 a3 87 22 c9 13,00 25 11 02 22 02 00 00,00 25 11 02 22 02 00 00,8,,15333.01
custom-runner,2615,25,38,yes,OK,,00 26 11 e7 40 22 81 e8,00 26 11 02 22 02 00 00,00 26 11 02 22 02 00 00,8,,16907.31
custom-runner,2616,25,39,yes,OK,,00 27 22 e0 91 11 10 ad,00 27 22 02 11 01 00 00,00 27 22 02 11 01 00 00,8,,16961.31
custom-runner,2617,25,40,yes,OK,,00 28 11 86 d4 22 2c 31,00 28 11 02 22 01 00 00,00 28 11 02 22 01 00 00,8,,16876.08
custom-runner,2618,25,41,yes,OK,,00 29 11 54 05 22 36 f0,00 29 11 01 22 01 00 00,00 29 11 01 22 01 00 00,8,,16974.33
custom-runner,2619,25,42,yes,OK,,00 2a 22 48 cb 11 2c 57,00 2a 22 01 11 01 00 00,00 2a 22 01 11 01 00 00,8,,16954.94
custom-runner,2620,25,43,yes,OK,,00 2b 11 c7 af 22 b5 35,00 2b 11 02 22 02 00 00,00 2b 11 02 22 02 00 00,8,,16957.04
custom-runner,2621,25,44,yes,OK,,00 2c 22 ec c9 11 5d fa,00 2c 22 02 11 01 00 00,00 2c 22 02 11 01 00 00,8,,16909.86
custom-runner,2622,25,45,yes,OK,,00 2d 22 14 c9 11 a0 89,00 2d 22 01 11 02 00 00,00 2d 22 01 11 02 00 00,8,,17788.36
custom-runner,2623,25,46,yes,OK,,00 2e 22 9e 6e 11 c5 32,00 2e 22 02 11 02 00 00,00 2e 22 02 11 02 00 00,8,,15976.95
custom-runner,2624,25,47,yes,OK,,00 2f 22 86 b9 11 83 f7,00 2f 22 01 11 01 00 00,00 2f 22 01 11 01 00 00,8,,16953.66
custom-runner,2625,25,48,yes,OK,,00 30 11 00 ab 22 15 b2,00 30 11 01 22 01 00 00,00 30 11 01 22 01 00 00,8,,16909.15
custom-runner,2626,25,49,yes,OK,,00 31 22 4f 6c 11 27 56,00 31 22 01 11 01 00 00,00 31 22 01 11 01 00 00,8,,16888.64
custom-runner,2627,25,50,yes,OK,,00 32 22 d2 f3 11 fd 61,00 32 22 02 11 02 00 00,00 32 22 02 11 02 00 00,8,,16887.01
custom-runner,2628,25,51,yes,OK,,00 33 11 d5 1e 22 ab 04,00 33 11 02 22 02 00 00,00 33 11 02 22 02 00 00,8,,16940.85
custom-runner,2629,25,52,yes,OK,,00 34 11 8d a4 22 fd 50,00 34 11 02 22 02 00 00,00 34 11 02 22 02 00 00,8,,16886.74
custom-runner,2630,25,53,yes,OK,,00 35 22 2b 3f 11 ed f1,00 35 22 01 11 02 00 00,00 35 22 01 11 02 00 00,8,,16989.14
custom-runner,2631,25,54,yes,OK,,00 36 11 fc 46 22 0a 15,00 36 11 02 22 01 00 00,00 36 11 02 22 01 00 00,8,,16887.36
custom-runner,2632,25,55,yes,OK,,00 37 11 90 26 22 b3 cc,00 37 11 01 22 02 00 00,00 37 11 01 22 02 00 00,8,,16988.32
custom-runner,2633,25,56,yes,OK,,00 38 22 4d cf 11 82 9e,00 38 22 01 11 01 00 00,00 38 22 01 11 01 00 00,8,,16908.94
custom-runner,2634,25,57,yes,OK,,00 39 11 39 ae 22 a8 04,00 39 11 01 22 02 00 00,00 39 11 01 22 02 00 00,8,,16922.45
custom-runner,2635,25,58,yes,OK,,00 3a 11 91 de 22 6f 55,00 3a 11 01 22 01 00 00,00 3a 11 01 22 01 00 00,8,,17022.97
custom-runner,2636,25,59,yes,OK,,00 3b 22 de 6e 11 bf 8e,00 3b 22 02 11 02 00 00,00 3b 22 02 11 02 00 00,8,,16822.16
custom-runner,2637,25,60,yes,OK,,00 3c 11 86 b2 22 7c 9e,00 3c 11 01 22 02 00 00,00 3c 11 01 22 02 00 00,8,,16844.95
custom-runner,2638,25,61,yes,OK,,00 3d 22 19 d5 11 58 e9,00 3d 22 01 11 01 00 00,00 3d 22 01 11 01 00 00,8,,17045.94
custom-runner,2639,25,62,yes,OK,,00 3e 22 d8 ec 11 20 cd,00 3e 22 02 11 01 00 00,00 3e 22 02 11 01 00 00,8,,16891.14
custom-runner,2640,25,63,yes,OK,,00 3f 11 92 df 22 ec 5a,00 3f 11 02 22 02 00 00,00 3f 11 02 22 02 00 00,8,,16957.43
custom-runner,2641,25,64,yes,OK,,00 40 22 cc 1e 11 06 95,00 40 22 02 11 01 00 00,00 40 22 02 11 01 00 00,8,,16822.06
custom-runner,2642,25,65,yes,OK,,00 41 11 b3 a9 22 5b 75,00 41 11 02 22 01 00 00,00 41 11 02 22 01 00 00,8,,17033.97
custom-runner,2643,25,66,yes,OK,,00 42 11 5a d1 22 04 8d,00 42 11 01 22 01 00 00,00 42 11 01 22 01 00 00,8,,16869.95
custom-runner,2644,25,67,yes,OK,,00 43 22 29 a8 11 cb 4e,00 43 22 01 11 02 00 00,00 43 22 01 11 02 00 00,8,,16913.79
custom-runner,2645,25,68,yes,OK,,00 44 22 d5 cc 11 df f3,00 44 22 02 11 02 00 00,00 44 22 02 11 02 00 00,8,,16881.80
custom-runner,2646,25,69,yes,OK,,00 45 22 d6 f5 11 c9 26,00 45 22 02 11 02 00 00,00 45 22 02 11 02 00 00,8,,16880.28
custom-runner,2647,25,70,yes,OK,,00 46 22 c9 b6 11 04 a3,00 46 22 02 11 01 00 00,00 46 22 02 11 01 00 00,8,,16873.82
custom-runner,2648,25,71,yes,OK,,00 47 22 ea e6 11 de 24,00 47 22 02 11 02 00 00,00 47 22 02 11 02 00 00,8,,16943.78
custom-runner,2649,25,72,yes,OK,,00 48 22 af 9e 11 9a a7,00 48 22 02 11 02 00 00,00 48 22 02 11 02 00 00,8,,16954.94
custom-runner,2650,25,73,yes,OK,,00 49 22 99 33 11 d8 5e,00 49 22 01 11 02 00 00,00 49 22 01 11 02 00 00,8,,16911.34
custom-runner,2651,25,74,yes,OK,,00 4a 22 9e 14 11 69 a8,00 4a 22 02 11 01 00 00,00 4a 22 02 11 01 00 00,8,,16873.01
custom-runner,2652,25,75,yes,OK,,00 4b 11 14 16 22 f6 86,00 4b 11 01 22 02 00 00,00 4b 11 01 22 02 00 00,8,,16936.02
custom-runner,2653,25,76,yes,OK,,00 4c 11 ef d5 22 fe a4,00 4c 11 02 22 02 00 00,00 4c 11 02 22 02 00 00,8,,16920.01
custom-runner,2654,25,77,yes,OK,,00 4d 11 4e 77 22 40 0f,00 4d 11 01 22 01 00 00,00 4d 11 01 22 01 00 00,8,,16970.81
custom-runner,2655,25,78,yes,OK,,00 4e 11 10 c1 22 bf 57,00 4e 11 01 22 02 00 00,00 4e 11 01 22 02 00 00,8,,16911.57
custom-runner,2656,25,79,yes,OK,,00 4f 11 db 12 22 36 33,00 4f 11 02 22 01 00 00,00 4f 11 02 22 01 00 00,8,,16908.05
custom-runner,2657,25,80,yes,OK,,00 50 22 43 87 11 a2 83,00 50 22 01 11 02 00 00,00 50 22 01 11 02 00 00,8,,16958.32
custom-runner,2658,25,81,yes,OK,,00 51 22 50 45 11 30 8b,00 51 22 01 11 01 00 00,00 51 22 01 11 01 00 00,8,,16938.20
custom-runner,2659,25,82,yes,OK,,00 52 22 ad 74 11 17 9c,00 52 22 02 11 01 00 00,00 52 22 02 11 01 00 00,8,,16885.74
custom-runner,2660,25,83,yes,OK,,00 53 22 6f 35 11 7b f3,00 53 22 01 11 01 00 00,00 53 22 01 11 01 00 00,8,,16980.62
custom-runner,2661,25,84,yes,OK,,00 54 22 45 52 11 cd e4,00 54 22 01 11 02 00 00,00 54 22 01 11 02 00 00,8,,16906.13
custom-runner,2662,25,85,yes,OK,,00 55 22 0e 7c 11 63 6c,00 55 22 01 11 01 00 00,00 55 22 01 11 01 00 00,8,,16971.52
custom-runner,2663,25,86,yes,OK,,00 56 22 9b 26 11 0f ba,00 56 22 02 11 01 00 00,00 56 22 02 11 01 00 00,8,,16914.92
custom-runner,2664,25,87,yes,OK,,00 57 22 c4 3c 11 4e 14,00 57 22 02 11 01 00 00,00 57 22 02 11 01 00 00,8,,16928.20
custom-runner,2665,25,88,yes,OK,,00 58 22 75 c9 11 e0 05,00 58 22 01 11 02 00 00,00 58 22 01 11 02 00 00,8,,16919.15
custom-runner,2666,25,89,yes,OK,,00 59 22 4e cc 11 71 15,00 59 22 01 11 02 00 00,00 59 22 01 11 02 00 00,8,,16879.46
custom-runner,2667,25,90,yes,OK,,00 5a 11 d5 29 22 2f ac,00 5a 11 02 22 01 00 00,00 5a 11 02 22 01 00 00,8,,16989.07
custom-runner,2668,25,91,yes,OK,,00 5b 11 f5 81 22 f8 9b,00 5b 11 02 22 02 00 00,00 5b 11 02 22 02 00 00,8,,16823.23
custom-runner,2669,25,92,yes,OK,,00 5c 11 78 3f 22 db 66,00 5c 11 01 22 02 00 00,00 5c 11 01 22 02 00 00,8,,16925.88
custom-runner,2670,25,93,yes,OK,,00 5d 11 54 a7 22 92 46,00 5d 11 01 22 02 00 00,00 5d 11 01 22 02 00 00,8,,16946.82
custom-runner,2671,25,94,yes,OK,,00 5e 11 63 51 22 9f 5d,00 5e 11 01 22 02 00 00,00 5e 11 01 22 02 00 00,8,,16868.25
custom-runner,2672,25,95,yes,OK,,00 5f 22 8b 22 11 64 d1,00 5f 22 02 11 01 00 00,00 5f 22 02 11 01 00 00,8,,16883.15
custom-runner,2673,25,96,yes,OK,,00 60 22 a6 5f 11 bc 78,00 60 22 02 11 02 00 00,00 60 22 02 11 02 00 00,8,,16961.12
custom-runner,2674,25,97,yes,OK,,00 61 11 ab 59 22 e8 4f,00 61 11 02 22 02 00 00,00 61 11 02 22 02 00 00,8,,16913.11
custom-runner,2675,25,98,yes,OK,,00 62 11 53 a4 22 62 b5,00 62 11 01 22 01 00 00,00 62 11 01 22 01 00 00,8,,16890.62
custom-runner,2676,25,99,yes,OK,,00 63 11 5f 51 22 b6 c9,00 63 11 01 22 02 00 00,00 63 11 01 22 02 00 00,8,,16918.19
custom-runner,2677,25,100,yes,OK,,00 64 22 08 59 11 9f 65,00 64 22 01 11 02 00 00,00 64 22 01 11 02 00 00,8,,16892.14
custom-runner,2678,25,101,yes,OK,,00 65 22 68 5e 11 92 81,00 65 22 01 11 02 00 00,00 65 22 01 11 02 00 00,8,,17016.33
custom-runner,2679,25,102,yes,OK,,00 66 22 42 af 11 6b 48,00 66 22 01 11 01 00 00,00 66 22 01 11 01 00 00,8,,16875.09
custom-runner,2680,25,103,yes,OK,,00 67 11 6e 31 22 be 4e,00 67 11 01 22 02 00 00,00 67 11 01 22 02 00 00,8,,16875.40
custom-runner,2681,25,104,yes,OK,,00 68 22 9e 00 11 51 1f,00 68 22 02 11 01 00 00,00 68 22 02 11 01 00 00,8,,16949.52
custom-runner,2682,25,105,yes,OK,,00 69 22 cc 1f 11 65 de,00 69 22 02 11 01 00 00,00 69 22 02 11 01 00 00,8,,16954.70
custom-runner,2683,25,106,yes,OK,,00 6a 22 eb 26 11 a5 c2,00 6a 22 02 11 02 00 00,00 6a 22 02 11 02 00 00,8,,16807.26
custom-runner,2684,25,107,yes,OK,,00 6b 11 66 da 22 50 1d,00 6b 11 01 22 01 00 00,00 6b 11 01 22 01 00 00,8,,16942.67
custom-runner,2685,25,108,yes,OK,,00 6c 22 bc d5 11 19 40,00 6c 22 02 11 01 00 00,00 6c 22 02 11 01 00 00,8,,16997.50
custom-runner,2686,25,109,yes,OK,,00 6d 11 88 39 22 bc 42,00 6d 11 02 22 02 00 00,00 6d 11 02 22 02 00 00,8,,16855.07
custom-runner,2687,25,110,yes,OK,,00 6e 22 40 fc 11 3e d9,00 6e 22 01 11 01 00 00,00 6e 22 01 11 01 00 00,8,,17092.79
custom-runner,2688,25,111,yes,OK,,00 6f 22 80 50 11 83 ba,00 6f 22 01 11 02 00 00,00 6f 22 01 11 02 00 00,8,,16861.17
custom-runner,2689,25,112,yes,OK,,00 70 22 b0 2f 11 d9 ff,00 70 22 02 11 02 00 00,00 70 22 02 11 02 00 00,8,,16907.86
custom-runner,2690,25,113,yes,OK,,00 71 22 21 7f 11 6f 30,00 71 22 01 11 01 00 00,00 71 22 01 11 01 00 00,8,,16901.43
custom-runner,2691,25,114,yes,OK,,00 72 22 d6 ba 11 da 60,00 72 22 02 11 02 00 00,00 72 22 02 11 02 00 00,8,,17119.07
custom-runner,2692,25,115,yes,OK,,00 73 11 68 c4 22 aa 62,00 73 11 01 22 02 00 00,00 73 11 01 22 02 00 00,8,,16660.42
custom-runner,2693,25,116,yes,OK,,00 74 22 8b c6 11 5f 1f,00 74 22 01 11 01 00 00,00 74 22 01 11 01 00 00,8,,16998.39
custom-runner,2694,25,117,yes,OK,,00 75 11 3a cc 22 96 34,00 75 11 01 22 02 00 00,00 75 11 01 22 02 00 00,8,,16890.21
custom-runner,2695,25,118,yes,OK,,00 76 11 0e a5 22 b7 95,00 76 11 01 22 02 00 00,00 76 11 01 22 02 00 00,8,,16939.72
custom-runner,2696,25,119,yes,OK,,00 77 22 b7 34 11 10 ce,00 77 22 02 11 01 00 00,00 77 22 02 11 01 00 00,8,,16937.88
custom-runner,2697,25,120,yes,OK,,00 78 22 87 d6 11 90 cb,00 78 22 01 11 02 00 00,00 78 22 01 11 02 00 00,8,,17034.90
custom-runner,2698,25,121,yes,OK,,00 79 22 01 b8 11 20 d6,00 79 22 01 11 01 00 00,00 79 22 01 11 01 00 00,8,,16800.88
custom-runner,2699,25,122,yes,OK,,00 7a 22 e9 3b 11 aa 4a,00 7a 22 02 11 02 00 00,00 7a 22 02 11 02 00 00,8,,16999.98
custom-runner,2700,25,123,yes,OK,,00 7b 22 97 1b 11 2b 26,00 7b 22 02 11 01 00 00,00 7b 22 02 11 01 00 00,8,,16904.59
custom-runner,2701,25,124,yes,OK,,00 7c 22 9f 9e 11 d0 59,00 7c 22 02 11 02 00 00,00 7c 22 02 11 02 00 00,8,,16915.96
custom-runner,2702,25,125,yes,OK,,00 7d 22 39 05 11 5b a6,00 7d 22 01 11 01 00 00,00 7d 22 01 11 01 00 00,8,,16866.23
custom-runner,2703,25,126,yes,OK,,00 7e 11 65 8e 22 b5 c2,00 7e 11 01 22 02 00 00,00 7e 11 01 22 02 00 00,8,,17027.31
custom-runner,2704,25,127,yes,OK,,00 7f 11 06 c1 22 84 68,00 7f 11 01 22 01 00 00,00 7f 11 01 22 01 00 00,8,,16873.96
custom-runner,2705,25,128,yes,OK,,00 80 11 65 8c 22 30 cb,00 80 11 02 22 01 00 00,00 80 11 02 22 01 00 00,8,,16905.49
custom-runner,2706,25,129,yes,OK,,00 81 11 c5 29 22 5a be,00 81 11 02 22 01 00 00,00 81 11 02 22 01 00 00,8,,16785.16
custom-runner,2707,25,130,yes,OK,,00 82 22 91 97 11 b2 11,00 82 22 02 11 02 00 00,00 82 22 02 11 02 00 00,8,,16995.90
custom-runner,2708,25,131,yes,OK,,00 83 22 2a 56 11 67 ba,00 83 22 01 11 02 00 00,00 83 22 01 11 02 00 00,8,,16921.78
custom-runner,2709,25,132,yes,OK,,00 84 11 8e d2 22 c3 b2,00 84 11 02 22 02 00 00,00 84 11 02 22 02 00 00,8,,16909.76
custom-runner,2710,25,133,yes,OK,,00 85 22 42 71 11 3a a8,00 85 22 01 11 01 00 00,00 85 22 01 11 01 00 00,8,,16920.81
custom-runner,2711,25,134,yes,OK,,00 86 22 5b 12 11 48 ed,00 86 22 01 11 01 00 00,00 86 22 01 11 01 00 00,8,,16934.22
custom-runner,2712,25,135,yes,OK,,00 87 22 71 f3 11 4f ce,00 87 22 01 11 01 00 00,00 87 22 01 11 01 00 00,8,,16957.20
custom-runner,2713,25,136,yes,OK,,00 88 22 74 30 11 39 f5,00 88 22 02 11 01 00 00,00 88 22 02 11 01 00 00,8,,16893.88
custom-runner,2714,25,137,yes,OK,,00 89 11 2e 32 22 cc a4,00 89 11 01 22 02 00 00,00 89 11 01 22 02 00 00,8,,17140.77
custom-runner,2715,25,138,yes,OK,,00 8a 11 30 81 22 cb ef,00 8a 11 01 22 02 00 00,00 8a 11 01 22 02 00 00,8,,16815.37
custom-runner,2716,25,139,yes,OK,,00 8b 22 b1 6e 11 39 2d,00 8b 22 02 11 01 00 00,00 8b 22 02 11 01 00 00,8,,16837.07
custom-runner,2717,25,140,yes,OK,,00 8c 22 c1 e2 11 72 4a,00 8c 22 02 11 02 00 00,00 8c 22 02 11 02 00 00,8,,16956.92
custom-runner,2718,25,141,yes,OK,,00 8d 22 bf 0f 11 bc 16,00 8d 22 02 11 02 00 00,00 8d 22 02 11 02 00 00,8,,16897.78
custom-runner,2719,25,142,yes,OK,,00 8e 11 8a 14 22 e2 bd,00 8e 11 02 22 02 00 00,00 8e 11 02 22 02 00 00,8,,16934.82
custom-runner,2720,25,143,yes,OK,,00 8f 22 cb 3c 11 99 5c,00 8f 22 02 11 02 00 00,00 8f 22 02 11 02 00 00,8,,17035.84
custom-runner,2721,25,144,yes,OK,,00 90 22 5a 32 11 ab 7e,00 90 22 01 11 02 00 00,00 90 22 01 11 02 00 00,8,,16825.99
custom-runner,2722,25,145,yes,OK,,00 91 22 02 9c 11 a1 7f,00 91 22 01 11 02 00 00,00 91 22 01 11 02 00 00,8,,16908.42
custom-runner,2723,25,146,yes,OK,,00 92 22 b4 2e 11 f6 5a,00 92 22 02 11 02 00 00,00 92 22 02 11 02 00 00,8,,17006.73
custom-runner,2724,25,147,yes,OK,,00 93 22 2e 82 11 12 f1,00 93 22 01 11 01 00 00,00 93 22 01 11 01 00 00,8,,16908.90
custom-runner,2725,25,148,yes,OK,,00 94 11 6d 4e 22 6a a3,00 94 11 02 22 01 00 00,00 94 11 02 22 01 00 00,8,,16855.18
custom-runner,2726,25,149,yes,OK,,00 95 22 db 43 11 0a f7,00 95 22 02 11 01 00 00,00 95 22 02 11 01 00 00,8,,16974.12
custom-runner,2727,25,150,yes,OK,,00 96 11 32 66 22 84 06,00 96 11 01 22 01 00 00,00 96 11 01 22 01 00 00,8,,16835.21
custom-runner,2728,25,151,yes,OK,,00 97 11 5a 5d 22 99 0e,00 97 11 01 22 02 00 00,00 97 11 01 22 02 00 00,8,,16978.66
custom-runner,2729,25,152,yes,OK,,00 98 11 f5 6d 22 8c 16,00 98 11 02 22 01 00 00,00 98 11 02 22 01 00 00,8,,16843.44
custom-runner,2730,25,153,yes,OK,,00 99 11 50 b6 22 8e 49,00 99 11 01 22 01 00 00,00 99 11 01 22 01 00 00,8,,16927.16
custom-runner,2731,25,154,yes,OK,,00 9a 22 c2 3b 11 19 f9,00 9a 22 02 11 01 00 00,00 9a 22 02 11 01 00 00,8,,16920.69
custom-runner,2732,25,155,yes,OK,,00 9b 11 05 42 22 b8 86,00 9b 11 01 22 02 00 00,00 9b 11 01 22 02 00 00,8,,16922.38
custom-runner,2733,25,156,yes,OK,,00 9c 11 55 b4 22 3c d6,00 9c 11 01 22 01 00 00,00 9c 11 01 22 01 00 00,8,,16920.97
custom-runner,2734,25,157,yes,OK,,00 9d 22 92 4f 11 7d 10,00 9d 22 02 11 02 00 00,00 9d 22 02 11 02 00 00,8,,16886.33
custom-runner,2735,25,158,yes,OK,,00 9e 22 ea 57 11 c6 f6,00 9e 22 02 11 02 00 00,00 9e 22 02 11 02 00 00,8,,16983.49
custom-runner,2736,25,159,yes,OK,,00 9f 22 c0 da 11 96 9d,00 9f 22 02 11 02 00 00,00 9f 22 02 11 02 00 00,8,,16840.21
custom-runner,2737,25,160,yes,OK,,00 a0 22 04 ea 11 5f 5b,00 a0 22 01 11 01 00 00,00 a0 22 01 11 01 00 00,8,,16930.67
custom-runner,2738,25,161,yes,OK,,00 a1 11 23 a4 22 5a 51,00 a1 11 01 22 01 00 00,00 a1 11 01 22 01 00 00,8,,16896.33
custom-runner,2739,25,162,yes,OK,,00 a2 22 98 69 11 89 ad,00 a2 22 02 11 02 00 00,00 a2 22 02 11 02 00 00,8,,16983.43
custom-runner,2740,25,163,yes,OK,,00 a3 22 8b d5 11 c2 bb,00 a3 22 01 11 02 00 00,00 a3 22 01 11 02 00 00,8,,16938.35
custom-runner,2741,25,164,yes,OK,,00 a4 22 01 f5 11 bd b5,00 a4 22 01 11 02 00 00,00 a4 22 01 11 02 00 00,8,,16819.69
custom-runner,2742,25,165,yes,OK,,00 a5 22 41 1b 11 b4 d1,00 a5 22 01 11 02 00 00,00 a5 22 01 11 02 00 00,8,,16928.59
custom-runner,2743,25,166,yes,OK,,00 a6 11 fa ae 22 4a c5,00 a6 11 02 22 01 00 00,00 a6 11 02 22 01 00 00,8,,16946.28
custom-runner,2744,25,167,yes,OK,,00 a7 22 db bf 11 5f b5,00 a7 22 02 11 01 00 00,00 a7 22 02 11 01 00 00,8,,16926.48
custom-runner,2745,25,168,yes,OK,,00 a8 22 45 f8 11 b0 9e,00 a8 22 01 11 02 00 00,00 a8 22 01 11 02 00 00,8,,16978.42
custom-runner,2746,25,169,yes,OK,,00 a9 22 6a 3e 11 e1 50,00 a9 22 01 11 02 00 00,00 a9 22 01 11 02 00 00,8,,16870.71
custom-runner,2747,25,170,yes,OK,,00 aa 11 5f a8 22 8d ec,00 aa 11 01 22 02 00 00,00 aa 11 01 22 02 00 00,8,,16901.33
custom-runner,2748,25,171,yes,OK,,00 ab 11 e5 e4 22 e2 b7,00 ab 11 02 22 02 00 00,00 ab 11 02 22 02 00 00,8,,16891.74
custom-runner,2749,25,172,yes,OK,,00 ac 22 d5 75 11 ea 49,00 ac 22 02 11 02 00 00,00 ac 22 02 11 02 00 00,8,,16926.80
custom-runner,2750,25,173,yes,OK,,00 ad 22 f3 05 11 0f ce,00 ad 22 02 11 01 00 00,00 ad 22 02 11 01 00 00,8,,16985.21
custom-runner,2751,25,174,yes,OK,,00 ae 22 cb f1 11 5a da,00 ae 22 02 11 01 00 00,00 ae 22 02 11 01 00 00,8,,16804.85
custom-runner,2752,25,175,yes,OK,,00 af 22 35 78 11 19 83,00 af 22 01 11 01 00 00,00 af 22 01 11 01 00 00,8,,17010.86
custom-runner,2753,25,176,yes,OK,,00 b0 11 31 24 22 4c f9,00 b0 11 01 22 01 00 00,00 b0 11 01 22 01 00 00,8,,16921.54
custom-runner,2754,25,177,yes,OK,,00 b1 11 92 98 22 06 51,00 b1 11 02 22 01 00 00,00 b1 11 02 22 01 00 00,8,,16857.38
custom-runner,2755,25,178,yes,OK,,00 b2 22 04 6a 11 95 54,00 b2 22 01 11 02 00 00,00 b2 22 01 11 02 00 00,8,,17044.81
custom-runner,2756,25,179,yes,OK,,00 b3 11 e1 9e 22 3f b2,00 b3 11 02 22 01 00 00,00 b3 11 02 22 01 00 00,8,,16857.31
custom-runner,2757,25,180,yes,OK,,00 b4 11 f8 cd 22 2b a6,00 b4 11 02 22 01 00 00,00 b4 11 02 22 01 00 00,8,,16979.40
custom-runner,2758,25,181,yes,OK,,00 b5 11 06 c8 22 7a 27,00 b5 11 01 22 02 00 00,00 b5 11 01 22 02 00 00,8,,16865.70
custom-runner,2759,25,182,yes,OK,,00 b6 22 a4 5a 11 a2 ad,00 b6 22 02 11 02 00 00,00 b6 22 02 11 02 00 00,8,,17053.64
custom-runner,2760,25,183,yes,OK,,00 b7 22 cf 6c 11 2c ed,00 b7 22 02 11 01 00 00,00 b7 22 02 11 01 00 00,8,,16946.30
custom-runner,2761,25,184,yes,OK,,00 b8 22 8d 89 11 77 e7,00 b8 22 02 11 01 00 00,00 b8 22 02 11 01 00 00,8,,16798.18
custom-runner,2762,25,185,yes,OK,,00 b9 11 f6 c1 22 3b bc,00 b9 11 02 22 01 00 00,00 b9 11 02 22 01 00 00,8,,17032.85
custom-runner,2763,25,186,yes,OK,,00 ba 22 e3 c7 11 59 9b,00 ba 22 02 11 01 00 00,00 ba 22 02 11 01 00 00,8,,16826.80
custom-runner,2764,25,187,yes,OK,,00 bb 22 ea 89 11 1c 3b,00 bb 22 02 11 01 00 00,00 bb 22 02 11 01 00 00,8,,16912.99
custom-runner,2765,25,188,yes,OK,,00 bc 22 26 17 11 30 3e,00 bc 22 01 11 01 00 00,00 bc 22 01 11 01 00 00,8,,16987.87
custom-runner,2766,25,189,yes,OK,,00 bd 22 b4 86 11 16 7f,00 bd 22 02 11 01 00 00,00 bd 22 02 11 01 00 00,8,,16969.01
custom-runner,2767,25,190,yes,OK,,00 be 22 b0 18 11 2c d8,00 be 22 02 11 01 00 00,00 be 22 02 11 01 00 00,8,,17000.85
custom-runner,2768,25,191,yes,OK,,00 bf 22 60 08 11 b8 c6,00 bf 22 01 11 02 00 00,00 bf 22 01 11 02 00 00,8,,16921.22
custom-runner,2769,25,192,yes,OK,,00 c0 22 47 8e 11 c1 ea,00 c0 22 01 11 02 00 00,00 c0 22 01 11 02 00 00,8,,16834.06
custom-runner,2770,25,193,yes,OK,,00 c1 11 22 f1 22 24 ba,00 c1 11 01 22 01 00 00,00 c1 11 01 22 01 00 00,8,,16903.74
custom-runner,2771,25,194,yes,OK,,00 c2 11 d2 ba 22 58 1c,00 c2 11 02 22 01 00 00,00 c2 11 02 22 01 00 00,8,,17039.84
custom-runner,2772,25,195,yes,OK,,00 c3 22 2b 24 11 28 b5,00 c3 22 01 11 01 00 00,00 c3 22 01 11 01 00 00,8,,16948.08
custom-runner,2773,25,196,yes,OK,,00 c4 11 46 86 22 08 84,00 c4 11 01 22 01 00 00,00 c4 11 01 22 01 00 00,8,,16771.37
custom-runner,2774,25,197,yes,OK,,00 c5 11 79 1e 22 fe 8f,00 c5 11 02 22 02 00 00,00 c5 11 02 22 02 00 00,8,,16879.34
custom-runner,2775,25,198,yes,OK,,00 c6 11 08 74 22 f5 90,00 c6 11 01 22 02 00 00,00 c6 11 01 22 02 00 00,8,,16901.38
custom-runner,2776,25,199,yes,OK,,00 c7 11 20 a8 22 a0 3f,00 c7 11 01 22 02 00 00,00 c7 11 01 22 02 00 00,8,,17059.82
custom-runner,2777,25,200,yes,OK,,00 c8 11 94 b1 22 83 5a,00 c8 11 02 22 02 00 00,00 c8 11 02 22 02 00 00,8,,16863.35
custom-runner,2778,25,201,yes,OK,,00 c9 22 87 e4 11 76 88,00 c9 22 02 11 02 00 00,00 c9 22 02 11 02 00 00,8,,17028.00
custom-runner,2779,25,202,yes,OK,,00 ca 22 d5 30 11 de 31,00 ca 22 02 11 02 00 00,00 ca 22 02 11 02 00 00,8,,16952.61
custom-runner,2780,25,203,yes,OK,,00 cb 11 e0 c9 22 43 6a,00 cb 11 02 22 01 00 00,00 cb 11 02 22 01 00 00,8,,16747.10
custom-runner,2781,25,204,yes,OK,,00 cc 22 fe f8 11 db f3,00 cc 22 02 11 02 00 00,00 cc 22 02 11 02 00 00,8,,16961.70
custom-runner,2782,25,205,yes,OK,,00 cd 22 41 e6 11 10 25,00 cd 22 01 11 01 00 00,00 cd 22 01 11 01 00 00,8,,17036.22
custom-runner,2783,25,206,yes,OK,,00 ce 22 ae 36 11 8a 6f,00 ce 22 02 11 02 00 00,00 ce 22 02 11 02 00 00,8,,16819.09
custom-runner,2784,25,207,yes,OK,,00 cf 22 ff 46 11 d8 ed,00 cf 22 02 11 02 00 00,00 cf 22 02 11 02 00 00,8,,16913.97
custom-runner,2785,25,208,yes,OK,,00 d0 11 79 a4 22 94 c5,00 d0 11 01 22 02 00 00,00 d0 11 01 22 02 00 00,8,,16948.15
custom-runner,2786,25,209,yes,OK,,00 d1 22 c4 be 11 e7 c3,00 d1 22 02 11 02 00 00,00 d1 22 02 11 02 00 00,8,,16834.80
custom-runner,2787,25,210,yes,OK,,00 d2 22 8e d6 11 8d 5d,00 d2 22 01 11 02 00 00,00 d2 22 01 11 02 00 00,8,,16951.66
custom-runner,2788,25,211,yes,OK,,00 d3 11 37 86 22 f4 97,00 d3 11 01 22 02 00 00,00 d3 11 01 22 02 00 00,8,,16942.93
custom-runner,2789,25,212,yes,OK,,00 d4 22 18 dc 11 fd 60,00 d4 22 01 11 02 00 00,00 d4 22 01 11 02 00 00,8,,16940.58
custom-runner,2790,25,213,yes,OK,,00 d5 11 ac 0b 22 2d 4e,00 d5 11 02 22 01 00 00,00 d5 11 02 22 01 00 00,8,,16934.43
custom-runner,2791,25,214,yes,OK,,00 d6 22 9c e6 11 44 b4,00 d6 22 02 11 01 00 00,00 d6 22 02 11 01 00 00,8,,16823.69
custom-runner,2792,25,215,yes,OK,,00 d7 22 6f 87 11 b5 b3,00 d7 22 01 11 02 00 00,00 d7 22 01 11 02 00 00,8,,16869.31
custom-runner,2793,25,216,yes,OK,,00 d8 22 30 92 11 a9 95,00 d8 22 01 11 02 00 00,00 d8 22 01 11 02 00 00,8,,17031.94
custom-runner,2794,25,217,yes,OK,,00 d9 11 41 52 22 21 bb,00 d9 11 01 22 01 00 00,00 d9 11 01 22 01 00 00,8,,16810.20
custom-runner,2795,25,218,yes,OK,,00 da 11 2c c9 22 8e 75,00 da 11 01 22 02 00 00,00 da 11 01 22 02 00 00,8,,16933.11
custom-runner,2796,25,219,yes,OK,,00 db 11 9c b9 22 e4 32,00 db 11 02 22 02 00 00,00 db 11 02 22 02 00 00,8,,16890.87
custom-runner,2797,25,220,yes,OK,,00 dc 11 65 fe 22 c0 a3,00 dc 11 01 22 02 00 00,00 dc 11 01 22 02 00 00,8,,16965.99
custom-runner,2798,25,221,yes,OK,,00 dd 22 53 ba 11 65 d5,00 dd 22 01 11 01 00 00,00 dd 22 01 11 01 00 00,8,,16833.72
custom-runner,2799,25,222,yes,OK,,00 de 22 bf 25 11 ef d5,00 de 22 02 11 02 00 00,00 de 22 02 11 02 00 00,8,,16925.48
custom-runner,2800,25,223,yes,OK,,00 df 11 54 3c 22 06 30,00 df 11 01 22 01 00 00,00 df 11 01 22 01 00 00,8,,16873.81
custom-runner,2801,25,224,yes,OK,,00 e0 11 97 c9 22 a0 94,00 e0 11 02 22 02 00 00,00 e0 11 02 22 02 00 00,8,,17063.21
custom-runner,2802,25,225,yes,OK,,00 e1 11 9e f7 22 04 3a,00 e1 11 02 22 01 00 00,00 e1 11 02 22 01 00 00,8,,16795.36
custom-runner,2803,25,226,yes,OK,,00 e2 22 79 d3 11 2f 04,00 e2 22 02 11 01 00 00,00 e2 22 02 11 01 00 00,8,,16864.65
custom-runner,2804,25,227,yes,OK,,00 e3 11 ab c5 22 d8 f8,00 e3 11 02 22 02 00 00,00 e3 11 02 22 02 00 00,8,,16963.40
custom-runner,2805,25,228,yes,OK,,00 e4 22 06 d3 11 f4 ae,00 e4 22 01 11 02 00 00,00 e4 22 01 11 02 00 00,8,,16898.15
custom-runner,2806,25,229,yes,OK,,00 e5 22 8a c6 11 6c 77,00 e5 22 02 11 01 00 00,00 e5 22 02 11 01 00 00,8,,16862.92
custom-runner,2807,25,230,yes,OK,,00 e6 22 8a ea 11 d8 6f,00 e6 22 02 11 02 00 00,00 e6 22 02 11 02 00 00,8,,16934.01
custom-runner,2808,25,231,yes,OK,,00 e7 22 70 50 11 c9 99,00 e7 22 01 11 02 00 00,00 e7 22 01 11 02 00 00,8,,16884.66
custom-runner,2809,25,232,yes,OK,,00 e8 11 87 46 22 d5 b5,00 e8 11 01 22 02 00 00,00 e8 11 01 22 02 00 00,8,,16926.78
custom-runner,2810,25,233,yes,OK,,00 e9 22 d5 83 11 4a aa,00 e9 22 02 11 01 00 00,00 e9 22 02 11 01 00 00,8,,16949.91
custom-runner,2811,25,234,yes,OK,,00 ea 11 b0 b0 22 bf 6d,00 ea 11 02 22 02 00 00,00 ea 11 02 22 02 00 00,8,,16864.24
custom-runner,2812,25,235,yes,OK,,00 eb 22 f8 7d 11 a5 79,00 eb 22 02 11 02 00 00,00 eb 22 02 11 02 00 00,8,,16939.68
custom-runner,2813,25,236,yes,OK,,00 ec 11 8f 6b 22 4f a7,00 ec 11 01 22 01 00 00,00 ec 11 01 22 01 00 00,8,,16893.78
custom-runner,2814,25,237,yes,OK,,00 ed 11 ac 47 22 6a 11,00 ed 11 02 22 01 00 00,00 ed 11 02 22 01 00 00,8,,16953.28
custom-runner,2815,25,238,yes,OK,,00 ee 11 4e ae 22 4f 45,00 ee 11 01 22 01 00 00,00 ee 11 01 22 01 00 00,8,,16868.14
custom-runner,2816,25,239,yes,OK,,00 ef 22 a7 83 11 53 dc,00 ef 22 02 11 01 00 00,00 ef 22 02 11 01 00 00,8,,16961.03
custom-runner,2817,25,240,yes,OK,,00 f0 11 1d 3a 22 d8 c4,00 f0 11 01 22 02 00 00,00 f0 11 01 22 02 00 00,8,,16943.76
custom-runner,2818,25,241,yes,OK,,00 f1 11 9d 28 22 99 55,00 f1 11 02 22 02 00 00,00 f1 11 02 22 02 00 00,8,,16888.68
custom-runner,2819,25,242,yes,OK,,00 f2 22 88 02 11 97 32,00 f2 22 01 11 02 00 00,00 f2 22 01 11 02 00 00,8,,16993.88
custom-runner,2820,25,243,yes,OK,,00 f3 22 e7 ea 11 4f 5d,00 f3 22 02 11 01 00 00,00 f3 22 02 11 01 00 00,8,,16882.94
custom-runner,2821,25,244,yes,OK,,00 f4 22 a3 ee 11 de ad,00 f4 22 02 11 02 00 00,00 f4 22 02 11 02 00 00,8,,17036.71
custom-runner,2822,25,245,yes,OK,,00 f5 22 ff 6b 11 a8 66,00 f5 22 02 11 02 00 00,00 f5 22 02 11 02 00 00,8,,16825.34
custom-runner,2823,25,246,yes,OK,,00 f6 11 c6 71 22 fb 49,00 f6 11 02 22 02 00 00,00 f6 11 02 22 02 00 00,8,,16980.27
custom-runner,2824,25,247,yes,OK,,00 f7 11 c9 f2 22 c1 ff,00 f7 11 02 22 02 00 00,00 f7 11 02 22 02 00 00,8,,16853.74
custom-runner,2825,25,248,yes,OK,,00 f8 22 39 41 11 d2 06,00 f8 22 01 11 02 00 00,00 f8 22 01 11 02 00 00,8,,16897.07
custom-runner,2826,25,249,yes,OK,,00 f9 11 66 ed 22 ed ab,00 f9 11 01 22 02 00 00,00 f9 11 01 22 02 00 00,8,,16928.92
custom-runner,2827,25,250,yes,OK,,00 fa 22 f2 6a 11 82 d9,00 fa 22 02 11 01 00 00,00 fa 22 02 11 01 00 00,8,,16967.25
custom-runner,2828,25,251,yes,OK,,00 fb 22 01 6e 11 df 24,00 fb 22 01 11 02 00 00,00 fb 22 01 11 02 00 00,8,,16939.74
custom-runner,2829,25,252,yes,OK,,00 fc 22 0d 0a 11 b3 bc,00 fc 22 01 11 02 00 00,00 fc 22 01 11 02 00 00,8,,16899.42
custom-runner,2830,25,253,yes,OK,,00 fd 22 06 0f 11 23 ec,00 fd 22 01 11 01 00 00,00 fd 22 01 11 01 00 00,8,,16892.59
custom-runner,2831,25,254,yes,OK,,00 fe 22 a7 50 11 57 30,00 fe 22 02 11 01 00 00,00 fe 22 02 11 01 00 00,8,,16885.24
custom-runner,2832,25,255,yes,OK,,00 ff 22 39 b4 11 60 b1,00 ff 22 01 11 01 00 00,00 ff 22 01 11 01 00 00,8,,16938.65
custom-runner,2833,25,256,yes,OK,,01 00 11 18 35 22 8d e8,01 00 11 01 22 01 00 00,01 00 11 01 22 01 00 00,8,,16942.41
