1 0 1 0 0 0 0 0 0
0 1 1 65535 0 0 65535 0 1
0 1 1 65535 1 0 131070 0 1
0 0 1 0 1 0 0 0 0
0 0 1 0 2 0 0 0 0
0 1 1 65535 2 0 196605 0 1
0 1 1 65535 3 0 262140 0 1
0 0 1 0 3 0 0 0 0
0 0 1 0 4 0 0 0 0
0 1 1 65535 4 0 327675 0 1
0 1 1 65535 5 0 393210 0 1
0 0 1 0 5 0 0 0 0
0 0 1 0 6 0 0 0 0
0 1 1 65535 6 0 458745 0 1
0 1 1 65535 7 0 524280 0 1
0 0 1 0 7 0 0 0 0
0 0 1 0 8 0 0 0 0
0 1 1 65535 8 0 589815 0 1
0 1 1 65535 9 0 655350 0 1
0 0 1 0 9 0 0 0 0
0 0 1 0 10 0 0 0 0
0 1 1 65535 10 0 720885 0 1
0 1 1 65535 11 0 786420 0 1
0 0 1 0 11 0 0 0 0
0 0 1 0 12 0 0 0 0
0 1 1 65535 12 0 851955 0 1
0 1 1 65535 13 0 917490 0 1
0 0 1 0 13 0 0 0 0
0 0 1 0 14 0 0 0 0
0 1 1 65535 14 0 983025 0 1
0 1 1 65535 15 0 1048560 0 0
0 0 1 0 15 0 0 0 0
0 0 0 65535 0 2 65535 0 1
0 1 0 0 0 1 983025 1 0
0 1 0 65535 1 2 983025 0 1
0 0 0 0 1 1 65535 1 0
0 0 0 1 2 1 65536 1 0
0 1 0 65534 2 2 983024 0 1
0 1 0 1 3 1 917490 1 0
0 0 0 65534 3 2 131070 0 1
0 0 0 65535 4 2 196605 0 1
0 1 0 0 4 1 851955 1 0
0 1 0 65535 5 2 851955 0 1
0 0 0 0 5 1 196605 1 0
0 0 0 1 6 1 196606 1 0
0 1 0 65534 6 2 851954 0 1
0 1 0 1 7 1 786420 1 0
0 0 0 65534 7 2 262140 0 1
0 0 0 65535 8 2 327675 0 1
0 1 0 0 8 1 720885 1 0
0 1 0 65535 9 2 720885 0 1
0 0 0 0 9 1 327675 1 0
0 0 0 1 10 1 327676 1 0
0 1 0 65534 10 2 720884 0 1
0 1 0 1 11 1 655350 1 0
0 0 0 65534 11 2 393210 0 1
0 0 0 65535 12 2 458745 0 1
0 1 0 0 12 1 589815 1 0
0 1 0 65535 13 2 589815 0 1
0 0 0 0 13 1 458745 1 0
0 0 0 1 14 1 458746 1 0
0 1 0 65534 14 2 589814 0 1
0 1 0 1 15 1 524280 1 0
0 0 0 65534 15 2 524280 0 1
0 0 0 65535 0 2 524280 0 1
0 1 0 0 0 1 524280 1 0
0 1 0 65535 1 2 524280 0 1
0 0 0 0 1 1 524280 1 0
0 0 0 1 2 1 524280 1 0
0 1 0 65534 2 2 524280 0 1
0 1 0 1 3 1 524280 1 0
0 0 0 65534 3 2 524280 0 1
0 0 0 65535 4 2 524280 0 1
0 1 0 0 4 1 524280 1 0
0 1 0 65535 5 2 524280 0 1
0 0 0 0 5 1 524280 1 0
0 0 0 1 6 1 524280 1 0
0 1 0 65534 6 2 524280 0 1
0 1 0 1 7 1 524280 1 0
0 0 0 65534 7 2 524280 0 1
0 0 0 65535 8 2 524280 0 1
0 1 0 0 8 1 524280 1 0
0 1 0 65535 9 2 524280 0 1
0 0 0 0 9 1 524280 1 0
0 0 0 1 10 1 524280 1 0
0 1 0 65534 10 2 524280 0 1
0 1 0 1 11 1 524280 1 0
0 0 0 65534 11 2 524280 0 1
0 0 0 65535 12 2 524280 0 1
0 1 0 0 12 1 524280 1 0
0 1 0 65535 13 2 524280 0 1
0 0 0 0 13 1 524280 1 0
0 0 0 1 14 1 524280 1 0
0 1 0 65534 14 2 524280 0 1
0 1 0 1 15 1 524280 1 0
0 0 0 65534 15 2 524280 0 1
0 0 0 65535 0 2 524280 0 1
0 1 0 0 0 1 524280 1 0
0 1 0 65535 1 2 524280 0 1
0 0 0 0 1 1 524280 1 0
0 0 0 1 2 1 524280 1 0
0 1 0 65534 2 2 524280 0 1
0 1 0 1 3 1 524280 1 0
0 0 0 65534 3 2 524280 0 1
0 0 0 65535 4 2 524280 0 1
0 1 0 0 4 1 524280 1 0
0 1 0 65535 5 2 524280 0 1
0 0 0 0 5 1 524280 1 0
0 0 0 1 6 1 524280 1 0
0 1 0 65534 6 2 524280 0 1
0 1 0 1 7 1 524280 1 0
0 0 0 65534 7 2 524280 0 1
0 0 0 65535 8 2 524280 0 1
0 1 0 0 8 1 524280 1 0
0 1 0 65535 9 2 524280 0 1
0 0 0 0 9 1 524280 1 0
0 0 0 1 10 1 524280 1 0
0 1 0 65534 10 2 524280 0 1
0 1 0 1 11 1 524280 1 0
0 0 0 65534 11 2 524280 0 1
0 0 0 65535 12 2 524280 0 1
0 1 0 0 12 1 524280 1 0
0 1 0 65535 13 2 524280 0 1
0 0 0 0 13 1 524280 1 0
0 0 0 1 14 1 524280 1 0
0 1 0 65534 14 2 524280 0 1
0 1 0 1 15 1 524280 1 0
0 0 0 65534 15 2 524280 0 1
0 0 0 65535 0 2 524280 0 1
0 1 0 0 0 1 524280 1 0
0 1 0 65535 1 2 524280 0 1
0 0 0 0 1 1 524280 1 0
0 0 0 1 2 1 524280 1 0
0 1 0 65534 2 2 524280 0 1
0 1 0 1 3 1 524280 1 0
0 0 0 65534 3 2 524280 0 1
0 0 0 65535 4 2 524280 0 1
0 1 0 0 4 1 524280 1 0
0 1 0 65535 5 2 524280 0 1
0 0 0 0 5 1 524280 1 0
0 0 0 1 6 1 524280 1 0
0 1 0 65534 6 2 524280 0 1
0 1 0 1 7 1 524280 1 0
0 0 0 65534 7 2 524280 0 1
0 0 0 65535 8 2 524280 0 1
0 1 0 0 8 1 524280 1 0
0 1 0 65535 9 2 524280 0 1
0 0 0 0 9 1 524280 1 0
0 0 0 1 10 1 524280 1 0
0 1 0 65534 10 2 524280 0 1
0 1 0 1 11 1 524280 1 0
0 0 0 65534 11 2 524280 0 1
0 0 0 65535 12 2 524280 0 1
0 1 0 0 12 1 524280 1 0
0 1 0 65535 13 2 524280 0 1
0 0 0 0 13 1 524280 1 0
0 0 0 1 14 1 524280 1 0
0 1 0 65534 14 2 524280 0 1
0 1 0 1 15 1 524280 1 0
0 0 0 65534 15 2 524280 0 1
0 0 0 65535 0 2 524280 0 1
0 1 0 0 0 1 524280 1 0
0 1 0 65535 1 2 524280 0 1
0 0 0 0 1 1 524280 1 0
0 0 0 1 2 1 524280 1 0
0 1 0 65534 2 2 524280 0 1
0 1 0 1 3 1 524280 1 0
0 0 0 65534 3 2 524280 0 1
0 0 0 65535 4 2 524280 0 1
0 1 0 0 4 1 524280 1 0
0 1 0 65535 5 2 524280 0 1
0 0 0 0 5 1 524280 1 0
0 0 0 1 6 1 524280 1 0
0 1 0 65534 6 2 524280 0 1
0 1 0 1 7 1 524280 1 0
0 0 0 65534 7 2 524280 0 1
0 0 0 65535 8 2 524280 0 1
0 1 0 0 8 1 524280 1 0
0 1 0 65535 9 2 524280 0 1
0 0 0 0 9 1 524280 1 0
0 0 0 1 10 1 524280 1 0
0 1 0 65534 10 2 524280 0 1
0 1 0 1 11 1 524280 1 0
0 0 0 65534 11 2 524280 0 1
0 0 0 65535 12 2 524280 0 1
0 1 0 0 12 1 524280 1 0
0 1 0 65535 13 2 524280 0 1
0 0 0 0 13 1 524280 1 0
0 0 0 1 14 1 524280 1 0
0 1 0 65534 14 2 524280 0 1
0 1 0 1 15 1 524280 1 0
0 0 0 65534 15 2 524280 0 1
0 0 0 65535 0 2 524280 0 1
0 1 0 0 0 1 524280 1 0
0 1 0 65535 1 2 524280 0 1
0 0 0 0 1 1 524280 1 0
0 0 0 1 2 1 524280 1 0
0 1 0 65534 2 2 524280 0 1
0 1 0 1 3 1 524280 1 0
0 0 0 65534 3 2 524280 0 1
1 0 1 100 0 0 100 0 1
0 1 1 200 0 0 200 0 1
0 0 1 100 1 0 200 0 1
0 1 1 200 1 0 400 0 1
0 0 1 100 2 0 300 0 1
0 1 1 200 2 0 600 0 1
0 0 1 100 3 0 400 0 1
0 1 1 200 3 0 800 0 1
0 0 1 100 4 0 500 0 1
0 1 1 200 4 0 1000 0 1
0 0 1 100 5 0 600 0 1
0 1 1 200 5 0 1200 0 1
0 0 1 100 6 0 700 0 1
0 1 1 200 6 0 1400 0 1
0 0 1 100 7 0 800 0 1
0 1 1 200 7 0 1600 0 1
0 0 1 100 8 0 900 0 1
0 1 1 200 8 0 1800 0 1
0 0 1 100 9 0 1000 0 1
0 1 1 200 9 0 2000 0 1
0 0 1 100 10 0 1100 0 1
0 1 1 200 10 0 2200 0 1
0 0 1 100 11 0 1200 0 1
0 1 1 200 11 0 2400 0 1
0 0 1 100 12 0 1300 0 1
0 1 1 200 12 0 2600 0 1
0 0 1 100 13 0 1400 0 1
0 1 1 200 13 0 2800 0 1
0 0 1 100 14 0 1500 0 1
0 1 1 200 14 0 3000 0 1
0 0 1 100 15 0 1600 0 0
0 1 1 200 15 0 3200 0 0
0 0 0 100 0 0 1600 0 0
0 1 0 200 0 0 3200 0 0
0 0 0 100 1 0 1600 0 0
0 1 0 200 1 0 3200 0 0
0 0 0 100 2 0 1600 0 0
0 1 0 200 2 0 3200 0 0
0 0 0 100 3 0 1600 0 0
0 1 0 200 3 0 3200 0 0
0 0 0 100 4 0 1600 0 0
0 1 0 200 4 0 3200 0 0
0 0 0 100 5 0 1600 0 0
0 1 0 200 5 0 3200 0 0
0 0 0 100 6 0 1600 0 0
0 1 0 200 6 0 3200 0 0
0 0 0 100 7 0 1600 0 0
0 1 0 200 7 0 3200 0 0
0 0 0 100 8 0 1600 0 0
0 1 0 200 8 0 3200 0 0
0 0 0 100 9 0 1600 0 0
0 1 0 200 9 0 3200 0 0
0 0 0 100 10 0 1600 0 0
0 1 0 200 10 0 3200 0 0
0 0 0 100 11 0 1600 0 0
0 1 0 200 11 0 3200 0 0
0 0 0 100 12 0 1600 0 0
0 1 0 200 12 0 3200 0 0
0 0 0 100 13 0 1600 0 0
0 1 0 200 13 0 3200 0 0
0 0 0 100 14 0 1600 0 0
0 1 0 200 14 0 3200 0 0
0 0 0 100 15 0 1600 0 0
0 1 0 200 15 0 3200 0 0
0 0 0 100 0 0 1600 0 0
0 1 0 200 0 0 3200 0 0
0 0 0 100 1 0 1600 0 0
0 1 0 200 1 0 3200 0 0
0 0 0 100 2 0 1600 0 0
0 1 0 200 2 0 3200 0 0
0 0 0 100 3 0 1600 0 0
0 1 0 200 3 0 3200 0 0
0 0 0 100 4 0 1600 0 0
0 1 0 200 4 0 3200 0 0
0 0 0 100 5 0 1600 0 0
0 1 0 200 5 0 3200 0 0
0 0 0 100 6 0 1600 0 0
0 1 0 200 6 0 3200 0 0
0 0 0 100 7 0 1600 0 0
0 1 0 200 7 0 3200 0 0
0 0 0 100 8 0 1600 0 0
0 1 0 200 8 0 3200 0 0
0 0 0 100 9 0 1600 0 0
0 1 0 200 9 0 3200 0 0
0 0 0 100 10 0 1600 0 0
0 1 0 200 10 0 3200 0 0
0 0 0 100 11 0 1600 0 0
0 1 0 200 11 0 3200 0 0
0 0 0 100 12 0 1600 0 0
0 1 0 200 12 0 3200 0 0
0 0 0 100 13 0 1600 0 0
0 1 0 200 13 0 3200 0 0
0 0 0 100 14 0 1600 0 0
0 1 0 200 14 0 3200 0 0
0 0 0 100 15 0 1600 0 0
0 1 0 200 15 0 3200 0 0
0 0 0 100 0 0 1600 0 0
0 1 0 200 0 0 3200 0 0
0 0 0 100 1 0 1600 0 0
0 1 0 200 1 0 3200 0 0
0 0 0 100 2 0 1600 0 0
0 1 0 200 2 0 3200 0 0
0 0 0 100 3 0 1600 0 0
0 1 0 200 3 0 3200 0 0
0 0 0 100 4 0 1600 0 0
0 1 0 200 4 0 3200 0 0
0 0 0 100 5 0 1600 0 0
0 1 0 200 5 0 3200 0 0
0 0 0 100 6 0 1600 0 0
0 1 0 200 6 0 3200 0 0
0 0 0 100 7 0 1600 0 0
0 1 0 200 7 0 3200 0 0
0 0 0 100 8 0 1600 0 0
0 1 0 200 8 0 3200 0 0
0 0 0 100 9 0 1600 0 0
0 1 0 200 9 0 3200 0 0
0 0 0 100 10 0 1600 0 0
0 1 0 200 10 0 3200 0 0
0 0 0 100 11 0 1600 0 0
0 1 0 200 11 0 3200 0 0
0 0 0 100 12 0 1600 0 0
0 1 0 200 12 0 3200 0 0
0 0 0 100 13 0 1600 0 0
0 1 0 200 13 0 3200 0 0
0 0 0 100 14 0 1600 0 0
0 1 0 200 14 0 3200 0 0
0 0 0 100 15 0 1600 0 0
0 1 0 200 15 0 3200 0 0
0 0 0 100 0 0 1600 0 0
0 1 0 200 0 0 3200 0 0
0 0 0 100 1 0 1600 0 0
0 1 0 200 1 0 3200 0 0
0 0 0 100 2 0 1600 0 0
0 1 0 200 2 0 3200 0 0
0 0 0 100 3 0 1600 0 0
0 1 0 200 3 0 3200 0 0
0 0 0 100 4 0 1600 0 0
0 1 0 200 4 0 3200 0 0
0 0 0 100 5 0 1600 0 0
0 1 0 200 5 0 3200 0 0
0 0 0 100 6 0 1600 0 0
0 1 0 200 6 0 3200 0 0
0 0 0 100 7 0 1600 0 0
0 1 0 200 7 0 3200 0 0
0 0 0 100 8 0 1600 0 0
0 1 0 200 8 0 3200 0 0
0 0 0 100 9 0 1600 0 0
0 1 0 200 9 0 3200 0 0
0 0 0 100 10 0 1600 0 0
0 1 0 200 10 0 3200 0 0
0 0 0 100 11 0 1600 0 0
0 1 0 200 11 0 3200 0 0
0 0 0 100 12 0 1600 0 0
0 1 0 200 12 0 3200 0 0
0 0 0 100 13 0 1600 0 0
0 1 0 200 13 0 3200 0 0
0 0 0 100 14 0 1600 0 0
0 1 0 200 14 0 3200 0 0
0 0 0 100 15 0 1600 0 0
0 1 0 200 15 0 3200 0 0
0 0 0 100 0 0 1600 0 0
0 1 0 200 0 0 3200 0 0
0 0 0 100 1 0 1600 0 0
0 1 0 200 1 0 3200 0 0
0 0 0 100 2 0 1600 0 0
0 1 0 200 2 0 3200 0 0
0 0 0 100 3 0 1600 0 0
0 1 0 200 3 0 3200 0 0
0 0 0 100 4 0 1600 0 0
0 1 0 200 4 0 3200 0 0
0 0 0 100 5 0 1600 0 0
0 1 0 200 5 0 3200 0 0
0 0 0 100 6 0 1600 0 0
0 1 0 200 6 0 3200 0 0
0 0 0 100 7 0 1600 0 0
0 1 0 200 7 0 3200 0 0
0 0 0 100 8 0 1600 0 0
0 1 0 200 8 0 3200 0 0
0 0 0 100 9 0 1600 0 0
0 1 0 200 9 0 3200 0 0
0 0 0 100 10 0 1600 0 0
0 1 0 200 10 0 3200 0 0
0 0 0 100 11 0 1600 0 0
0 1 0 200 11 0 3200 0 0
0 0 0 100 12 0 1600 0 0
0 1 0 200 12 0 3200 0 0
0 0 0 100 13 0 1600 0 0
0 1 0 200 13 0 3200 0 0
0 0 0 100 14 0 1600 0 0
0 1 0 200 14 0 3200 0 0
0 0 0 100 15 0 1600 0 0
0 1 0 200 15 0 3200 0 0
0 0 0 100 0 0 1600 0 0
0 1 0 200 0 0 3200 0 0
0 0 0 100 1 0 1600 0 0
0 1 0 200 1 0 3200 0 0
0 0 0 100 2 0 1600 0 0
0 1 0 200 2 0 3200 0 0
0 0 0 100 3 0 1600 0 0
0 1 0 200 3 0 3200 0 0
1 0 1 100 0 0 100 0 1
0 1 1 200 0 0 200 0 1
0 1 1 200 1 0 400 0 1
0 0 1 100 1 0 200 0 1
0 0 1 100 2 0 300 0 1
0 1 1 200 2 0 600 0 1
0 1 1 200 3 0 800 0 1
0 0 1 100 3 0 400 0 1
0 0 1 100 4 0 500 0 1
0 1 1 200 4 0 1000 0 1
0 1 1 200 5 0 1200 0 1
0 0 1 100 5 0 600 0 1
0 0 1 100 6 0 700 0 1
0 1 1 200 6 0 1400 0 1
0 1 1 200 7 0 1600 0 1
0 0 1 100 7 0 800 0 1
0 0 1 100 8 0 900 0 1
0 1 1 200 8 0 1800 0 1
0 1 1 200 9 0 2000 0 1
0 0 1 100 9 0 1000 0 1
0 0 1 100 10 0 1100 0 1
0 1 1 200 10 0 2200 0 1
0 1 1 200 11 0 2400 0 1
0 0 1 100 11 0 1200 0 1
0 0 1 100 12 0 1300 0 1
0 1 1 200 12 0 2600 0 1
0 1 1 200 13 0 2800 0 1
0 0 1 100 13 0 1400 0 1
0 0 1 100 14 0 1500 0 1
0 1 1 200 14 0 3000 0 1
0 1 1 200 15 0 3200 0 0
0 0 1 100 15 0 1600 0 0
0 0 0 100 0 0 1600 0 0
0 1 0 200 0 0 3200 0 0
0 1 0 200 1 0 3200 0 0
0 0 0 100 1 0 1600 0 0
0 0 0 100 2 0 1600 0 0
0 1 0 200 2 0 3200 0 0
0 1 0 200 3 0 3200 0 0
0 0 0 100 3 0 1600 0 0
0 0 0 100 4 0 1600 0 0
0 1 0 200 4 0 3200 0 0
0 1 0 200 5 0 3200 0 0
0 0 0 100 5 0 1600 0 0
0 0 0 100 6 0 1600 0 0
0 1 0 200 6 0 3200 0 0
0 1 0 200 7 0 3200 0 0
0 0 0 100 7 0 1600 0 0
0 0 0 100 8 0 1600 0 0
0 1 0 200 8 0 3200 0 0
0 1 0 200 9 0 3200 0 0
0 0 0 100 9 0 1600 0 0
0 0 0 100 10 0 1600 0 0
0 1 0 200 10 0 3200 0 0
0 1 0 200 11 0 3200 0 0
0 0 0 100 11 0 1600 0 0
0 0 0 100 12 0 1600 0 0
0 1 0 200 12 0 3200 0 0
0 1 0 200 13 0 3200 0 0
0 0 0 100 13 0 1600 0 0
0 0 0 100 14 0 1600 0 0
0 1 0 200 14 0 3200 0 0
0 1 0 200 15 0 3200 0 0
0 0 0 100 15 0 1600 0 0
0 0 0 100 0 0 1600 0 0
0 1 0 200 0 0 3200 0 0
0 1 0 200 1 0 3200 0 0
0 0 0 100 1 0 1600 0 0
0 0 0 100 2 0 1600 0 0
0 1 0 200 2 0 3200 0 0
0 1 0 200 3 0 3200 0 0
0 0 0 100 3 0 1600 0 0
0 0 0 100 4 0 1600 0 0
0 1 0 200 4 0 3200 0 0
0 1 0 200 5 0 3200 0 0
0 0 0 100 5 0 1600 0 0
0 0 0 100 6 0 1600 0 0
0 1 0 200 6 0 3200 0 0
0 1 0 200 7 0 3200 0 0
0 0 0 100 7 0 1600 0 0
0 0 0 100 8 0 1600 0 0
0 1 0 200 8 0 3200 0 0
0 1 0 200 9 0 3200 0 0
0 0 0 100 9 0 1600 0 0
0 0 0 100 10 0 1600 0 0
0 1 0 200 10 0 3200 0 0
0 1 0 200 11 0 3200 0 0
0 0 0 100 11 0 1600 0 0
0 0 0 100 12 0 1600 0 0
0 1 0 200 12 0 3200 0 0
0 1 0 200 13 0 3200 0 0
0 0 0 100 13 0 1600 0 0
0 0 0 100 14 0 1600 0 0
0 1 0 200 14 0 3200 0 0
0 1 0 200 15 0 3200 0 0
0 0 0 100 15 0 1600 0 0
0 0 0 100 0 0 1600 0 0
0 1 0 200 0 0 3200 0 0
0 1 0 200 1 0 3200 0 0
0 0 0 100 1 0 1600 0 0
0 0 0 100 2 0 1600 0 0
0 1 0 200 2 0 3200 0 0
0 1 0 200 3 0 3200 0 0
0 0 0 100 3 0 1600 0 0
0 0 0 100 4 0 1600 0 0
0 1 0 200 4 0 3200 0 0
0 1 0 200 5 0 3200 0 0
0 0 0 100 5 0 1600 0 0
0 0 0 100 6 0 1600 0 0
0 1 0 200 6 0 3200 0 0
0 1 0 200 7 0 3200 0 0
0 0 0 100 7 0 1600 0 0
0 0 0 100 8 0 1600 0 0
0 1 0 200 8 0 3200 0 0
0 1 0 200 9 0 3200 0 0
0 0 0 100 9 0 1600 0 0
0 0 0 100 10 0 1600 0 0
0 1 0 200 10 0 3200 0 0
0 1 0 200 11 0 3200 0 0
0 0 0 100 11 0 1600 0 0
0 0 0 100 12 0 1600 0 0
0 1 0 200 12 0 3200 0 0
0 1 0 200 13 0 3200 0 0
0 0 0 100 13 0 1600 0 0
0 0 0 100 14 0 1600 0 0
0 1 0 200 14 0 3200 0 0
0 1 0 200 15 0 3200 0 0
0 0 0 100 15 0 1600 0 0
0 0 0 100 0 0 1600 0 0
0 1 0 200 0 0 3200 0 0
0 1 0 200 1 0 3200 0 0
0 0 0 100 1 0 1600 0 0
0 0 0 100 2 0 1600 0 0
0 1 0 200 2 0 3200 0 0
0 1 0 200 3 0 3200 0 0
0 0 0 100 3 0 1600 0 0
0 0 0 100 4 0 1600 0 0
0 1 0 200 4 0 3200 0 0
0 1 0 200 5 0 3200 0 0
0 0 0 100 5 0 1600 0 0
0 0 0 100 6 0 1600 0 0
0 1 0 200 6 0 3200 0 0
0 1 0 200 7 0 3200 0 0
0 0 0 100 7 0 1600 0 0
0 0 0 100 8 0 1600 0 0
0 1 0 200 8 0 3200 0 0
0 1 0 200 9 0 3200 0 0
0 0 0 100 9 0 1600 0 0
0 0 0 100 10 0 1600 0 0
0 1 0 200 10 0 3200 0 0
0 1 0 200 11 0 3200 0 0
0 0 0 100 11 0 1600 0 0
0 0 0 100 12 0 1600 0 0
0 1 0 200 12 0 3200 0 0
0 1 0 200 13 0 3200 0 0
0 0 0 100 13 0 1600 0 0
0 0 0 100 14 0 1600 0 0
0 1 0 200 14 0 3200 0 0
0 1 0 200 15 0 3200 0 0
0 0 0 100 15 0 1600 0 0
0 0 0 100 0 0 1600 0 0
0 1 0 200 0 0 3200 0 0
0 1 0 200 1 0 3200 0 0
0 0 0 100 1 0 1600 0 0
0 0 0 100 2 0 1600 0 0
0 1 0 200 2 0 3200 0 0
0 1 0 200 3 0 3200 0 0
0 0 0 100 3 0 1600 0 0
0 0 0 100 4 0 1600 0 0
0 1 0 200 4 0 3200 0 0
0 1 0 200 5 0 3200 0 0
0 0 0 100 5 0 1600 0 0
0 0 0 100 6 0 1600 0 0
0 1 0 200 6 0 3200 0 0
0 1 0 200 7 0 3200 0 0
0 0 0 100 7 0 1600 0 0
0 0 0 100 8 0 1600 0 0
0 1 0 200 8 0 3200 0 0
0 1 0 200 9 0 3200 0 0
0 0 0 100 9 0 1600 0 0
0 0 0 100 10 0 1600 0 0
0 1 0 200 10 0 3200 0 0
0 1 0 200 11 0 3200 0 0
0 0 0 100 11 0 1600 0 0
0 0 0 100 12 0 1600 0 0
0 1 0 200 12 0 3200 0 0
0 1 0 200 13 0 3200 0 0
0 0 0 100 13 0 1600 0 0
0 0 0 100 14 0 1600 0 0
0 1 0 200 14 0 3200 0 0
0 1 0 200 15 0 3200 0 0
0 0 0 100 15 0 1600 0 0
0 0 0 100 0 0 1600 0 0
0 1 0 200 0 0 3200 0 0
0 1 0 200 1 0 3200 0 0
0 0 0 100 1 0 1600 0 0
0 0 0 100 2 0 1600 0 0
0 1 0 200 2 0 3200 0 0
0 1 0 200 3 0 3200 0 0
0 0 0 100 3 0 1600 0 0
1 0 1 100 0 0 100 0 1
0 1 1 200 0 0 200 0 1
0 1 1 200 1 0 400 0 1
0 0 1 100 1 0 200 0 1
0 0 1 100 2 0 300 0 1
0 1 1 200 2 0 600 0 1
0 1 1 200 3 0 800 0 1
0 0 1 100 3 0 400 0 1
0 0 1 100 4 0 500 0 1
0 1 1 200 4 0 1000 0 1
0 1 1 200 5 0 1200 0 1
0 0 1 100 5 0 600 0 1
0 0 1 100 6 0 700 0 1
0 1 1 200 6 0 1400 0 1
0 1 1 200 7 0 1600 0 1
0 0 1 100 7 0 800 0 1
0 0 1 100 8 0 900 0 1
0 1 1 200 8 0 1800 0 1
0 1 1 200 9 0 2000 0 1
0 0 1 100 9 0 1000 0 1
0 0 1 100 10 0 1100 0 1
0 1 1 200 10 0 2200 0 1
0 1 1 200 11 0 2400 0 1
0 0 1 100 11 0 1200 0 1
0 0 1 100 12 0 1300 0 1
0 1 1 200 12 0 2600 0 1
0 1 1 200 13 0 2800 0 1
0 0 1 100 13 0 1400 0 1
0 0 1 100 14 0 1500 0 1
0 1 1 200 14 0 3000 0 1
0 1 1 200 15 0 3200 0 0
0 0 1 100 15 0 1600 0 0
0 0 0 102 0 2 1602 0 1
0 1 0 198 0 1 3198 1 0
0 1 0 197 1 1 3195 1 0
0 0 0 103 1 2 1605 0 1
0 0 0 99 2 1 1604 1 0
0 1 0 201 2 2 3196 0 1
0 1 0 202 3 2 3198 0 1
0 0 0 98 3 1 1602 1 0
0 0 0 102 4 2 1604 0 1
0 1 0 198 4 1 3196 1 0
0 1 0 197 5 1 3193 1 0
0 0 0 103 5 2 1607 0 1
0 0 0 99 6 1 1606 1 0
0 1 0 201 6 2 3194 0 1
0 1 0 202 7 2 3196 0 1
0 0 0 98 7 1 1604 1 0
0 0 0 102 8 2 1606 0 1
0 1 0 198 8 1 3194 1 0
0 1 0 197 9 1 3191 1 0
0 0 0 103 9 2 1609 0 1
0 0 0 99 10 1 1608 1 0
0 1 0 201 10 2 3192 0 1
0 1 0 202 11 2 3194 0 1
0 0 0 98 11 1 1606 1 0
0 0 0 102 12 2 1608 0 1
0 1 0 198 12 1 3192 1 0
0 1 0 197 13 1 3189 1 0
0 0 0 103 13 2 1611 0 1
0 0 0 99 14 1 1610 1 0
0 1 0 201 14 2 3190 0 1
0 1 0 202 15 2 3192 0 1
0 0 0 98 15 1 1608 1 0
0 0 0 102 0 2 1608 0 1
0 1 0 198 0 1 3192 1 0
0 1 0 197 1 1 3192 1 0
0 0 0 103 1 2 1608 0 1
0 0 0 99 2 1 1608 1 0
0 1 0 201 2 2 3192 0 1
0 1 0 202 3 2 3192 0 1
0 0 0 98 3 1 1608 1 0
0 0 0 102 4 2 1608 0 1
0 1 0 198 4 1 3192 1 0
0 1 0 197 5 1 3192 1 0
0 0 0 103 5 2 1608 0 1
0 0 0 99 6 1 1608 1 0
0 1 0 201 6 2 3192 0 1
0 1 0 202 7 2 3192 0 1
0 0 0 98 7 1 1608 1 0
0 0 0 102 8 2 1608 0 1
0 1 0 198 8 1 3192 1 0
0 1 0 197 9 1 3192 1 0
0 0 0 103 9 2 1608 0 1
0 0 0 99 10 1 1608 1 0
0 1 0 201 10 2 3192 0 1
0 1 0 202 11 2 3192 0 1
0 0 0 98 11 1 1608 1 0
0 0 0 102 12 2 1608 0 1
0 1 0 198 12 1 3192 1 0
0 1 0 197 13 1 3192 1 0
0 0 0 103 13 2 1608 0 1
0 0 0 99 14 1 1608 1 0
0 1 0 201 14 2 3192 0 1
0 1 0 202 15 2 3192 0 1
0 0 0 98 15 1 1608 1 0
0 0 0 102 0 2 1608 0 1
0 1 0 198 0 1 3192 1 0
0 1 0 197 1 1 3192 1 0
0 0 0 103 1 2 1608 0 1
0 0 0 99 2 1 1608 1 0
0 1 0 201 2 2 3192 0 1
0 1 0 202 3 2 3192 0 1
0 0 0 98 3 1 1608 1 0
0 0 0 102 4 2 1608 0 1
0 1 0 198 4 1 3192 1 0
0 1 0 197 5 1 3192 1 0
0 0 0 103 5 2 1608 0 1
0 0 0 99 6 1 1608 1 0
0 1 0 201 6 2 3192 0 1
0 1 0 202 7 2 3192 0 1
0 0 0 98 7 1 1608 1 0
0 0 0 102 8 2 1608 0 1
0 1 0 198 8 1 3192 1 0
0 1 0 197 9 1 3192 1 0
0 0 0 103 9 2 1608 0 1
0 0 0 99 10 1 1608 1 0
0 1 0 201 10 2 3192 0 1
0 1 0 202 11 2 3192 0 1
0 0 0 98 11 1 1608 1 0
0 0 0 102 12 2 1608 0 1
0 1 0 198 12 1 3192 1 0
0 1 0 197 13 1 3192 1 0
0 0 0 103 13 2 1608 0 1
0 0 0 99 14 1 1608 1 0
0 1 0 201 14 2 3192 0 1
0 1 0 202 15 2 3192 0 1
0 0 0 98 15 1 1608 1 0
0 0 0 102 0 2 1608 0 1
0 1 0 198 0 1 3192 1 0
0 1 0 197 1 1 3192 1 0
0 0 0 103 1 2 1608 0 1
0 0 0 99 2 1 1608 1 0
0 1 0 201 2 2 3192 0 1
0 1 0 202 3 2 3192 0 1
0 0 0 98 3 1 1608 1 0
0 0 0 102 4 2 1608 0 1
0 1 0 198 4 1 3192 1 0
0 1 0 197 5 1 3192 1 0
0 0 0 103 5 2 1608 0 1
0 0 0 99 6 1 1608 1 0
0 1 0 201 6 2 3192 0 1
0 1 0 202 7 2 3192 0 1
0 0 0 98 7 1 1608 1 0
0 0 0 102 8 2 1608 0 1
0 1 0 198 8 1 3192 1 0
0 1 0 197 9 1 3192 1 0
0 0 0 103 9 2 1608 0 1
0 0 0 99 10 1 1608 1 0
0 1 0 201 10 2 3192 0 1
0 1 0 202 11 2 3192 0 1
0 0 0 98 11 1 1608 1 0
0 0 0 102 12 2 1608 0 1
0 1 0 198 12 1 3192 1 0
0 1 0 197 13 1 3192 1 0
0 0 0 103 13 2 1608 0 1
0 0 0 99 14 1 1608 1 0
0 1 0 201 14 2 3192 0 1
0 1 0 202 15 2 3192 0 1
0 0 0 98 15 1 1608 1 0
0 0 0 102 0 2 1608 0 1
0 1 0 198 0 1 3192 1 0
0 1 0 197 1 1 3192 1 0
0 0 0 103 1 2 1608 0 1
0 0 0 99 2 1 1608 1 0
0 1 0 201 2 2 3192 0 1
0 1 0 202 3 2 3192 0 1
0 0 0 98 3 1 1608 1 0
0 0 0 102 4 2 1608 0 1
0 1 0 198 4 1 3192 1 0
0 1 0 197 5 1 3192 1 0
0 0 0 103 5 2 1608 0 1
0 0 0 99 6 1 1608 1 0
0 1 0 201 6 2 3192 0 1
0 1 0 202 7 2 3192 0 1
0 0 0 98 7 1 1608 1 0
0 0 0 102 8 2 1608 0 1
0 1 0 198 8 1 3192 1 0
0 1 0 197 9 1 3192 1 0
0 0 0 103 9 2 1608 0 1
0 0 0 99 10 1 1608 1 0
0 1 0 201 10 2 3192 0 1
0 1 0 202 11 2 3192 0 1
0 0 0 98 11 1 1608 1 0
0 0 0 102 12 2 1608 0 1
0 1 0 198 12 1 3192 1 0
0 1 0 197 13 1 3192 1 0
0 0 0 103 13 2 1608 0 1
0 0 0 99 14 1 1608 1 0
0 1 0 201 14 2 3192 0 1
0 1 0 202 15 2 3192 0 1
0 0 0 98 15 1 1608 1 0
0 0 0 102 0 2 1608 0 1
0 1 0 198 0 1 3192 1 0
0 1 0 197 1 1 3192 1 0
0 0 0 103 1 2 1608 0 1
0 0 0 99 2 1 1608 1 0
0 1 0 201 2 2 3192 0 1
0 1 0 202 3 2 3192 0 1
0 0 0 98 3 1 1608 1 0
1 0 1 41905 0 0 41905 0 1
0 1 1 7296 0 0 7296 0 1
0 0 1 48598 1 0 90503 0 1
0 1 1 18024 1 0 25320 0 1
0 1 1 9144 2 0 34464 0 1
0 0 1 14628 2 0 105131 0 1
0 1 1 44348 3 0 78812 0 1
0 0 1 6717 3 0 111848 1 0
0 0 1 58469 4 0 170317 0 1
0 1 1 35741 4 0 114553 0 1
0 0 1 38698 5 0 209015 0 1
0 1 1 27651 5 0 142204 0 1
0 0 1 1952 6 0 210967 1 0
0 1 1 6140 6 0 148344 1 0
0 1 1 33118 7 0 181462 0 1
0 0 1 15247 7 0 226214 0 1
0 0 1 1739 8 0 227953 1 0
0 1 1 36781 8 0 218243 0 1
0 1 1 42590 9 0 260833 0 1
0 0 1 46925 9 0 274878 0 1
0 0 1 35713 10 0 310591 0 1
0 1 1 27493 10 0 288326 0 1
0 0 1 29439 11 0 340030 0 1
0 1 1 38618 11 0 326944 0 1
0 0 1 53046 12 0 393076 0 1
0 1 1 56970 12 0 383914 0 1
0 0 1 49729 13 0 442805 0 1
0 1 1 52810 13 0 436724 0 1
0 0 1 45753 14 0 488558 0 1
0 1 1 27696 14 0 464420 1 0
0 0 1 18210 15 0 506768 1 0
0 1 1 10189 15 0 474609 1 0
0 0 0 62731 0 2 527594 0 1
0 1 0 50036 0 2 517349 0 1
0 0 0 6698 1 1 485694 1 0
0 1 0 6078 1 1 505403 1 0
0 1 0 23526 2 1 519785 1 0
0 0 0 6338 2 1 477404 1 0
0 0 0 22541 3 1 493228 1 0
0 1 0 39565 3 2 515002 0 1
0 1 0 2847 4 1 482108 1 0
0 0 0 52895 4 2 487654 0 1
0 0 0 30108 5 2 479064 0 1
0 1 0 35142 5 2 489599 0 1
0 0 0 63774 6 2 540886 0 1
0 1 0 60443 6 2 543902 0 1
0 0 0 5164 7 1 530803 1 0
0 1 0 36178 7 2 546962 0 1
0 1 0 41198 8 2 551379 0 1
0 0 0 54355 8 2 583419 0 1
0 0 0 58028 9 2 594522 0 1
0 1 0 56472 9 2 565261 0 1
0 1 0 12601 10 1 550369 1 0
0 0 0 37837 10 2 596646 0 1
0 1 0 3003 11 1 514754 1 0
0 0 0 4558 11 1 571765 1 0
0 0 0 14935 12 1 533654 1 0
0 1 0 50663 12 2 508447 0 1
0 1 0 5229 13 1 460866 1 0
0 0 0 64567 13 2 548492 0 1
0 0 0 15256 14 1 517995 1 0
0 1 0 56785 14 2 489955 0 1
0 0 0 24911 15 1 524696 1 0
0 1 0 18217 15 1 497983 1 0
0 0 0 41660 0 2 503625 0 1
0 1 0 54664 0 2 502611 0 1
0 0 0 10659 1 1 507586 1 0
0 1 0 24260 1 1 520793 1 0
0 0 0 13730 2 1 514978 1 0
0 1 0 43920 2 2 541187 0 1
0 1 0 61384 3 2 563006 0 1
0 0 0 45994 3 2 538431 0 1
0 1 0 4679 4 1 564838 1 0
0 0 0 42469 4 2 528005 0 1
0 1 0 11215 5 1 540911 1 0
0 0 0 41613 5 2 539510 0 1
0 0 0 47784 6 2 523520 0 1
0 1 0 16043 6 1 496511 1 0
0 0 0 30294 7 1 548650 1 0
0 1 0 24867 7 1 485200 1 0
0 1 0 60646 8 2 504648 0 1
0 0 0 64849 8 2 559144 0 1
0 0 0 45099 9 2 546215 0 1
0 1 0 36500 9 2 484676 0 1
0 1 0 21252 10 1 493327 1 0
0 0 0 44866 10 2 553244 0 1
0 0 0 50352 11 2 599038 0 1
0 1 0 50855 11 2 541179 0 1
0 0 0 15010 12 1 599113 1 0
0 1 0 53857 12 2 544373 0 1
0 0 0 52759 13 2 587305 0 1
0 1 0 20673 13 1 559817 1 0
0 0 0 17546 14 1 589595 1 0
0 1 0 4337 14 1 507369 1 0
0 1 0 61794 15 2 550946 0 1
0 0 0 59843 15 2 624527 0 1
0 0 0 57433 0 2 640300 0 1
0 1 0 47049 0 2 543331 0 1
0 0 0 13934 1 1 643575 1 0
0 1 0 42954 1 2 562025 0 1
0 1 0 57978 2 2 576083 0 1
0 0 0 25928 2 1 655773 1 0
0 0 0 42129 3 2 651908 0 1
0 1 0 30071 3 1 544770 1 0
0 0 0 17359 4 1 626798 1 0
0 1 0 9150 4 1 549241 1 0
0 1 0 36789 5 2 574815 0 1
0 0 0 48823 5 2 634008 0 1
0 1 0 48956 6 2 607728 0 1
0 0 0 17219 6 1 603443 1 0
0 1 0 58839 7 2 641700 0 1
0 0 0 28077 7 1 601226 1 0
0 0 0 26175 8 1 562552 1 0
0 1 0 23723 8 1 604777 1 0
0 0 0 65360 9 2 582813 0 1
0 1 0 65374 9 2 633651 0 1
0 0 0 33392 10 1 571339 1 0
0 1 0 32343 10 1 644742 1 0
0 1 0 3087 11 1 596974 1 0
0 0 0 49530 11 2 570517 0 1
0 1 0 10016 12 1 553133 1 0
0 0 0 7185 12 1 562692 1 0
0 1 0 51909 13 2 584369 0 1
0 0 0 10484 13 1 520417 1 0
0 0 0 27666 14 1 530537 1 0
0 1 0 39086 14 2 619118 0 1
0 1 0 25009 15 1 582333 1 0
0 0 0 25216 15 1 495910 1 0
0 1 0 30674 0 1 565958 1 0
0 0 0 65281 0 2 503758 0 1
0 1 0 63640 1 2 586644 0 1
0 0 0 16476 1 1 506300 1 0
0 0 0 56412 2 2 536784 0 1
0 1 0 61763 2 2 590429 0 1
0 0 0 44583 3 2 539238 0 1
0 1 0 47233 3 2 607591 0 1
0 1 0 57985 4 2 656426 0 1
0 0 0 44676 4 2 566555 0 1
0 1 0 17486 5 1 637123 1 0
0 0 0 49209 5 2 566941 0 1
0 0 0 42006 6 2 591728 0 1
0 1 0 22293 6 1 610460 1 0
0 0 0 19234 7 1 582885 1 0
0 1 0 28492 7 1 580113 1 0
0 1 0 212 8 1 556602 1 0
0 0 0 29735 8 1 586445 1 0
0 1 0 57399 9 2 548627 0 1
0 0 0 47323 9 2 568408 0 1
0 1 0 63693 10 2 579977 0 1
0 0 0 17261 10 1 552277 1 0
0 1 0 11708 11 1 588598 1 0
0 0 0 49935 11 2 552682 0 1
0 1 0 6973 12 1 585555 1 0
0 0 0 59809 12 2 605306 0 1
0 1 0 19558 13 1 553204 1 0
0 0 0 40979 13 2 635801 0 1
0 1 0 33270 14 1 547388 1 0
0 0 0 41874 14 2 650009 0 1
0 0 0 13035 15 1 637828 1 0
0 1 0 10016 15 1 532395 1 0
0 1 0 10587 0 1 512308 1 0
0 0 0 49971 0 2 622518 0 1
0 1 0 51028 1 2 499696 0 1
0 0 0 62488 1 2 668530 0 1
0 0 0 34757 2 1 646875 1 0
0 1 0 60194 2 2 498127 0 1
0 0 0 39252 3 1 641544 1 0
0 1 0 21243 3 1 472137 1 0
0 1 0 7331 4 1 421483 1 0
0 0 0 1276 4 1 598144 1 0
0 1 0 57587 5 2 461584 0 1
0 0 0 23788 5 1 572723 1 0
0 0 0 54504 6 2 585221 0 1
0 1 0 52872 6 2 492163 0 1
0 0 0 15692 7 1 581679 1 0
0 1 0 3796 7 1 467467 1 0
0 1 0 37182 8 2 504437 0 1
0 0 0 57541 8 2 609485 0 1
0 1 0 5613 9 1 452651 1 0
0 0 0 5161 9 1 567323 1 0
0 0 0 31849 10 1 581911 1 0
0 1 0 53478 10 2 442436 0 1
0 1 0 49846 11 2 480574 0 1
0 0 0 64093 11 2 596069 0 1
0 0 0 50189 12 2 586449 0 1
0 1 0 8241 12 1 481842 1 0
0 1 0 31148 13 2 493432 0 1
0 0 0 43237 13 2 588707 0 1
0 0 0 36031 14 1 582864 1 0
0 1 0 10821 14 1 470983 1 0
0 1 0 57175 15 2 518142 0 1
0 0 0 34581 15 1 604410 1 0
0 0 0 27730 0 1 582169 1 0
0 1 0 63200 0 2 570755 0 1
0 1 0 35343 1 2 555070 0 1
0 0 0 60877 1 2 580558 0 1
0 0 0 47836 2 2 593637 0 1
0 1 0 45211 2 2 540087 0 1
0 0 0 46723 3 2 601108 0 1
0 1 0 20428 3 1 539272 1 0
1 0 1 100 0 0 100 0 1
0 1 1 200 0 0 200 0 1
0 1 1 200 1 0 400 0 1
0 0 1 100 1 0 200 0 1
0 0 1 100 2 0 300 0 1
0 1 1 200 2 0 600 0 1
0 1 1 200 3 0 800 0 1
0 0 1 100 3 0 400 0 1
0 0 1 100 4 0 500 0 1
0 1 1 200 4 0 1000 0 1
0 1 1 200 5 0 1200 0 1
0 0 1 100 5 0 600 0 1
0 0 1 100 6 0 700 0 1
0 1 1 200 6 0 1400 0 1
0 1 1 200 7 0 1600 0 1
0 0 1 100 7 0 800 0 1
0 0 1 100 8 0 900 0 1
0 1 1 200 8 0 1800 0 1
0 1 1 200 9 0 2000 0 1
0 0 1 100 9 0 1000 0 1
0 0 1 100 10 0 1100 0 1
0 1 1 200 10 0 2200 0 1
0 1 1 200 11 0 2400 0 1
0 0 1 100 11 0 1200 0 1
0 0 1 100 12 0 1300 0 1
0 1 1 200 12 0 2600 0 1
0 1 1 200 13 0 2800 0 1
0 0 1 100 13 0 1400 0 1
0 0 1 100 14 0 1500 0 1
0 1 1 200 14 0 3000 0 1
0 1 1 200 15 0 3200 0 0
0 0 1 100 15 0 1600 0 0
0 0 0 102 0 2 1602 0 1
0 1 0 198 0 1 3198 1 0
0 1 0 197 1 1 3195 1 0
0 0 0 103 1 2 1605 0 1
0 0 0 99 2 1 1604 1 0
0 1 0 201 2 2 3196 0 1
0 1 0 202 3 2 3198 0 1
0 0 0 98 3 1 1602 1 0
0 0 0 102 4 2 1604 0 1
0 1 0 198 4 1 3196 1 0
0 1 0 197 5 1 3193 1 0
0 0 0 103 5 2 1607 0 1
0 0 0 99 6 1 1606 1 0
0 1 0 201 6 2 3194 0 1
0 1 0 202 7 2 3196 0 1
0 0 0 98 7 1 1604 1 0
0 0 0 102 8 2 1606 0 1
0 1 0 198 8 1 3194 1 0
0 1 0 197 9 1 3191 1 0
0 0 0 103 9 2 1609 0 1
0 0 0 99 10 1 1608 1 0
0 1 0 201 10 2 3192 0 1
0 1 0 202 11 2 3194 0 1
0 0 0 98 11 1 1606 1 0
0 0 0 102 12 2 1608 0 1
0 1 0 198 12 1 3192 1 0
0 1 0 197 13 1 3189 1 0
0 0 0 103 13 2 1611 0 1
0 0 0 99 14 1 1610 1 0
0 1 0 201 14 2 3190 0 1
0 1 0 202 15 2 3192 0 1
0 0 0 98 15 1 1608 1 0
0 0 0 102 0 2 1608 0 1
0 1 0 198 0 1 3192 1 0
0 1 0 197 1 1 3192 1 0
0 0 0 103 1 2 1608 0 1
0 0 0 99 2 1 1608 1 0
0 1 0 201 2 2 3192 0 1
0 1 0 202 3 2 3192 0 1
0 0 0 98 3 1 1608 1 0
0 0 0 102 4 2 1608 0 1
0 1 0 198 4 1 3192 1 0
0 1 0 197 5 1 3192 1 0
0 0 0 103 5 2 1608 0 1
0 0 0 99 6 1 1608 1 0
0 1 0 201 6 2 3192 0 1
0 1 0 202 7 2 3192 0 1
0 0 0 98 7 1 1608 1 0
0 0 0 102 8 2 1608 0 1
0 1 0 198 8 1 3192 1 0
0 1 0 197 9 1 3192 1 0
0 0 0 103 9 2 1608 0 1
0 0 0 99 10 1 1608 1 0
0 1 0 201 10 2 3192 0 1
0 1 0 202 11 2 3192 0 1
0 0 0 98 11 1 1608 1 0
0 0 0 102 12 2 1608 0 1
0 1 0 198 12 1 3192 1 0
0 1 0 197 13 1 3192 1 0
0 0 0 103 13 2 1608 0 1
0 0 0 99 14 1 1608 1 0
0 1 0 201 14 2 3192 0 1
0 1 0 202 15 2 3192 0 1
0 0 0 98 15 1 1608 1 0
0 0 0 102 0 2 1608 0 1
0 1 0 198 0 1 3192 1 0
0 1 0 197 1 1 3192 1 0
0 0 0 103 1 2 1608 0 1
0 0 0 99 2 1 1608 1 0
0 1 0 201 2 2 3192 0 1
0 1 0 202 3 2 3192 0 1
0 0 0 98 3 1 1608 1 0
0 0 0 102 4 2 1608 0 1
0 1 0 198 4 1 3192 1 0
0 1 0 197 5 1 3192 1 0
0 0 0 103 5 2 1608 0 1
0 0 0 99 6 1 1608 1 0
0 1 0 201 6 2 3192 0 1
0 1 0 202 7 2 3192 0 1
0 0 0 98 7 1 1608 1 0
0 0 0 102 8 2 1608 0 1
0 1 0 198 8 1 3192 1 0
0 1 0 197 9 1 3192 1 0
0 0 0 103 9 2 1608 0 1
0 0 0 99 10 1 1608 1 0
0 1 0 201 10 2 3192 0 1
0 1 0 202 11 2 3192 0 1
0 0 0 98 11 1 1608 1 0
0 0 0 102 12 2 1608 0 1
0 1 0 198 12 1 3192 1 0
0 1 0 197 13 1 3192 1 0
0 0 0 103 13 2 1608 0 1
0 0 0 99 14 1 1608 1 0
0 1 0 201 14 2 3192 0 1
0 1 0 202 15 2 3192 0 1
0 0 0 98 15 1 1608 1 0
0 0 0 102 0 2 1608 0 1
0 1 0 198 0 1 3192 1 0
0 1 0 197 1 1 3192 1 0
0 0 0 103 1 2 1608 0 1
0 0 0 99 2 1 1608 1 0
0 1 0 201 2 2 3192 0 1
0 1 0 202 3 2 3192 0 1
0 0 0 98 3 1 1608 1 0
0 0 0 102 4 2 1608 0 1
0 1 0 198 4 1 3192 1 0
0 1 0 197 5 1 3192 1 0
0 0 0 103 5 2 1608 0 1
0 0 0 99 6 1 1608 1 0
0 1 0 201 6 2 3192 0 1
0 1 0 202 7 2 3192 0 1
0 0 0 98 7 1 1608 1 0
0 0 0 102 8 2 1608 0 1
0 1 0 198 8 1 3192 1 0
0 1 0 197 9 1 3192 1 0
0 0 0 103 9 2 1608 0 1
0 0 0 99 10 1 1608 1 0
0 1 0 201 10 2 3192 0 1
0 1 0 202 11 2 3192 0 1
0 0 0 98 11 1 1608 1 0
0 0 0 102 12 2 1608 0 1
0 1 0 198 12 1 3192 1 0
0 1 0 197 13 1 3192 1 0
0 0 0 103 13 2 1608 0 1
0 0 0 99 14 1 1608 1 0
0 1 0 201 14 2 3192 0 1
0 1 0 202 15 2 3192 0 1
0 0 0 98 15 1 1608 1 0
0 0 0 102 0 2 1608 0 1
0 1 0 198 0 1 3192 1 0
0 1 0 197 1 1 3192 1 0
0 0 0 103 1 2 1608 0 1
0 0 0 99 2 1 1608 1 0
0 1 0 201 2 2 3192 0 1
0 1 0 202 3 2 3192 0 1
0 0 0 98 3 1 1608 1 0
0 0 0 102 4 2 1608 0 1
0 1 0 198 4 1 3192 1 0
0 1 0 197 5 1 3192 1 0
0 0 0 103 5 2 1608 0 1
0 0 0 99 6 1 1608 1 0
0 1 0 201 6 2 3192 0 1
0 1 0 202 7 2 3192 0 1
0 0 0 98 7 1 1608 1 0
0 0 0 102 8 2 1608 0 1
0 1 0 198 8 1 3192 1 0
0 1 0 197 9 1 3192 1 0
0 0 0 103 9 2 1608 0 1
0 0 0 99 10 1 1608 1 0
0 1 0 201 10 2 3192 0 1
0 1 0 202 11 2 3192 0 1
0 0 0 98 11 1 1608 1 0
0 0 0 102 12 2 1608 0 1
0 1 0 198 12 1 3192 1 0
0 1 0 197 13 1 3192 1 0
0 0 0 103 13 2 1608 0 1
0 0 0 99 14 1 1608 1 0
0 1 0 201 14 2 3192 0 1
0 1 0 202 15 2 3192 0 1
0 0 0 98 15 1 1608 1 0
0 0 0 102 0 2 1608 0 1
0 1 0 198 0 1 3192 1 0
0 1 0 197 1 1 3192 1 0
0 0 0 103 1 2 1608 0 1
0 0 0 99 2 1 1608 1 0
0 1 0 201 2 2 3192 0 1
0 1 0 202 3 2 3192 0 1
0 0 0 98 3 1 1608 1 0
1 0 1 100 0 0 100 0 1
0 1 1 200 0 0 200 0 1
0 1 1 200 1 0 400 0 1
0 0 1 100 1 0 200 0 1
0 0 1 100 2 0 300 0 1
0 1 1 200 2 0 600 0 1
0 1 1 200 3 0 800 0 1
0 0 1 100 3 0 400 0 1
0 0 1 100 4 0 500 0 1
0 1 1 200 4 0 1000 0 1
0 1 1 200 5 0 1200 0 1
0 0 1 100 5 0 600 0 1
0 0 1 100 6 0 700 0 1
0 1 1 200 6 0 1400 0 1
0 1 1 200 7 0 1600 0 1
0 0 1 100 7 0 800 0 1
0 0 1 100 8 0 900 0 1
0 1 1 200 8 0 1800 0 1
0 1 1 200 9 0 2000 0 1
0 0 1 100 9 0 1000 0 1
0 0 1 100 10 0 1100 0 1
0 1 1 200 10 0 2200 0 1
0 1 1 200 11 0 2400 0 1
0 0 1 100 11 0 1200 0 1
0 0 1 100 12 0 1300 0 1
0 1 1 200 12 0 2600 0 1
0 1 1 200 13 0 2800 0 1
0 0 1 100 13 0 1400 0 1
0 0 1 100 14 0 1500 0 1
0 1 1 200 14 0 3000 0 1
0 1 1 200 15 0 3200 0 0
0 0 1 100 15 0 1600 0 0
0 0 0 100 0 0 1600 0 0
0 1 0 200 0 0 3200 0 0
0 1 0 200 1 0 3200 0 0
0 0 0 100 1 0 1600 0 0
0 0 0 100 2 0 1600 0 0
0 1 0 200 2 0 3200 0 0
0 1 0 200 3 0 3200 0 0
0 0 0 100 3 0 1600 0 0
0 0 0 100 4 0 1600 0 0
0 1 0 200 4 0 3200 0 0
0 1 0 200 5 0 3200 0 0
0 0 0 100 5 0 1600 0 0
0 0 0 100 6 0 1600 0 0
0 1 0 200 6 0 3200 0 0
0 1 0 200 7 0 3200 0 0
0 0 0 100 7 0 1600 0 0
0 0 0 100 8 0 1600 0 0
0 1 0 200 8 0 3200 0 0
0 1 0 200 9 0 3200 0 0
0 0 0 100 9 0 1600 0 0
0 0 0 100 10 0 1600 0 0
0 1 0 200 10 0 3200 0 0
0 1 0 200 11 0 3200 0 0
0 0 0 100 11 0 1600 0 0
0 0 0 100 12 0 1600 0 0
0 1 0 200 12 0 3200 0 0
0 1 0 200 13 0 3200 0 0
0 0 0 100 13 0 1600 0 0
0 0 0 100 14 0 1600 0 0
0 1 0 200 14 0 3200 0 0
0 1 0 200 15 0 3200 0 0
0 0 0 100 15 0 1600 0 0
0 0 0 100 0 0 1600 0 0
0 1 0 200 0 0 3200 0 0
0 1 0 200 1 0 3200 0 0
0 0 0 100 1 0 1600 0 0
0 0 0 100 2 0 1600 0 0
0 1 0 200 2 0 3200 0 0
0 1 0 200 3 0 3200 0 0
0 0 0 100 3 0 1600 0 0
0 0 0 100 4 0 1600 0 0
0 1 0 200 4 0 3200 0 0
0 1 0 200 5 0 3200 0 0
0 0 0 100 5 0 1600 0 0
0 0 0 100 6 0 1600 0 0
0 1 0 200 6 0 3200 0 0
0 1 0 200 7 0 3200 0 0
0 0 0 100 7 0 1600 0 0
0 0 0 100 8 0 1600 0 0
0 1 0 200 8 0 3200 0 0
0 1 0 200 9 0 3200 0 0
0 0 0 100 9 0 1600 0 0
0 0 0 100 10 0 1600 0 0
0 1 0 200 10 0 3200 0 0
0 1 0 200 11 0 3200 0 0
0 0 0 100 11 0 1600 0 0
0 0 0 100 12 0 1600 0 0
0 1 0 200 12 0 3200 0 0
0 1 0 200 13 0 3200 0 0
0 0 0 100 13 0 1600 0 0
0 0 0 100 14 0 1600 0 0
0 1 0 200 14 0 3200 0 0
0 1 0 200 15 0 3200 0 0
0 0 0 100 15 0 1600 0 0
0 0 0 100 0 0 1600 0 0
0 1 0 200 0 0 3200 0 0
0 1 0 200 1 0 3200 0 0
0 0 0 100 1 0 1600 0 0
0 0 0 100 2 0 1600 0 0
0 1 0 200 2 0 3200 0 0
0 1 0 200 3 0 3200 0 0
0 0 0 100 3 0 1600 0 0
0 0 0 100 4 0 1600 0 0
0 1 0 200 4 0 3200 0 0
0 1 0 200 5 0 3200 0 0
0 0 0 100 5 0 1600 0 0
0 0 0 100 6 0 1600 0 0
0 1 0 200 6 0 3200 0 0
0 1 0 200 7 0 3200 0 0
0 0 0 100 7 0 1600 0 0
0 0 0 100 8 0 1600 0 0
0 1 0 200 8 0 3200 0 0
0 1 0 200 9 0 3200 0 0
0 0 0 100 9 0 1600 0 0
0 0 0 100 10 0 1600 0 0
0 1 0 200 10 0 3200 0 0
0 1 0 200 11 0 3200 0 0
0 0 0 100 11 0 1600 0 0
0 0 0 100 12 0 1600 0 0
0 1 0 200 12 0 3200 0 0
0 1 0 200 13 0 3200 0 0
0 0 0 100 13 0 1600 0 0
0 0 0 100 14 0 1600 0 0
0 1 0 200 14 0 3200 0 0
0 1 0 200 15 0 3200 0 0
0 0 0 100 15 0 1600 0 0
0 0 0 100 0 0 1600 0 0
0 1 0 200 0 0 3200 0 0
0 1 0 200 1 0 3200 0 0
0 0 0 100 1 0 1600 0 0
0 0 0 100 2 0 1600 0 0
0 1 0 200 2 0 3200 0 0
0 1 0 200 3 0 3200 0 0
0 0 0 100 3 0 1600 0 0
0 0 0 100 4 0 1600 0 0
0 1 0 200 4 0 3200 0 0
0 1 0 200 5 0 3200 0 0
0 0 0 100 5 0 1600 0 0
0 0 0 100 6 0 1600 0 0
0 1 0 200 6 0 3200 0 0
0 1 0 200 7 0 3200 0 0
0 0 0 100 7 0 1600 0 0
0 0 0 100 8 0 1600 0 0
0 1 0 200 8 0 3200 0 0
0 1 0 200 9 0 3200 0 0
0 0 0 100 9 0 1600 0 0
0 0 0 100 10 0 1600 0 0
0 1 0 200 10 0 3200 0 0
0 1 0 200 11 0 3200 0 0
0 0 0 100 11 0 1600 0 0
0 0 0 100 12 0 1600 0 0
0 1 0 200 12 0 3200 0 0
0 1 0 200 13 0 3200 0 0
0 0 0 100 13 0 1600 0 0
0 0 0 100 14 0 1600 0 0
0 1 0 200 14 0 3200 0 0
0 1 0 200 15 0 3200 0 0
0 0 0 100 15 0 1600 0 0
0 0 0 100 0 0 1600 0 0
0 1 0 200 0 0 3200 0 0
0 1 0 200 1 0 3200 0 0
0 0 0 100 1 0 1600 0 0
0 0 0 100 2 0 1600 0 0
0 1 0 200 2 0 3200 0 0
0 1 0 200 3 0 3200 0 0
0 0 0 100 3 0 1600 0 0
0 0 0 100 4 0 1600 0 0
0 1 0 200 4 0 3200 0 0
0 1 0 200 5 0 3200 0 0
0 0 0 100 5 0 1600 0 0
0 0 0 100 6 0 1600 0 0
0 1 0 200 6 0 3200 0 0
0 1 0 200 7 0 3200 0 0
0 0 0 100 7 0 1600 0 0
0 0 0 100 8 0 1600 0 0
0 1 0 200 8 0 3200 0 0
0 1 0 200 9 0 3200 0 0
0 0 0 100 9 0 1600 0 0
0 0 0 100 10 0 1600 0 0
0 1 0 200 10 0 3200 0 0
0 1 0 200 11 0 3200 0 0
0 0 0 100 11 0 1600 0 0
0 0 0 100 12 0 1600 0 0
0 1 0 200 12 0 3200 0 0
0 1 0 200 13 0 3200 0 0
0 0 0 100 13 0 1600 0 0
0 0 0 100 14 0 1600 0 0
0 1 0 200 14 0 3200 0 0
0 1 0 200 15 0 3200 0 0
0 0 0 100 15 0 1600 0 0
0 0 0 100 0 0 1600 0 0
0 1 0 200 0 0 3200 0 0
0 1 0 200 1 0 3200 0 0
0 0 0 100 1 0 1600 0 0
0 0 0 100 2 0 1600 0 0
0 1 0 200 2 0 3200 0 0
0 1 0 200 3 0 3200 0 0
0 0 0 100 3 0 1600 0 0
1 0 1 1000 0 0 1000 0 1
0 1 1 4000 0 0 4000 0 1
0 1 1 3990 1 0 7990 0 1
0 0 1 1010 1 0 2010 0 1
0 0 1 1020 2 0 3030 0 1
0 1 1 3980 2 0 11970 0 1
0 1 1 3970 3 0 15940 0 1
0 0 1 1030 3 0 4060 0 1
0 0 1 1040 4 0 5100 0 1
0 1 1 3960 4 0 19900 0 1
0 1 1 3950 5 0 23850 0 1
0 0 1 1050 5 0 6150 0 1
0 0 1 1060 6 0 7210 0 1
0 1 1 3940 6 0 27790 0 1
0 1 1 3930 7 0 31720 0 1
0 0 1 1070 7 0 8280 0 1
0 0 1 1080 8 0 9360 0 1
0 1 1 3920 8 0 35640 0 1
0 1 1 3910 9 0 39550 0 1
0 0 1 1090 9 0 10450 0 1
0 0 1 1100 10 0 11550 0 1
0 1 1 3900 10 0 43450 0 1
0 1 1 3890 11 0 47340 0 1
0 0 1 1110 11 0 12660 0 1
0 0 1 1120 12 0 13780 0 1
0 1 1 3880 12 0 51220 0 1
0 1 1 3870 13 0 55090 0 1
0 0 1 1130 13 0 14910 0 1
0 0 1 1140 14 0 16050 0 1
0 1 1 3860 14 0 58950 0 1
0 1 1 3850 15 0 62800 1 0
0 0 1 1150 15 0 17200 0 1
0 0 0 1160 0 0 17360 0 1
0 1 0 3840 0 0 62640 1 0
0 1 0 3830 1 0 62480 1 0
0 0 0 1170 1 0 17520 0 1
0 0 0 1180 2 0 17680 0 1
0 1 0 3820 2 0 62320 1 0
0 1 0 3810 3 0 62160 1 0
0 0 0 1190 3 0 17840 0 1
0 0 0 1200 4 0 18000 0 1
0 1 0 3800 4 0 62000 1 0
0 1 0 3790 5 0 61840 1 0
0 0 0 1210 5 0 18160 0 1
0 0 0 1220 6 0 18320 0 1
0 1 0 3780 6 0 61680 1 0
0 1 0 3770 7 0 61520 1 0
0 0 0 1230 7 0 18480 0 1
0 0 0 1240 8 0 18640 0 1
0 1 0 3760 8 0 61360 1 0
0 1 0 3750 9 0 61200 1 0
0 0 0 1250 9 0 18800 0 1
0 0 0 1260 10 0 18960 0 1
0 1 0 3740 10 0 61040 1 0
0 1 0 3730 11 0 60880 1 0
0 0 0 1270 11 0 19120 0 1
0 0 0 1280 12 0 19280 0 1
0 1 0 3720 12 0 60720 1 0
0 1 0 3710 13 0 60560 1 0
0 0 0 1290 13 0 19440 0 1
0 0 0 1300 14 0 19600 0 1
0 1 0 3700 14 0 60400 1 0
0 1 0 3690 15 0 60240 1 0
0 0 0 1310 15 0 19760 0 1
0 0 0 1310 0 0 19910 0 1
0 1 0 3690 0 0 60090 1 0
0 1 0 3700 1 0 59960 1 0
0 0 0 1300 1 0 20040 0 1
0 0 0 1290 2 0 20150 0 1
0 1 0 3710 2 0 59850 1 0
0 1 0 3720 3 0 59760 1 0
0 0 0 1280 3 0 20240 0 1
0 0 0 1270 4 0 20310 0 1
0 1 0 3730 4 0 59690 0 0
0 1 0 3740 5 2 59640 0 1
0 0 0 1260 5 1 20360 1 0
0 0 0 1250 6 1 20390 1 0
0 1 0 3750 6 2 59610 0 1
0 1 0 3760 7 2 59600 0 1
0 0 0 1240 7 1 20400 1 0
0 0 0 1230 8 1 20390 1 0
0 1 0 3770 8 2 59610 0 1
0 1 0 3780 9 2 59640 0 1
0 0 0 1220 9 1 20360 1 0
0 0 0 1210 10 1 20310 1 0
0 1 0 3790 10 2 59690 0 1
0 1 0 3800 11 2 59760 0 1
0 0 0 1200 11 1 20240 1 0
0 0 0 1190 12 1 20150 1 0
0 1 0 3810 12 2 59850 0 1
0 1 0 3820 13 2 59960 0 1
0 0 0 1180 13 1 20040 1 0
0 0 0 1170 14 1 19910 1 0
0 1 0 3830 14 2 60090 0 1
0 1 0 3840 15 2 60240 0 1
0 0 0 1160 15 1 19760 1 0
0 0 0 1150 0 1 19600 1 0
0 1 0 3850 0 2 60400 0 1
0 1 0 3860 1 2 60560 0 1
0 0 0 1140 1 1 19440 1 0
0 0 0 1130 2 1 19280 1 0
0 1 0 3870 2 2 60720 0 1
0 1 0 3880 3 2 60880 0 1
0 0 0 1120 3 1 19120 1 0
0 0 0 1110 4 1 18960 1 0
0 1 0 3890 4 2 61040 0 1
0 1 0 3900 5 2 61200 0 1
0 0 0 1100 5 1 18800 1 0
0 0 0 1090 6 1 18640 1 0
0 1 0 3910 6 2 61360 0 1
0 1 0 3920 7 2 61520 0 1
0 0 0 1080 7 1 18480 1 0
0 0 0 1070 8 1 18320 1 0
0 1 0 3930 8 2 61680 0 1
0 1 0 3940 9 2 61840 0 1
0 0 0 1060 9 1 18160 1 0
0 0 0 1050 10 1 18000 1 0
0 1 0 3950 10 2 62000 0 1
0 1 0 3960 11 2 62160 0 1
0 0 0 1040 11 1 17840 1 0
0 0 0 1030 12 1 17680 1 0
0 1 0 3970 12 2 62320 0 1
0 1 0 3980 13 2 62480 0 1
0 0 0 1020 13 1 17520 1 0
0 0 0 1010 14 1 17360 1 0
0 1 0 3990 14 2 62640 0 1
0 1 0 4000 15 2 62800 0 1
0 0 0 1000 15 1 17200 1 0
0 0 0 1000 0 1 17050 1 0
0 1 0 4000 0 2 62950 0 1
0 1 0 3990 1 2 63080 0 1
0 0 0 1010 1 1 16920 1 0
0 0 0 1020 2 1 16810 1 0
0 1 0 3980 2 2 63190 0 1
0 1 0 3970 3 2 63280 0 1
0 0 0 1030 3 1 16720 1 0
0 0 0 1040 4 1 16650 0 0
0 1 0 3960 4 2 63350 0 1
0 1 0 3950 5 1 63400 1 0
0 0 0 1050 5 2 16600 0 1
0 0 0 1060 6 2 16570 0 1
0 1 0 3940 6 1 63430 1 0
0 1 0 3930 7 1 63440 1 0
0 0 0 1070 7 2 16560 0 1
0 0 0 1080 8 2 16570 0 1
0 1 0 3920 8 1 63430 1 0
0 1 0 3910 9 1 63400 1 0
0 0 0 1090 9 2 16600 0 1
0 0 0 1100 10 2 16650 0 1
0 1 0 3900 10 1 63350 1 0
0 1 0 3890 11 1 63280 1 0
0 0 0 1110 11 2 16720 0 1
0 0 0 1120 12 2 16810 0 1
0 1 0 3880 12 1 63190 1 0
0 1 0 3870 13 1 63080 1 0
0 0 0 1130 13 2 16920 0 1
0 0 0 1140 14 2 17050 0 1
0 1 0 3860 14 1 62950 1 0
0 1 0 3850 15 1 62800 1 0
0 0 0 1150 15 2 17200 0 1
0 0 0 1160 0 2 17360 0 1
0 1 0 3840 0 1 62640 1 0
0 1 0 3830 1 1 62480 1 0
0 0 0 1170 1 2 17520 0 1
0 0 0 1180 2 2 17680 0 1
0 1 0 3820 2 1 62320 1 0
0 1 0 3810 3 1 62160 1 0
0 0 0 1190 3 2 17840 0 1
0 0 0 1200 4 2 18000 0 1
0 1 0 3800 4 1 62000 1 0
0 1 0 3790 5 1 61840 1 0
0 0 0 1210 5 2 18160 0 1
0 0 0 1220 6 2 18320 0 1
0 1 0 3780 6 1 61680 1 0
0 1 0 3770 7 1 61520 1 0
0 0 0 1230 7 2 18480 0 1
0 0 0 1240 8 2 18640 0 1
0 1 0 3760 8 1 61360 1 0
0 1 0 3750 9 1 61200 1 0
0 0 0 1250 9 2 18800 0 1
0 0 0 1260 10 2 18960 0 1
0 1 0 3740 10 1 61040 1 0
0 1 0 3730 11 1 60880 1 0
0 0 0 1270 11 2 19120 0 1
0 0 0 1280 12 2 19280 0 1
0 1 0 3720 12 1 60720 1 0
0 1 0 3710 13 1 60560 1 0
0 0 0 1290 13 2 19440 0 1
0 0 0 1300 14 2 19600 0 1
0 1 0 3700 14 1 60400 1 0
0 1 0 3690 15 1 60240 1 0
0 0 0 1310 15 2 19760 0 1
0 0 0 1310 0 2 19910 0 1
0 1 0 3690 0 1 60090 1 0
0 1 0 3700 1 1 59960 1 0
0 0 0 1300 1 2 20040 0 1
0 0 0 1290 2 2 20150 0 1
0 1 0 3710 2 1 59850 1 0
0 1 0 3720 3 1 59760 1 0
0 0 0 1280 3 2 20240 0 1
1 1 1 200 0 0 200 0 1
0 0 1 100 0 0 100 0 1
0 0 1 100 1 0 200 0 1
0 1 1 200 1 0 400 0 1
0 1 1 200 2 0 600 0 1
0 0 1 100 2 0 300 0 1
0 0 1 100 3 0 400 0 1
0 1 1 200 3 0 800 0 1
0 1 1 200 4 0 1000 0 1
0 0 1 100 4 0 500 0 1
0 0 1 100 5 0 600 0 1
0 1 1 200 5 0 1200 0 1
0 1 1 200 6 0 1400 0 1
0 0 1 100 6 0 700 0 1
0 0 1 100 7 0 800 0 1
0 1 1 200 7 0 1600 0 1
0 1 1 200 8 0 1800 0 1
0 0 1 100 8 0 900 0 1
0 0 1 100 9 0 1000 0 1
0 1 1 200 9 0 2000 0 1
0 1 1 200 10 0 2200 0 1
0 0 1 100 10 0 1100 0 1
0 0 1 100 11 0 1200 0 1
0 1 1 200 11 0 2400 0 1
0 1 1 200 12 0 2600 0 1
0 0 1 100 12 0 1300 0 1
0 0 1 100 13 0 1400 0 1
0 1 1 200 13 0 2800 0 1
0 1 1 200 14 0 3000 0 1
0 0 1 100 14 0 1500 0 1
0 0 1 100 15 0 1600 0 0
0 1 1 200 15 0 3200 0 0
0 1 0 198 0 1 3198 1 0
0 0 0 102 0 2 1602 0 1
0 0 0 103 1 2 1605 0 1
0 1 0 197 1 1 3195 1 0
0 1 0 201 2 2 3196 0 1
0 0 0 99 2 1 1604 1 0
0 0 0 98 3 1 1602 1 0
0 1 0 202 3 2 3198 0 1
0 1 0 198 4 1 3196 1 0
0 0 0 102 4 2 1604 0 1
0 0 0 103 5 2 1607 0 1
0 1 0 197 5 1 3193 1 0
0 1 0 201 6 2 3194 0 1
0 0 0 99 6 1 1606 1 0
0 0 0 98 7 1 1604 1 0
0 1 0 202 7 2 3196 0 1
0 1 0 198 8 1 3194 1 0
0 0 0 102 8 2 1606 0 1
0 0 0 103 9 2 1609 0 1
0 1 0 197 9 1 3191 1 0
0 1 0 201 10 2 3192 0 1
0 0 0 99 10 1 1608 1 0
0 0 0 98 11 1 1606 1 0
0 1 0 202 11 2 3194 0 1
0 1 0 198 12 1 3192 1 0
0 0 0 102 12 2 1608 0 1
0 0 0 103 13 2 1611 0 1
0 1 0 197 13 1 3189 1 0
0 1 0 201 14 2 3190 0 1
0 0 0 99 14 1 1610 1 0
0 0 0 98 15 1 1608 1 0
0 1 0 202 15 2 3192 0 1
0 1 0 198 0 1 3192 1 0
0 0 0 102 0 2 1608 0 1
0 0 0 103 1 2 1608 0 1
0 1 0 197 1 1 3192 1 0
0 1 0 201 2 2 3192 0 1
0 0 0 99 2 1 1608 1 0
0 0 0 98 3 1 1608 1 0
0 1 0 202 3 2 3192 0 1
0 1 0 198 4 1 3192 1 0
0 0 0 102 4 2 1608 0 1
0 0 0 103 5 2 1608 0 1
0 1 0 197 5 1 3192 1 0
0 1 0 201 6 2 3192 0 1
0 0 0 99 6 1 1608 1 0
0 0 0 98 7 1 1608 1 0
0 1 0 202 7 2 3192 0 1
0 1 0 198 8 1 3192 1 0
0 0 0 102 8 2 1608 0 1
0 0 0 103 9 2 1608 0 1
0 1 0 197 9 1 3192 1 0
0 1 0 201 10 2 3192 0 1
0 0 0 99 10 1 1608 1 0
0 0 0 98 11 1 1608 1 0
0 1 0 202 11 2 3192 0 1
0 1 0 198 12 1 3192 1 0
0 0 0 102 12 2 1608 0 1
0 0 0 103 13 2 1608 0 1
0 1 0 197 13 1 3192 1 0
0 1 0 201 14 2 3192 0 1
0 0 0 99 14 1 1608 1 0
0 0 0 98 15 1 1608 1 0
0 1 0 202 15 2 3192 0 1
0 1 0 198 0 1 3192 1 0
0 0 0 102 0 2 1608 0 1
0 0 0 103 1 2 1608 0 1
0 1 0 197 1 1 3192 1 0
0 1 0 201 2 2 3192 0 1
0 0 0 99 2 1 1608 1 0
0 0 0 98 3 1 1608 1 0
0 1 0 202 3 2 3192 0 1
0 1 0 198 4 1 3192 1 0
0 0 0 102 4 2 1608 0 1
0 0 0 103 5 2 1608 0 1
0 1 0 197 5 1 3192 1 0
0 1 0 201 6 2 3192 0 1
0 0 0 99 6 1 1608 1 0
0 0 0 98 7 1 1608 1 0
0 1 0 202 7 2 3192 0 1
0 1 0 198 8 1 3192 1 0
0 0 0 102 8 2 1608 0 1
0 0 0 103 9 2 1608 0 1
0 1 0 197 9 1 3192 1 0
0 1 0 201 10 2 3192 0 1
0 0 0 99 10 1 1608 1 0
0 0 0 98 11 1 1608 1 0
0 1 0 202 11 2 3192 0 1
0 1 0 198 12 1 3192 1 0
0 0 0 102 12 2 1608 0 1
0 0 0 103 13 2 1608 0 1
0 1 0 197 13 1 3192 1 0
0 1 0 201 14 2 3192 0 1
0 0 0 99 14 1 1608 1 0
0 0 0 98 15 1 1608 1 0
0 1 0 202 15 2 3192 0 1
0 1 0 198 0 1 3192 1 0
0 0 0 102 0 2 1608 0 1
0 0 0 103 1 2 1608 0 1
0 1 0 197 1 1 3192 1 0
0 1 0 201 2 2 3192 0 1
0 0 0 99 2 1 1608 1 0
0 0 0 98 3 1 1608 1 0
0 1 0 202 3 2 3192 0 1
0 1 0 198 4 1 3192 1 0
0 0 0 102 4 2 1608 0 1
0 0 0 103 5 2 1608 0 1
0 1 0 197 5 1 3192 1 0
0 1 0 201 6 2 3192 0 1
0 0 0 99 6 1 1608 1 0
0 0 0 98 7 1 1608 1 0
0 1 0 202 7 2 3192 0 1
0 1 0 198 8 1 3192 1 0
0 0 0 102 8 2 1608 0 1
0 0 0 103 9 2 1608 0 1
0 1 0 197 9 1 3192 1 0
0 1 0 201 10 2 3192 0 1
0 0 0 99 10 1 1608 1 0
0 0 0 98 11 1 1608 1 0
0 1 0 202 11 2 3192 0 1
0 1 0 198 12 1 3192 1 0
0 0 0 102 12 2 1608 0 1
0 0 0 103 13 2 1608 0 1
0 1 0 197 13 1 3192 1 0
0 1 0 201 14 2 3192 0 1
0 0 0 99 14 1 1608 1 0
0 0 0 98 15 1 1608 1 0
0 1 0 202 15 2 3192 0 1
0 1 0 198 0 1 3192 1 0
0 0 0 102 0 2 1608 0 1
0 0 0 103 1 2 1608 0 1
0 1 0 197 1 1 3192 1 0
0 1 0 201 2 2 3192 0 1
0 0 0 99 2 1 1608 1 0
0 0 0 98 3 1 1608 1 0
0 1 0 202 3 2 3192 0 1
0 1 0 198 4 1 3192 1 0
0 0 0 102 4 2 1608 0 1
0 0 0 103 5 2 1608 0 1
0 1 0 197 5 1 3192 1 0
0 1 0 201 6 2 3192 0 1
0 0 0 99 6 1 1608 1 0
0 0 0 98 7 1 1608 1 0
0 1 0 202 7 2 3192 0 1
0 1 0 198 8 1 3192 1 0
0 0 0 102 8 2 1608 0 1
0 0 0 103 9 2 1608 0 1
0 1 0 197 9 1 3192 1 0
0 1 0 201 10 2 3192 0 1
0 0 0 99 10 1 1608 1 0
0 0 0 98 11 1 1608 1 0
0 1 0 202 11 2 3192 0 1
0 1 0 198 12 1 3192 1 0
0 0 0 102 12 2 1608 0 1
0 0 0 103 13 2 1608 0 1
0 1 0 197 13 1 3192 1 0
0 1 0 201 14 2 3192 0 1
0 0 0 99 14 1 1608 1 0
0 0 0 98 15 1 1608 1 0
0 1 0 202 15 2 3192 0 1
0 1 0 198 0 1 3192 1 0
0 0 0 102 0 2 1608 0 1
0 0 0 103 1 2 1608 0 1
0 1 0 197 1 1 3192 1 0
0 1 0 201 2 2 3192 0 1
0 0 0 99 2 1 1608 1 0
0 0 0 98 3 1 1608 1 0
0 1 0 202 3 2 3192 0 1
0 1 0 198 4 1 3192 1 0
0 0 0 102 4 2 1608 0 1
0 0 0 103 5 2 1608 0 1
0 1 0 197 5 1 3192 1 0
0 1 0 201 6 2 3192 0 1
0 0 0 99 6 1 1608 1 0
0 0 0 98 7 1 1608 1 0
0 1 0 202 7 2 3192 0 1
0 1 0 198 8 1 3192 1 0
0 0 0 102 8 2 1608 0 1
0 0 0 103 9 2 1608 0 1
0 1 0 197 9 1 3192 1 0
0 1 0 201 10 2 3192 0 1
0 0 0 99 10 1 1608 1 0
0 0 0 98 11 1 1608 1 0
0 1 0 202 11 2 3192 0 1
0 1 0 198 12 1 3192 1 0
0 0 0 102 12 2 1608 0 1
0 0 0 103 13 2 1608 0 1
0 1 0 197 13 1 3192 1 0
0 1 0 201 14 2 3192 0 1
0 0 0 99 14 1 1608 1 0
0 0 0 98 15 1 1608 1 0
0 1 0 202 15 2 3192 0 1
1 1 1 0 0 0 0 0 0
0 0 1 65535 0 0 65535 0 1
0 0 1 65535 1 0 131070 0 1
0 1 1 0 1 0 0 0 0
0 1 1 0 2 0 0 0 0
0 0 1 65535 2 0 196605 0 1
0 0 1 65535 3 0 262140 0 1
0 1 1 0 3 0 0 0 0
0 1 1 0 4 0 0 0 0
0 0 1 65535 4 0 327675 0 1
0 0 1 65535 5 0 393210 0 1
0 1 1 0 5 0 0 0 0
0 1 1 0 6 0 0 0 0
0 0 1 65535 6 0 458745 0 1
0 0 1 65535 7 0 524280 0 1
0 1 1 0 7 0 0 0 0
0 1 1 0 8 0 0 0 0
0 0 1 65535 8 0 589815 0 1
0 0 1 65535 9 0 655350 0 1
0 1 1 0 9 0 0 0 0
0 1 1 0 10 0 0 0 0
0 0 1 65535 10 0 720885 0 1
0 0 1 65535 11 0 786420 0 1
0 1 1 0 11 0 0 0 0
0 1 1 0 12 0 0 0 0
0 0 1 65535 12 0 851955 0 1
0 0 1 65535 13 0 917490 0 1
0 1 1 0 13 0 0 0 0
0 1 1 0 14 0 0 0 0
0 0 1 65535 14 0 983025 0 1
0 0 1 65535 15 0 1048560 0 0
0 1 1 0 15 0 0 0 0
0 1 0 0 0 0 0 0 0
0 0 0 65535 0 0 1048560 0 0
0 0 0 0 1 1 983025 1 0
0 1 0 65535 1 2 65535 0 1
0 1 0 65534 2 2 131069 0 1
0 0 0 1 2 1 917491 1 0
0 0 0 65534 3 2 917490 0 1
0 1 0 1 3 1 131070 1 0
0 1 0 0 4 1 131070 1 0
0 0 0 65535 4 2 917490 0 1
0 0 0 0 5 1 851955 1 0
0 1 0 65535 5 2 196605 0 1
0 1 0 65534 6 2 262139 0 1
0 0 0 1 6 1 786421 1 0
0 0 0 65534 7 2 786420 0 1
0 1 0 1 7 1 262140 1 0
0 1 0 0 8 1 262140 1 0
0 0 0 65535 8 2 786420 0 1
0 0 0 0 9 1 720885 1 0
0 1 0 65535 9 2 327675 0 1
0 1 0 65534 10 2 393209 0 1
0 0 0 1 10 1 655351 1 0
0 0 0 65534 11 2 655350 0 1
0 1 0 1 11 1 393210 1 0
0 1 0 0 12 1 393210 1 0
0 0 0 65535 12 2 655350 0 1
0 0 0 0 13 1 589815 1 0
0 1 0 65535 13 2 458745 0 1
0 1 0 65534 14 2 524279 0 1
0 0 0 1 14 1 524281 1 0
0 0 0 65534 15 2 524280 0 1
0 1 0 1 15 1 524280 1 0
0 1 0 0 0 1 524280 1 0
0 0 0 65535 0 2 524280 0 1
0 0 0 0 1 1 524280 1 0
0 1 0 65535 1 2 524280 0 1
0 1 0 65534 2 2 524280 0 1
0 0 0 1 2 1 524280 1 0
0 0 0 65534 3 2 524280 0 1
0 1 0 1 3 1 524280 1 0
0 1 0 0 4 1 524280 1 0
0 0 0 65535 4 2 524280 0 1
0 0 0 0 5 1 524280 1 0
0 1 0 65535 5 2 524280 0 1
0 1 0 65534 6 2 524280 0 1
0 0 0 1 6 1 524280 1 0
0 0 0 65534 7 2 524280 0 1
0 1 0 1 7 1 524280 1 0
0 1 0 0 8 1 524280 1 0
0 0 0 65535 8 2 524280 0 1
0 0 0 0 9 1 524280 1 0
0 1 0 65535 9 2 524280 0 1
0 1 0 65534 10 2 524280 0 1
0 0 0 1 10 1 524280 1 0
0 0 0 65534 11 2 524280 0 1
0 1 0 1 11 1 524280 1 0
0 1 0 0 12 1 524280 1 0
0 0 0 65535 12 2 524280 0 1
0 0 0 0 13 1 524280 1 0
0 1 0 65535 13 2 524280 0 1
0 1 0 65534 14 2 524280 0 1
0 0 0 1 14 1 524280 1 0
0 0 0 65534 15 2 524280 0 1
0 1 0 1 15 1 524280 1 0
0 1 0 0 0 1 524280 1 0
0 0 0 65535 0 2 524280 0 1
0 0 0 0 1 1 524280 1 0
0 1 0 65535 1 2 524280 0 1
0 1 0 65534 2 2 524280 0 1
0 0 0 1 2 1 524280 1 0
0 0 0 65534 3 2 524280 0 1
0 1 0 1 3 1 524280 1 0
0 1 0 0 4 1 524280 1 0
0 0 0 65535 4 2 524280 0 1
0 0 0 0 5 1 524280 1 0
0 1 0 65535 5 2 524280 0 1
0 1 0 65534 6 2 524280 0 1
0 0 0 1 6 1 524280 1 0
0 0 0 65534 7 2 524280 0 1
0 1 0 1 7 1 524280 1 0
0 1 0 0 8 1 524280 1 0
0 0 0 65535 8 2 524280 0 1
0 0 0 0 9 1 524280 1 0
0 1 0 65535 9 2 524280 0 1
0 1 0 65534 10 2 524280 0 1
0 0 0 1 10 1 524280 1 0
0 0 0 65534 11 2 524280 0 1
0 1 0 1 11 1 524280 1 0
0 1 0 0 12 1 524280 1 0
0 0 0 65535 12 2 524280 0 1
0 0 0 0 13 1 524280 1 0
0 1 0 65535 13 2 524280 0 1
0 1 0 65534 14 2 524280 0 1
0 0 0 1 14 1 524280 1 0
0 0 0 65534 15 2 524280 0 1
0 1 0 1 15 1 524280 1 0
0 1 0 0 0 1 524280 1 0
0 0 0 65535 0 2 524280 0 1
0 0 0 0 1 1 524280 1 0
0 1 0 65535 1 2 524280 0 1
0 1 0 65534 2 2 524280 0 1
0 0 0 1 2 1 524280 1 0
0 0 0 65534 3 2 524280 0 1
0 1 0 1 3 1 524280 1 0
0 1 0 0 4 1 524280 1 0
0 0 0 65535 4 2 524280 0 1
0 0 0 0 5 1 524280 1 0
0 1 0 65535 5 2 524280 0 1
0 1 0 65534 6 2 524280 0 1
0 0 0 1 6 1 524280 1 0
0 0 0 65534 7 2 524280 0 1
0 1 0 1 7 1 524280 1 0
0 1 0 0 8 1 524280 1 0
0 0 0 65535 8 2 524280 0 1
0 0 0 0 9 1 524280 1 0
0 1 0 65535 9 2 524280 0 1
0 1 0 65534 10 2 524280 0 1
0 0 0 1 10 1 524280 1 0
0 0 0 65534 11 2 524280 0 1
0 1 0 1 11 1 524280 1 0
0 1 0 0 12 1 524280 1 0
0 0 0 65535 12 2 524280 0 1
0 0 0 0 13 1 524280 1 0
0 1 0 65535 13 2 524280 0 1
0 1 0 65534 14 2 524280 0 1
0 0 0 1 14 1 524280 1 0
0 0 0 65534 15 2 524280 0 1
0 1 0 1 15 1 524280 1 0
0 1 0 0 0 1 524280 1 0
0 0 0 65535 0 2 524280 0 1
0 0 0 0 1 1 524280 1 0
0 1 0 65535 1 2 524280 0 1
0 1 0 65534 2 2 524280 0 1
0 0 0 1 2 1 524280 1 0
0 0 0 65534 3 2 524280 0 1
0 1 0 1 3 1 524280 1 0
0 1 0 0 4 1 524280 1 0
0 0 0 65535 4 2 524280 0 1
0 0 0 0 5 1 524280 1 0
0 1 0 65535 5 2 524280 0 1
0 1 0 65534 6 2 524280 0 1
0 0 0 1 6 1 524280 1 0
0 0 0 65534 7 2 524280 0 1
0 1 0 1 7 1 524280 1 0
0 1 0 0 8 1 524280 1 0
0 0 0 65535 8 2 524280 0 1
0 0 0 0 9 1 524280 1 0
0 1 0 65535 9 2 524280 0 1
0 1 0 65534 10 2 524280 0 1
0 0 0 1 10 1 524280 1 0
0 0 0 65534 11 2 524280 0 1
0 1 0 1 11 1 524280 1 0
0 1 0 0 12 1 524280 1 0
0 0 0 65535 12 2 524280 0 1
0 0 0 0 13 1 524280 1 0
0 1 0 65535 13 2 524280 0 1
0 1 0 65534 14 2 524280 0 1
0 0 0 1 14 1 524280 1 0
0 0 0 65534 15 2 524280 0 1
0 1 0 1 15 1 524280 1 0
0 1 0 0 0 1 524280 1 0
0 0 0 65535 0 2 524280 0 1
0 0 0 0 1 1 524280 1 0
0 1 0 65535 1 2 524280 0 1
0 1 0 65534 2 2 524280 0 1
0 0 0 1 2 1 524280 1 0
0 0 0 65534 3 2 524280 0 1
0 1 0 1 3 1 524280 1 0
0 1 0 0 4 1 524280 1 0
0 0 0 65535 4 2 524280 0 1
0 0 0 0 5 1 524280 1 0
0 1 0 65535 5 2 524280 0 1
0 1 0 65534 6 2 524280 0 1
0 0 0 1 6 1 524280 1 0
0 0 0 65534 7 2 524280 0 1
0 1 0 1 7 1 524280 1 0
0 1 0 0 8 1 524280 1 0
0 0 0 65535 8 2 524280 0 1
0 0 0 0 9 1 524280 1 0
0 1 0 65535 9 2 524280 0 1
0 1 0 65534 10 2 524280 0 1
0 0 0 1 10 1 524280 1 0
0 0 0 65534 11 2 524280 0 1
0 1 0 1 11 1 524280 1 0
0 1 0 0 12 1 524280 1 0
0 0 0 65535 12 2 524280 0 1
0 0 0 0 13 1 524280 1 0
0 1 0 65535 13 2 524280 0 1
0 1 0 65534 14 2 524280 0 1
0 0 0 1 14 1 524280 1 0
0 0 0 65534 15 2 524280 0 1
0 1 0 1 15 1 524280 1 0
1 1 1 100 0 0 100 0 1
0 0 1 100 0 0 100 0 1
0 0 1 100 1 0 200 0 1
0 1 1 100 1 0 200 0 1
0 1 1 100 2 0 300 0 1
0 0 1 100 2 0 300 0 1
0 0 1 100 3 0 400 0 1
0 1 1 100 3 0 400 0 1
0 1 1 100 4 0 500 0 1
0 0 1 100 4 0 500 0 1
0 0 1 100 5 0 600 0 1
0 1 1 100 5 0 600 0 1
0 1 1 100 6 0 700 0 1
0 0 1 100 6 0 700 0 1
0 0 1 100 7 0 800 0 1
0 1 1 100 7 0 800 0 1
0 1 1 100 8 0 900 0 1
0 0 1 100 8 0 900 0 1
0 0 1 100 9 0 1000 0 1
0 1 1 100 9 0 1000 0 1
0 1 1 100 10 0 1100 0 1
0 0 1 100 10 0 1100 0 1
0 0 1 100 11 0 1200 0 1
0 1 1 100 11 0 1200 0 1
0 1 1 100 12 0 1300 0 1
0 0 1 100 12 0 1300 0 1
0 0 1 100 13 0 1400 0 1
0 1 1 100 13 0 1400 0 1
0 1 1 100 14 0 1500 0 1
0 0 1 100 14 0 1500 0 1
0 0 1 115 15 0 1615 0 1
0 1 1 85 15 0 1585 1 0
0 1 0 99 0 0 1584 0 0
0 0 0 101 0 0 1616 0 0
0 0 0 100 1 1 1616 1 0
0 1 0 100 1 2 1584 0 1
0 1 0 100 2 2 1584 0 1
0 0 0 100 2 1 1616 1 0
0 0 0 101 3 1 1617 0 0
0 1 0 99 3 2 1583 0 1
0 1 0 100 4 2 1583 0 1
0 0 0 100 4 1 1617 1 0
0 0 0 100 5 1 1617 1 0
0 1 0 100 5 2 1583 0 1
0 1 0 99 6 2 1582 0 1
0 0 0 101 6 1 1618 0 0
0 0 0 100 7 1 1618 1 0
0 1 0 100 7 2 1582 0 1
0 1 0 100 8 2 1582 0 1
0 0 0 100 8 1 1618 1 0
0 0 0 101 9 1 1619 0 0
0 1 0 99 9 2 1581 0 1
0 1 0 100 10 2 1581 0 1
0 0 0 100 10 1 1619 1 0
0 0 0 100 11 1 1619 1 0
0 1 0 100 11 2 1581 0 1
0 1 0 99 12 2 1580 0 1
0 0 0 101 12 1 1620 0 0
0 0 0 100 13 1 1620 1 0
0 1 0 100 13 2 1580 0 1
0 1 0 100 14 2 1580 0 1
0 0 0 100 14 1 1620 1 0
0 0 0 101 15 2 1606 0 1
0 1 0 99 15 2 1594 0 0
0 1 0 100 0 2 1595 0 1
0 0 0 100 0 2 1605 0 0
0 0 0 100 1 2 1605 0 0
0 1 0 100 1 2 1595 0 1
0 1 0 99 2 2 1594 0 0
0 0 0 101 2 2 1606 0 1
0 0 0 100 3 2 1605 0 0
0 1 0 100 3 2 1595 0 1
0 1 0 100 4 2 1595 0 1
0 0 0 100 4 2 1605 0 0
0 0 0 101 5 2 1606 0 1
0 1 0 99 5 2 1594 0 0
0 1 0 100 6 2 1595 0 1
0 0 0 100 6 2 1605 0 0
0 0 0 100 7 2 1605 0 0
0 1 0 100 7 2 1595 0 1
0 1 0 99 8 2 1594 0 0
0 0 0 101 8 2 1606 0 1
0 0 0 100 9 2 1605 0 0
0 1 0 100 9 2 1595 0 1
0 1 0 100 10 2 1595 0 1
0 0 0 100 10 2 1605 0 0
0 0 0 101 11 2 1606 0 1
0 1 0 99 11 2 1594 0 0
0 1 0 100 12 2 1595 0 1
0 0 0 100 12 2 1605 0 0
0 0 0 100 13 2 1605 0 0
0 1 0 100 13 2 1595 0 1
0 1 0 99 14 2 1594 0 0
0 0 0 101 14 2 1606 0 1
0 0 0 100 15 2 1605 0 0
0 1 0 100 15 2 1595 0 1
0 1 0 100 0 2 1595 0 1
0 0 0 100 0 2 1605 0 0
0 0 0 101 1 2 1606 0 1
0 1 0 99 1 2 1594 0 0
0 1 0 100 2 2 1595 0 1
0 0 0 100 2 2 1605 0 0
0 0 0 100 3 2 1605 0 0
0 1 0 100 3 2 1595 0 1
0 1 0 99 4 2 1594 0 0
0 0 0 101 4 2 1606 0 1
0 0 0 100 5 2 1605 0 0
0 1 0 100 5 2 1595 0 1
0 1 0 100 6 2 1595 0 1
0 0 0 100 6 2 1605 0 0
0 0 0 101 7 2 1606 0 1
0 1 0 99 7 2 1594 0 0
0 1 0 100 8 2 1595 0 1
0 0 0 100 8 2 1605 0 0
0 0 0 100 9 2 1605 0 0
0 1 0 100 9 2 1595 0 1
0 1 0 99 10 2 1594 0 0
0 0 0 101 10 2 1606 0 1
0 0 0 100 11 2 1605 0 0
0 1 0 100 11 2 1595 0 1
0 1 0 100 12 2 1595 0 1
0 0 0 100 12 2 1605 0 0
0 0 0 101 13 2 1606 0 1
0 1 0 99 13 2 1594 0 0
0 1 0 100 14 2 1595 0 1
0 0 0 100 14 2 1605 0 0
0 0 0 100 15 2 1605 0 0
0 1 0 100 15 2 1595 0 1
0 1 0 99 0 2 1594 0 0
0 0 0 101 0 2 1606 0 1
0 0 0 100 1 2 1605 0 0
0 1 0 100 1 2 1595 0 1
0 1 0 100 2 2 1595 0 1
0 0 0 100 2 2 1605 0 0
0 0 0 101 3 2 1606 0 1
0 1 0 99 3 2 1594 0 0
0 1 0 100 4 2 1595 0 1
0 0 0 100 4 2 1605 0 0
0 0 0 100 5 2 1605 0 0
0 1 0 100 5 2 1595 0 1
0 1 0 99 6 2 1594 0 0
0 0 0 101 6 2 1606 0 1
0 0 0 100 7 2 1605 0 0
0 1 0 100 7 2 1595 0 1
0 1 0 100 8 2 1595 0 1
0 0 0 100 8 2 1605 0 0
0 0 0 101 9 2 1606 0 1
0 1 0 99 9 2 1594 0 0
0 1 0 100 10 2 1595 0 1
0 0 0 100 10 2 1605 0 0
0 0 0 100 11 2 1605 0 0
0 1 0 100 11 2 1595 0 1
0 1 0 99 12 2 1594 0 0
0 0 0 101 12 2 1606 0 1
0 0 0 100 13 2 1605 0 0
0 1 0 100 13 2 1595 0 1
0 1 0 100 14 2 1595 0 1
0 0 0 100 14 2 1605 0 0
0 0 0 101 15 2 1606 0 1
0 1 0 99 15 2 1594 0 0
0 1 0 100 0 2 1595 0 1
0 0 0 100 0 2 1605 0 0
0 0 0 100 1 2 1605 0 0
0 1 0 100 1 2 1595 0 1
0 1 0 99 2 2 1594 0 0
0 0 0 101 2 2 1606 0 1
0 0 0 100 3 2 1605 0 0
0 1 0 100 3 2 1595 0 1
0 1 0 100 4 2 1595 0 1
0 0 0 100 4 2 1605 0 0
0 0 0 101 5 2 1606 0 1
0 1 0 99 5 2 1594 0 0
0 1 0 100 6 2 1595 0 1
0 0 0 100 6 2 1605 0 0
0 0 0 100 7 2 1605 0 0
0 1 0 100 7 2 1595 0 1
0 1 0 99 8 2 1594 0 0
0 0 0 101 8 2 1606 0 1
0 0 0 100 9 2 1605 0 0
0 1 0 100 9 2 1595 0 1
0 1 0 100 10 2 1595 0 1
0 0 0 100 10 2 1605 0 0
0 0 0 101 11 2 1606 0 1
0 1 0 99 11 2 1594 0 0
0 1 0 100 12 2 1595 0 1
0 0 0 100 12 2 1605 0 0
0 0 0 100 13 2 1605 0 0
0 1 0 100 13 2 1595 0 1
0 1 0 99 14 2 1594 0 0
0 0 0 101 14 2 1606 0 1
0 0 0 100 15 2 1605 0 0
0 1 0 100 15 2 1595 0 1
0 1 0 100 0 2 1595 0 1
0 0 0 100 0 2 1605 0 0
0 0 0 101 1 2 1606 0 1
0 1 0 99 1 2 1594 0 0
0 1 0 100 2 2 1595 0 1
0 0 0 100 2 2 1605 0 0
0 0 0 100 3 2 1605 0 0
0 1 0 100 3 2 1595 0 1
0 1 0 99 4 2 1594 0 0
0 0 0 101 4 2 1606 0 1
0 0 0 100 5 2 1605 0 0
0 1 0 100 5 2 1595 0 1
0 1 0 100 6 2 1595 0 1
0 0 0 100 6 2 1605 0 0
0 0 0 101 7 2 1606 0 1
0 1 0 99 7 2 1594 0 0
0 1 0 100 8 2 1595 0 1
0 0 0 100 8 2 1605 0 0
0 0 0 100 9 2 1605 0 0
0 1 0 100 9 2 1595 0 1
0 1 0 99 10 2 1594 0 0
0 0 0 101 10 2 1606 0 1
0 0 0 100 11 2 1605 0 0
0 1 0 100 11 2 1595 0 1
0 1 0 100 12 2 1595 0 1
0 0 0 100 12 2 1605 0 0
0 0 0 101 13 2 1606 0 1
0 1 0 99 13 2 1594 0 0
0 1 0 100 14 2 1595 0 1
0 0 0 100 14 2 1605 0 0
0 0 0 100 15 2 1605 0 0
0 1 0 100 15 2 1595 0 1
1 1 1 3278 0 0 3278 0 1
0 0 1 14592 0 0 14592 0 1
0 0 1 32098 1 0 46690 0 1
0 1 1 29256 1 0 32534 0 1
0 1 1 11395 2 0 43929 0 1
0 0 1 13434 2 0 60124 0 1
0 0 1 4165 3 0 64289 0 1
0 1 1 3905 3 0 47834 0 1
0 0 1 28657 4 0 92946 0 1
0 1 1 30495 4 0 78329 0 1
0 0 1 26062 5 0 119008 0 1
0 1 1 54987 5 0 133316 0 1
0 0 1 58878 6 0 177886 0 1
0 1 1 36463 6 0 169779 0 1
0 1 1 55392 7 0 225171 0 1
0 0 1 20926 7 0 198812 0 1
0 0 1 36421 8 0 235233 0 1
0 1 1 20379 8 0 245550 0 1
0 0 1 44118 9 0 279351 0 1
0 1 1 13396 9 0 258946 1 0
0 1 1 12676 10 0 271622 1 0
0 0 1 49797 10 0 329148 0 1
0 0 1 45082 11 0 374230 0 1
0 1 1 34671 11 0 306293 0 1
0 1 1 16361 12 0 322654 1 0
0 0 1 60217 12 0 434447 0 1
0 1 1 38427 13 0 361081 0 1
0 0 1 10328 13 0 444775 1 0
0 0 1 25203 14 0 469978 1 0
0 1 1 9116 14 0 370197 1 0
0 0 1 29871 15 0 499849 1 0
0 1 1 37930 15 0 408127 0 1
0 1 0 13238 0 1 418087 1 0
0 0 0 30512 0 0 515769 1 0
0 1 0 59429 1 2 448260 0 1
0 0 0 36434 1 2 520105 0 1
0 1 0 48520 2 2 485385 0 1
0 0 0 21319 2 1 527990 1 0
0 0 0 27460 3 1 551285 1 0
0 1 0 34993 3 2 516473 0 1
0 0 0 22431 4 1 545059 1 0
0 1 0 32087 4 1 518065 1 0
0 1 0 49735 5 2 512813 0 1
0 0 0 60589 5 2 579586 0 1
0 0 0 28785 6 1 549493 1 0
0 1 0 42504 6 2 518854 0 1
0 1 0 4207 7 1 467669 1 0
0 0 0 30021 7 1 558588 1 0
0 0 0 52581 8 2 574748 0 1
0 1 0 35093 8 2 482383 0 1
0 0 0 27653 9 1 558283 1 0
0 1 0 41245 9 2 510232 0 1
0 1 0 51856 10 2 549412 0 1
0 0 0 65435 10 2 573921 0 1
0 0 0 18726 11 1 547565 1 0
0 1 0 34718 11 2 549459 0 1
0 1 0 34438 12 1 567536 1 0
0 0 0 32325 12 1 519673 1 0
0 0 0 52350 13 2 561695 0 1
0 1 0 47447 13 2 576556 0 1
0 0 0 18131 14 1 554623 1 0
0 1 0 64686 14 2 632126 0 1
0 0 0 6175 15 1 530927 1 0
0 1 0 14371 15 1 608567 1 0
0 0 0 20969 0 1 521384 1 0
0 1 0 55333 0 2 650662 0 1
0 1 0 50019 1 2 641252 0 1
0 0 0 50432 1 2 535382 0 1
0 0 0 32953 2 1 547016 1 0
0 1 0 1504 2 1 594236 1 0
0 0 0 34973 3 2 554529 0 1
0 1 0 44587 3 2 603830 0 1
0 0 0 38469 4 2 570567 0 1
0 1 0 56985 4 2 628728 0 1
0 1 0 425 5 1 579418 1 0
0 0 0 59470 5 2 569448 0 1
0 1 0 13947 6 1 550861 1 0
0 0 0 23416 6 1 564079 1 0
0 1 0 20032 7 1 566686 1 0
0 0 0 26071 7 1 560129 1 0
0 1 0 74 8 1 531667 1 0
0 0 0 21174 8 1 528722 1 0
0 0 0 64042 9 2 565111 0 1
0 1 0 2552 9 1 492974 1 0
0 0 0 47576 10 2 547252 0 1
0 1 0 40306 10 2 481424 0 1
0 0 0 7592 11 1 536118 1 0
0 1 0 31571 11 2 478277 0 1
0 0 0 11226 12 1 515019 1 0
0 1 0 63699 12 2 507538 0 1
0 1 0 16828 13 1 476919 1 0
0 0 0 16483 13 1 479152 1 0
0 1 0 34741 14 2 446974 0 1
0 0 0 21643 14 1 482664 1 0
0 1 0 26365 15 1 458968 1 0
0 0 0 27760 15 1 504249 1 0
0 1 0 48944 0 2 452579 0 1
0 0 0 52296 0 2 535576 0 1
0 0 0 59177 1 2 544321 0 1
0 1 0 15860 1 1 418420 1 0
0 1 0 8392 2 1 425308 1 0
0 0 0 29451 2 1 540819 1 0
0 0 0 2757 3 1 508603 1 0
0 1 0 30161 3 2 410882 0 1
0 0 0 942 4 1 471076 1 0
0 1 0 9305 4 1 363202 1 0
0 0 0 30007 5 2 441613 0 1
0 1 0 8834 5 1 371611 1 0
0 0 0 43309 6 2 461506 0 1
0 1 0 9287 6 1 366951 1 0
0 0 0 36500 7 2 471935 0 1
0 1 0 63624 7 2 410543 0 1
0 0 0 17342 8 1 468103 1 0
0 1 0 61953 8 2 472422 0 1
0 0 0 61993 9 2 466054 0 1
0 1 0 53354 9 2 523224 0 1
0 1 0 12704 10 1 495622 1 0
0 0 0 12363 10 1 430841 1 0
0 1 0 55519 11 2 519570 0 1
0 0 0 46438 11 2 469687 0 1
0 0 0 61213 12 2 519674 0 1
0 1 0 7100 12 1 462971 1 0
0 1 0 52772 13 2 498915 0 1
0 0 0 7944 13 1 511135 1 0
0 0 0 14322 14 1 503814 1 0
0 1 0 32591 14 2 496765 0 1
0 0 0 24931 15 1 500985 1 0
0 1 0 58800 15 2 529200 0 1
0 1 0 24050 0 1 504306 1 0
0 0 0 55296 0 2 503985 0 1
0 0 0 60637 1 2 505445 0 1
0 1 0 32742 1 2 521188 0 1
0 0 0 58082 2 2 534076 0 1
0 1 0 12833 2 1 525629 1 0
0 0 0 1934 3 1 533253 1 0
0 1 0 12224 3 1 507692 1 0
0 1 0 53269 4 2 551656 0 1
0 0 0 21798 4 1 554109 1 0
0 1 0 28016 5 1 570838 1 0
0 0 0 63092 5 2 587194 0 1
0 1 0 21579 6 1 583130 1 0
0 0 0 7685 6 1 551570 1 0
0 1 0 51173 7 2 570679 0 1
0 0 0 282 7 1 515352 1 0
0 1 0 37388 8 2 546114 0 1
0 0 0 59638 8 2 557648 0 1
0 0 0 63788 9 2 559443 0 1
0 1 0 20289 9 1 513049 1 0
0 0 0 38890 10 2 585970 0 1
0 1 0 28534 10 1 528879 1 0
0 0 0 7989 11 1 547521 1 0
0 1 0 41104 11 2 514464 0 1
0 0 0 6572 12 1 492880 1 0
0 1 0 62493 12 2 569857 0 1
0 0 0 7455 13 1 492391 1 0
0 1 0 10500 13 1 527585 1 0
0 0 0 8981 14 1 487050 1 0
0 1 0 8907 14 1 503901 1 0
0 0 0 52923 15 2 515042 0 1
0 1 0 15713 15 1 460814 1 0
0 1 0 10745 0 1 447509 1 0
0 0 0 5209 0 1 464955 1 0
0 0 0 41467 1 2 445785 0 1
0 1 0 34179 1 2 448946 0 1
0 1 0 31285 2 2 467398 0 1
0 0 0 41180 2 2 428883 0 1
0 1 0 17154 3 1 472328 1 0
0 0 0 51876 3 2 478825 0 1
0 0 0 59929 4 2 516956 0 1
0 1 0 41441 4 2 460500 0 1
0 0 0 1220 5 1 455084 1 0
0 1 0 60068 5 2 492552 0 1
0 1 0 27938 6 1 498911 1 0
0 0 0 9602 6 1 457001 1 0
0 0 0 17361 7 1 474080 1 0
0 1 0 45745 7 2 493483 0 1
0 1 0 48434 8 2 504529 0 1
0 0 0 32018 8 2 446460 0 1
0 1 0 57433 9 2 541673 0 1
0 0 0 20676 9 1 403348 1 0
0 0 0 1025 10 1 365483 1 0
0 1 0 39240 10 2 552379 0 1
0 0 0 17601 11 1 375095 1 0
0 1 0 34664 11 2 545939 0 1
0 1 0 20374 12 1 503820 1 0
0 0 0 14029 12 1 382552 1 0
0 1 0 27607 13 1 520927 1 0
0 0 0 36930 13 2 412027 0 1
0 1 0 34600 14 2 546620 0 1
0 0 0 26685 14 1 429731 1 0
0 0 0 32914 15 2 409722 0 1
0 1 0 6658 15 1 537565 1 0
0 0 0 55518 0 2 460031 0 1
0 1 0 36265 0 2 563085 0 1
0 0 0 464 1 1 419028 1 0
0 1 0 43719 1 2 572625 0 1
0 1 0 21178 2 1 562518 1 0
0 0 0 34335 2 2 412183 0 1
0 0 0 56057 3 2 416364 0 1
0 1 0 1267 3 1 546631 1 0
0 0 0 9862 4 1 366297 1 0
0 1 0 19536 4 1 524726 1 0
0 1 0 19410 5 1 484068 1 0
0 0 0 48393 5 2 413470 0 1
0 1 0 5482 6 1 461612 1 0
0 0 0 16704 6 1 420572 1 0
0 1 0 5229 7 1 421096 1 0
0 0 0 47795 7 2 451006 0 1
0 0 0 27535 8 1 446523 1 0
0 1 0 32706 8 2 405368 0 1
0 0 0 46357 9 2 472204 0 1
0 1 0 53264 9 2 401199 0 1
0 0 0 31029 10 1 502208 1 0
0 1 0 21299 10 1 383258 1 0
0 0 0 54040 11 2 538647 0 1
0 1 0 3248 11 1 351842 1 0
0 0 0 43540 12 2 568158 0 1
0 1 0 53964 12 2 385432 0 1
0 0 0 34970 13 1 566198 1 0
0 1 0 20866 13 1 378691 1 0
0 1 0 5075 14 1 349166 1 0
0 0 0 50140 14 2 589653 0 1
0 1 0 26158 15 2 368666 0 1
0 0 0 29154 15 1 585893 1 0
0 0 0 45830 0 2 576205 0 1
0 1 0 40001 0 2 372402 0 1
0 0 0 29219 1 1 604960 1 0
0 1 0 3101 1 1 331784 1 0
0 1 0 43025 2 2 353631 0 1
0 0 0 52227 2 2 622852 0 1
0 1 0 36585 3 2 388949 0 1
0 0 0 9099 3 1 575894 1 0
0 0 0 52386 4 2 618418 0 1
0 1 0 43404 4 2 412817 0 1
0 0 0 15118 5 1 585143 1 0
0 1 0 34237 5 2 427644 0 1
0 0 0 34795 6 1 603234 1 0
0 1 0 5014 6 1 427176 1 0
0 1 0 45309 7 2 467256 0 1
0 0 0 56959 7 2 612398 0 1
0 1 0 15157 8 1 449707 1 0
0 0 0 57199 8 2 642062 0 1
0 0 0 24914 9 1 620619 1 0
0 1 0 33386 9 2 429829 0 1
0 0 0 57154 10 2 646744 0 1
0 1 0 221 10 1 408751 1 0
0 0 0 47739 11 2 640443 0 1
0 1 0 56531 11 2 462034 0 1
0 0 0 43279 12 2 640182 0 1
0 1 0 41145 12 2 449215 0 1
0 1 0 40538 13 2 468887 0 1
0 0 0 39363 13 1 644575 1 0
0 1 0 52743 14 2 516555 0 1
0 0 0 42753 14 2 637188 0 1
0 1 0 25144 15 1 515541 1 0
0 0 0 16683 15 1 624717 1 0
0 1 0 22810 0 1 498350 1 0
0 0 0 49695 0 2 628582 0 1
1 1 1 35770 0 0 35770 0 1
0 0 1 4855 0 0 4855 0 1
0 1 1 7524 1 0 43294 0 1
0 0 1 16439 1 0 21294 0 1
0 1 1 40557 2 0 83851 0 1
0 0 1 14667 2 0 35961 0 1
0 1 1 59249 3 0 143100 0 1
0 0 1 16293 3 0 52254 0 1
0 0 1 46925 4 0 99179 0 1
0 1 1 11944 4 0 155044 0 1
0 1 1 14759 5 0 169803 0 1
0 0 1 25644 5 0 124823 0 1
0 1 1 40302 6 0 210105 0 1
0 0 1 52232 6 0 177055 0 1
0 1 1 2650 7 0 212755 1 0
0 0 1 24237 7 0 201292 0 1
0 0 1 54290 8 0 255582 0 1
0 1 1 51884 8 0 264639 0 1
0 1 1 43851 9 0 308490 0 1
0 0 1 60946 9 0 316528 0 1
0 0 1 9204 10 0 325732 1 0
0 1 1 29577 10 0 338067 0 1
0 0 1 38159 11 0 363891 0 1
0 1 1 16241 11 0 354308 1 0
0 0 1 49520 12 0 413411 0 1
0 1 1 42048 12 0 396356 0 1
0 1 1 16402 13 0 412758 1 0
0 0 1 55888 13 0 469299 0 1
0 0 1 63399 14 0 532698 0 1
0 1 1 33934 14 0 446692 0 1
0 1 1 21465 15 0 468157 1 0
0 0 1 5480 15 0 538178 1 0
0 0 0 20760 0 0 554083 1 0
0 1 0 20432 0 0 452819 1 0
0 0 0 35971 1 2 573615 0 1
0 1 0 20196 1 0 465491 1 0
0 1 0 56960 2 2 481894 0 1
0 0 0 27596 2 1 586544 1 0
0 1 0 18527 3 1 441172 1 0
0 0 0 37544 3 1 607795 1 0
0 0 0 26765 4 1 587635 1 0
0 1 0 54848 4 2 484076 0 1
0 0 0 49495 5 2 611486 0 1
0 1 0 47825 5 2 517142 0 1
0 0 0 57843 6 2 617097 0 1
0 1 0 36280 6 2 513120 0 1
0 0 0 52016 7 2 644876 0 1
0 1 0 48877 7 2 559347 0 1
0 1 0 23976 8 1 531439 1 0
0 0 0 32208 8 1 622794 1 0
0 1 0 5948 9 1 493536 1 0
0 0 0 10235 9 1 572083 1 0
0 1 0 3493 10 1 467452 1 0
0 0 0 47693 10 2 610572 0 1
0 1 0 45478 11 2 496689 0 1
0 0 0 41226 11 2 613639 0 1
0 1 0 41203 12 2 495844 0 1
0 0 0 61083 12 2 625202 0 1
0 1 0 33744 13 2 513186 0 1
0 0 0 45028 13 2 614342 0 1
0 0 0 27537 14 1 578480 1 0
0 1 0 38335 14 2 517587 0 1
0 1 0 57447 15 2 553569 0 1
0 0 0 41066 15 2 614066 0 1
0 0 0 3360 0 1 596666 1 0
0 1 0 43859 0 2 576996 0 1
0 0 0 2773 1 1 563468 1 0
0 1 0 64983 1 2 621783 0 1
0 0 0 18943 2 1 554815 1 0
0 1 0 33695 2 1 598518 1 0
0 1 0 44040 3 2 624031 0 1
0 0 0 3160 3 1 520431 1 0
0 0 0 34680 4 2 528346 0 1
0 1 0 49839 4 2 619022 0 1
0 1 0 49897 5 2 621094 0 1
0 0 0 40685 5 2 519536 0 1
0 0 0 52460 6 2 514153 0 1
0 1 0 15458 6 1 600272 1 0
0 0 0 59609 7 2 521746 0 1
0 1 0 6685 7 1 558080 1 0
0 1 0 24810 8 1 558914 1 0
0 0 0 44965 8 2 534503 0 1
0 0 0 6142 9 1 530410 1 0
0 1 0 20581 9 1 573547 1 0
0 1 0 3556 10 1 573610 1 0
0 0 0 55245 10 2 537962 0 1
0 1 0 40493 11 2 568625 0 1
0 0 0 21595 11 1 518331 1 0
0 0 0 32567 12 2 489815 0 1
0 1 0 61476 12 2 588898 0 1
0 1 0 16662 13 1 571816 1 0
0 0 0 390 13 1 445177 1 0
0 0 0 50789 14 2 468429 0 1
0 1 0 55113 14 2 588594 0 1
0 1 0 45796 15 2 576943 0 1
0 0 0 37449 15 2 464812 0 1
0 1 0 40253 0 2 573337 0 1
0 0 0 54329 0 2 515781 0 1
0 0 0 37045 1 2 550053 0 1
0 1 0 7593 1 1 515947 1 0
0 0 0 34153 2 1 565263 1 0
0 1 0 12497 2 1 494749 1 0
0 0 0 61614 3 2 623717 0 1
0 1 0 1762 3 1 452471 1 0
0 0 0 20260 4 1 609297 1 0
0 1 0 8820 4 1 411452 1 0
0 0 0 10948 5 1 579560 1 0
0 1 0 11696 5 1 373251 1 0
0 0 0 13148 6 1 540248 1 0
0 1 0 7593 6 1 365386 1 0
0 0 0 21792 7 1 502431 1 0
0 1 0 10627 7 1 369328 1 0
0 1 0 27976 8 2 372494 0 1
0 0 0 39922 8 2 497388 0 1
0 0 0 58692 9 2 549938 0 1
0 1 0 43441 9 2 395354 0 1
0 1 0 47481 10 2 439279 0 1
0 0 0 64799 10 2 559492 0 1
0 1 0 57765 11 2 456551 0 1
0 0 0 10291 11 1 548188 1 0
0 1 0 56028 12 2 451103 0 1
0 0 0 33994 12 1 549615 1 0
0 0 0 29415 13 1 578640 1 0
0 1 0 38955 13 2 473396 0 1
0 0 0 39168 14 2 567019 0 1
0 1 0 50546 14 2 468829 0 1
0 1 0 46282 15 2 469315 0 1
0 0 0 8899 15 1 538469 1 0
0 0 0 32282 0 2 516422 0 1
0 1 0 32615 0 2 461677 0 1
0 1 0 4008 1 1 458092 1 0
0 0 0 49788 1 2 529165 0 1
0 1 0 26380 2 1 471975 1 0
0 0 0 31275 2 1 526287 1 0
0 0 0 15191 3 1 479864 1 0
0 1 0 45899 3 2 516112 0 1
0 1 0 1654 4 1 508946 1 0
0 0 0 62488 4 2 522092 0 1
0 0 0 58389 5 2 569533 0 1
0 1 0 41153 5 2 538403 0 1
0 0 0 13367 6 1 569752 1 0
0 1 0 42206 6 2 573016 0 1
0 1 0 49992 7 2 612381 0 1
0 0 0 64963 7 2 612923 0 1
0 1 0 19227 8 1 603632 1 0
0 0 0 58381 8 2 631382 0 1
0 1 0 54103 9 2 614294 0 1
0 0 0 35373 9 1 608063 1 0
0 1 0 56260 10 2 623073 0 1
0 0 0 32276 10 1 575540 1 0
0 1 0 37568 11 1 602876 1 0
0 0 0 46003 11 2 611252 0 1
0 1 0 40372 12 2 587220 0 1
0 0 0 54965 12 2 632223 0 1
0 1 0 36458 13 1 584723 1 0
0 0 0 23439 13 1 626247 1 0
0 0 0 44750 14 2 631829 0 1
0 1 0 34131 14 1 568308 1 0
0 0 0 58837 15 2 681767 0 1
0 1 0 15784 15 1 537810 1 0
0 1 0 4196 0 1 509391 1 0
0 0 0 2140 0 1 651625 1 0
0 1 0 6653 1 1 512036 1 0
0 0 0 3239 1 1 605076 1 0
0 0 0 25802 2 1 599603 1 0
0 1 0 24661 2 1 510317 1 0
0 1 0 36464 3 2 500882 0 1
0 0 0 43387 3 2 627799 0 1
0 1 0 6801 4 1 506029 1 0
0 0 0 29508 4 1 594819 1 0
0 0 0 22519 5 1 558949 1 0
0 1 0 55525 5 2 520401 0 1
0 0 0 21521 6 1 567103 1 0
0 1 0 56872 6 2 535067 0 1
0 0 0 25785 7 1 527925 1 0
0 1 0 43857 7 2 528932 0 1
0 1 0 12066 8 1 521771 1 0
0 0 0 46836 8 2 516380 0 1
0 0 0 11602 9 1 492609 1 0
0 1 0 55239 9 2 522907 0 1
0 0 0 27717 10 1 488050 1 0
0 1 0 44473 10 2 511120 0 1
0 1 0 42160 11 2 515712 0 1
0 0 0 56425 11 2 498472 0 1
0 0 0 32078 12 2 475585 0 1
0 1 0 56544 12 2 531884 0 1
0 0 0 40810 13 2 492956 0 1
0 1 0 17385 13 1 512811 1 0
0 0 0 6120 14 1 454326 1 0
0 1 0 15430 14 1 494110 1 0
0 0 0 50918 15 2 446407 0 1
0 1 0 45261 15 2 523587 0 1
0 0 0 42847 0 2 487114 0 1
0 1 0 18470 0 1 537861 1 0
0 1 0 28258 1 1 559466 1 0
0 0 0 27477 1 1 511352 1 0
0 0 0 3801 2 1 489351 1 0
0 1 0 1601 2 1 536406 1 0
0 0 0 6541 3 1 452505 1 0
0 1 0 41700 3 2 541642 0 1
0 0 0 29657 4 2 452654 0 1
0 1 0 37126 4 2 571967 0 1
0 0 0 33144 5 2 463279 0 1
0 1 0 39423 5 2 555865 0 1
0 0 0 39106 6 2 480864 0 1
0 1 0 9625 6 1 508618 1 0
0 1 0 63577 7 2 528338 0 1
0 0 0 16871 7 1 471950 1 0
0 0 0 54993 8 2 480107 0 1
0 1 0 53729 8 2 570001 0 1
0 0 0 10619 9 1 479124 1 0
0 1 0 46827 9 2 561589 0 1
0 0 0 36570 10 2 487977 0 1
0 1 0 9152 10 1 526268 1 0
0 1 0 24474 11 1 508582 1 0
0 0 0 15515 11 1 447067 1 0
0 0 0 24920 12 1 439909 1 0
0 1 0 17530 12 1 469568 1 0
0 0 0 46721 13 2 445820 0 1
0 1 0 37691 13 2 489874 0 1
0 0 0 20231 14 1 459931 1 0
0 1 0 8306 14 1 482750 1 0
0 1 0 23166 15 1 460655 1 0
0 0 0 16347 15 1 425360 1 0
0 1 0 8637 0 1 450822 1 0
0 0 0 22160 0 1 404673 1 0
0 1 0 57714 1 2 480278 0 1
0 0 0 64557 1 2 441753 0 1
0 0 0 14118 2 1 452070 1 0
0 1 0 7986 2 1 486663 1 0
0 1 0 34190 3 2 479153 0 1
0 0 0 53795 3 2 499324 0 1
0 0 0 41314 4 2 510981 0 1
0 1 0 52049 4 2 494076 0 1
0 0 0 65351 5 2 543188 0 1
0 1 0 25574 5 1 480227 1 0
0 1 0 10476 6 1 481078 1 0
0 0 0 59708 6 2 563790 0 1
0 0 0 60738 7 2 607657 0 1
0 1 0 33410 7 2 450911 0 1
0 0 0 12995 8 1 565659 1 0
0 1 0 45206 8 2 442388 0 1
0 0 0 56916 9 2 611956 0 1
0 1 0 35674 9 2 431235 0 1
0 0 0 49876 10 2 625262 0 1
0 1 0 11115 10 1 433198 1 0
0 0 0 8331 11 1 618078 1 0
0 1 0 28863 11 2 437587 0 1
0 1 0 16564 12 1 436621 1 0
0 0 0 64713 12 2 657871 0 1
0 1 0 6989 13 1 405919 1 0
0 0 0 50057 13 2 661207 0 1
0 1 0 13184 14 1 410797 1 0
0 0 0 24874 14 1 665850 1 0
0 1 0 36332 15 2 423963 0 1
0 0 0 7740 15 1 657243 1 0
0 0 0 5113 0 1 640196 1 0
0 1 0 51903 0 2 467229 0 1
1 1 1 65535 0 0 65535 0 1
0 0 1 65535 0 0 65535 0 1
0 0 1 65535 1 0 131070 0 1
0 1 1 65535 1 0 131070 0 1
0 1 1 65535 2 0 196605 0 1
0 0 1 65535 2 0 196605 0 1
0 1 1 65535 3 0 262140 0 1
0 0 1 65535 3 0 262140 0 1
0 0 1 65535 4 0 327675 0 1
0 1 1 65535 4 0 327675 0 1
0 0 1 65535 5 0 393210 0 1
0 1 1 65535 5 0 393210 0 1
0 0 1 65535 6 0 458745 0 1
0 1 1 65535 6 0 458745 0 1
0 1 1 65535 7 0 524280 0 1
0 0 1 65535 7 0 524280 0 1
0 1 1 65535 8 0 589815 0 1
0 0 1 65535 8 0 589815 0 1
0 1 1 65535 9 0 655350 0 1
0 0 1 65535 9 0 655350 0 1
0 1 1 65535 10 0 720885 0 1
0 0 1 65535 10 0 720885 0 1
0 1 1 65535 11 0 786420 0 1
0 0 1 65535 11 0 786420 0 1
0 1 1 65535 12 0 851955 0 1
0 0 1 65535 12 0 851955 0 1
0 0 1 65535 13 0 917490 0 1
0 1 1 65535 13 0 917490 0 1
0 0 1 65535 14 0 983025 0 1
0 1 1 65535 14 0 983025 0 1
0 0 1 65535 15 0 1048560 0 0
0 1 1 65535 15 0 1048560 0 0
0 0 0 65535 0 0 1048560 0 0
0 1 0 65535 0 0 1048560 0 0
0 1 0 65535 1 0 1048560 0 0
0 0 0 65535 1 0 1048560 0 0
0 0 0 65535 2 0 1048560 0 0
0 1 0 65535 2 0 1048560 0 0
0 1 0 65535 3 0 1048560 0 0
0 0 0 65535 3 0 1048560 0 0
0 0 0 65535 4 0 1048560 0 0
0 1 0 65535 4 0 1048560 0 0
0 0 0 65535 5 0 1048560 0 0
0 1 0 65535 5 0 1048560 0 0
0 0 0 65535 6 0 1048560 0 0
0 1 0 65535 6 0 1048560 0 0
0 1 0 65535 7 0 1048560 0 0
0 0 0 65535 7 0 1048560 0 0
0 0 0 65535 8 0 1048560 0 0
0 1 0 65535 8 0 1048560 0 0
0 1 0 65535 9 0 1048560 0 0
0 0 0 65535 9 0 1048560 0 0
0 0 0 65535 10 0 1048560 0 0
0 1 0 65535 10 0 1048560 0 0
0 1 0 65535 11 0 1048560 0 0
0 0 0 65535 11 0 1048560 0 0
0 0 0 65535 12 0 1048560 0 0
0 1 0 65535 12 0 1048560 0 0
0 1 0 65535 13 0 1048560 0 0
0 0 0 65535 13 0 1048560 0 0
0 0 0 65535 14 0 1048560 0 0
0 1 0 65535 14 0 1048560 0 0
0 0 0 65535 15 0 1048560 0 0
0 1 0 65535 15 0 1048560 0 0
0 1 0 65535 0 0 1048560 0 0
0 0 0 65535 0 0 1048560 0 0
0 0 0 65535 1 0 1048560 0 0
0 1 0 65535 1 0 1048560 0 0
0 0 0 65535 2 0 1048560 0 0
0 1 0 65535 2 0 1048560 0 0
0 0 0 65535 3 0 1048560 0 0
0 1 0 65535 3 0 1048560 0 0
0 1 0 65535 4 0 1048560 0 0
0 0 0 65535 4 0 1048560 0 0
0 0 0 65535 5 0 1048560 0 0
0 1 0 65535 5 0 1048560 0 0
0 0 0 65535 6 0 1048560 0 0
0 1 0 65535 6 0 1048560 0 0
0 1 0 65535 7 0 1048560 0 0
0 0 0 65535 7 0 1048560 0 0
0 0 0 65535 8 0 1048560 0 0
0 1 0 65535 8 0 1048560 0 0
0 1 0 65535 9 0 1048560 0 0
0 0 0 65535 9 0 1048560 0 0
0 0 0 65535 10 0 1048560 0 0
0 1 0 65535 10 0 1048560 0 0
0 1 0 65535 11 0 1048560 0 0
0 0 0 65535 11 0 1048560 0 0
0 0 0 65535 12 0 1048560 0 0
0 1 0 65535 12 0 1048560 0 0
0 0 0 65535 13 0 1048560 0 0
0 1 0 65535 13 0 1048560 0 0
0 1 0 65535 14 0 1048560 0 0
0 0 0 65535 14 0 1048560 0 0
0 1 0 65535 15 0 1048560 0 0
0 0 0 65535 15 0 1048560 0 0
0 0 0 65535 0 0 1048560 0 0
0 1 0 65535 0 0 1048560 0 0
0 0 0 65535 1 0 1048560 0 0
0 1 0 65535 1 0 1048560 0 0
0 0 0 65535 2 0 1048560 0 0
0 1 0 65535 2 0 1048560 0 0
0 1 0 65535 3 0 1048560 0 0
0 0 0 65535 3 0 1048560 0 0
0 0 0 65535 4 0 1048560 0 0
0 1 0 65535 4 0 1048560 0 0
0 0 0 65535 5 0 1048560 0 0
0 1 0 65535 5 0 1048560 0 0
0 0 0 65535 6 0 1048560 0 0
0 1 0 65535 6 0 1048560 0 0
0 0 0 65535 7 0 1048560 0 0
0 1 0 65535 7 0 1048560 0 0
0 1 0 65535 8 0 1048560 0 0
0 0 0 65535 8 0 1048560 0 0
0 0 0 65535 9 0 1048560 0 0
0 1 0 65535 9 0 1048560 0 0
0 0 0 65535 10 0 1048560 0 0
0 1 0 65535 10 0 1048560 0 0
0 1 0 65535 11 0 1048560 0 0
0 0 0 65535 11 0 1048560 0 0
0 0 0 65535 12 0 1048560 0 0
0 1 0 65535 12 0 1048560 0 0
0 0 0 65535 13 0 1048560 0 0
0 1 0 65535 13 0 1048560 0 0
0 1 0 65535 14 0 1048560 0 0
0 0 0 65535 14 0 1048560 0 0
0 0 0 65535 15 0 1048560 0 0
0 1 0 65535 15 0 1048560 0 0
0 1 0 65535 0 0 1048560 0 0
0 0 0 65535 0 0 1048560 0 0
0 0 0 65535 1 0 1048560 0 0
0 1 0 65535 1 0 1048560 0 0
0 0 0 65535 2 0 1048560 0 0
0 1 0 65535 2 0 1048560 0 0
0 0 0 65535 3 0 1048560 0 0
0 1 0 65535 3 0 1048560 0 0
0 1 0 65535 4 0 1048560 0 0
0 0 0 65535 4 0 1048560 0 0
0 0 0 65535 5 0 1048560 0 0
0 1 0 65535 5 0 1048560 0 0
0 1 0 65535 6 0 1048560 0 0
0 0 0 65535 6 0 1048560 0 0
0 0 0 65535 7 0 1048560 0 0
0 1 0 65535 7 0 1048560 0 0
0 1 0 65535 8 0 1048560 0 0
0 0 0 65535 8 0 1048560 0 0
0 0 0 65535 9 0 1048560 0 0
0 1 0 65535 9 0 1048560 0 0
0 0 0 65535 10 0 1048560 0 0
0 1 0 65535 10 0 1048560 0 0
0 0 0 65535 11 0 1048560 0 0
0 1 0 65535 11 0 1048560 0 0
0 0 0 65535 12 0 1048560 0 0
0 1 0 65535 12 0 1048560 0 0
0 0 0 65535 13 0 1048560 0 0
0 1 0 65535 13 0 1048560 0 0
0 0 0 65535 14 0 1048560 0 0
0 1 0 65535 14 0 1048560 0 0
0 0 0 65535 15 0 1048560 0 0
0 1 0 65535 15 0 1048560 0 0
0 1 0 65535 0 0 1048560 0 0
0 0 0 65535 0 0 1048560 0 0
0 1 0 65535 1 0 1048560 0 0
0 0 0 65535 1 0 1048560 0 0
0 0 0 65535 2 0 1048560 0 0
0 1 0 65535 2 0 1048560 0 0
0 0 0 65535 3 0 1048560 0 0
0 1 0 65535 3 0 1048560 0 0
0 1 0 65535 4 0 1048560 0 0
0 0 0 65535 4 0 1048560 0 0
0 0 0 65535 5 0 1048560 0 0
0 1 0 65535 5 0 1048560 0 0
0 1 0 65535 6 0 1048560 0 0
0 0 0 65535 6 0 1048560 0 0
0 1 0 65535 7 0 1048560 0 0
0 0 0 65535 7 0 1048560 0 0
0 1 0 65535 8 0 1048560 0 0
0 0 0 65535 8 0 1048560 0 0
0 0 0 65535 9 0 1048560 0 0
0 1 0 65535 9 0 1048560 0 0
0 1 0 65535 10 0 1048560 0 0
0 0 0 65535 10 0 1048560 0 0
0 1 0 65535 11 0 1048560 0 0
0 0 0 65535 11 0 1048560 0 0
0 1 0 65535 12 0 1048560 0 0
0 0 0 65535 12 0 1048560 0 0
0 0 0 65535 13 0 1048560 0 0
0 1 0 65535 13 0 1048560 0 0
0 0 0 65535 14 0 1048560 0 0
0 1 0 65535 14 0 1048560 0 0
0 1 0 65535 15 0 1048560 0 0
0 0 0 65535 15 0 1048560 0 0
0 1 0 65535 0 0 1048560 0 0
0 0 0 65535 0 0 1048560 0 0
0 0 0 65535 1 0 1048560 0 0
0 1 0 65535 1 0 1048560 0 0
0 1 0 65535 2 0 1048560 0 0
0 0 0 65535 2 0 1048560 0 0
0 0 0 65535 3 0 1048560 0 0
0 1 0 65535 3 0 1048560 0 0
0 1 0 65535 4 0 1048560 0 0
0 0 0 65535 4 0 1048560 0 0
0 0 0 65535 5 0 1048560 0 0
0 1 0 65535 5 0 1048560 0 0
0 1 0 65535 6 0 1048560 0 0
0 0 0 65535 6 0 1048560 0 0
0 0 0 65535 7 0 1048560 0 0
0 1 0 65535 7 0 1048560 0 0
0 0 0 65535 8 0 1048560 0 0
0 1 0 65535 8 0 1048560 0 0
0 1 0 65535 9 0 1048560 0 0
0 0 0 65535 9 0 1048560 0 0
0 1 0 65535 10 0 1048560 0 0
0 0 0 65535 10 0 1048560 0 0
0 1 0 65535 11 0 1048560 0 0
0 0 0 65535 11 0 1048560 0 0
0 0 0 65535 12 0 1048560 0 0
0 1 0 65535 12 0 1048560 0 0
0 0 0 65535 13 0 1048560 0 0
0 1 0 65535 13 0 1048560 0 0
0 0 0 65535 14 0 1048560 0 0
0 1 0 65535 14 0 1048560 0 0
0 0 0 65535 15 0 1048560 0 0
0 1 0 65535 15 0 1048560 0 0
0 1 0 65535 0 0 1048560 0 0
0 0 0 65535 0 0 1048560 0 0
0 0 0 65535 1 0 1048560 0 0
0 1 0 65535 1 0 1048560 0 0
0 1 0 65535 2 0 1048560 0 0
0 0 0 65535 2 0 1048560 0 0
0 0 0 65535 3 0 1048560 0 0
0 1 0 65535 3 0 1048560 0 0
0 0 0 65535 4 0 1048560 0 0
0 1 0 65535 4 0 1048560 0 0
0 0 0 65535 5 0 1048560 0 0
0 1 0 65535 5 0 1048560 0 0
0 1 0 65535 6 0 1048560 0 0
0 0 0 65535 6 0 1048560 0 0
0 1 0 65535 7 0 1048560 0 0
0 0 0 65535 7 0 1048560 0 0
0 0 0 65535 8 0 1048560 0 0
0 1 0 65535 8 0 1048560 0 0
0 1 0 65535 9 0 1048560 0 0
0 0 0 65535 9 0 1048560 0 0
0 0 0 65535 10 0 1048560 0 0
0 1 0 65535 10 0 1048560 0 0
0 1 0 65535 11 0 1048560 0 0
0 0 0 65535 11 0 1048560 0 0
0 1 0 65535 12 0 1048560 0 0
0 0 0 65535 12 0 1048560 0 0
0 0 0 65535 13 0 1048560 0 0
0 1 0 65535 13 0 1048560 0 0
0 1 0 65535 14 0 1048560 0 0
0 0 0 65535 14 0 1048560 0 0
0 1 0 65535 15 0 1048560 0 0
0 0 0 65535 15 0 1048560 0 0
0 0 0 65535 0 0 1048560 0 0
0 1 0 65535 0 0 1048560 0 0
0 1 0 65535 1 0 1048560 0 0
0 0 0 65535 1 0 1048560 0 0
0 1 0 65535 2 0 1048560 0 0
0 0 0 65535 2 0 1048560 0 0
0 0 0 65535 3 0 1048560 0 0
0 1 0 65535 3 0 1048560 0 0
0 1 0 65535 4 0 1048560 0 0
0 0 0 65535 4 0 1048560 0 0
0 1 0 65535 5 0 1048560 0 0
0 0 0 65535 5 0 1048560 0 0
0 0 0 65535 6 0 1048560 0 0
0 1 0 65535 6 0 1048560 0 0
0 1 0 65535 7 0 1048560 0 0
0 0 0 65535 7 0 1048560 0 0
0 1 0 65535 8 0 1048560 0 0
0 0 0 65535 8 0 1048560 0 0
0 0 0 65535 9 0 1048560 0 0
0 1 0 65535 9 0 1048560 0 0
0 1 0 65535 10 0 1048560 0 0
0 0 0 65535 10 0 1048560 0 0
0 0 0 65535 11 0 1048560 0 0
0 1 0 65535 11 0 1048560 0 0
0 1 0 65535 12 0 1048560 0 0
0 0 0 65535 12 0 1048560 0 0
0 0 0 65535 13 0 1048560 0 0
0 1 0 65535 13 0 1048560 0 0
0 0 0 65535 14 0 1048560 0 0
0 1 0 65535 14 0 1048560 0 0
0 1 0 65535 15 0 1048560 0 0
0 0 0 65535 15 0 1048560 0 0
0 0 0 65535 0 0 1048560 0 0
0 1 0 65535 0 0 1048560 0 0
0 1 0 65535 1 0 1048560 0 0
0 0 0 65535 1 0 1048560 0 0
0 0 0 65535 2 0 1048560 0 0
0 1 0 65535 2 0 1048560 0 0
0 0 0 65535 3 0 1048560 0 0
0 1 0 65535 3 0 1048560 0 0
0 0 0 65535 4 0 1048560 0 0
0 1 0 65535 4 0 1048560 0 0
0 1 0 65535 5 0 1048560 0 0
0 0 0 65535 5 0 1048560 0 0
0 1 0 65535 6 0 1048560 0 0
0 0 0 65535 6 0 1048560 0 0
0 0 0 65535 7 0 1048560 0 0
0 1 0 65535 7 0 1048560 0 0
0 0 0 65535 8 0 1048560 0 0
0 1 0 65535 8 0 1048560 0 0
0 1 0 65535 9 0 1048560 0 0
0 0 0 65535 9 0 1048560 0 0
0 1 0 65535 10 0 1048560 0 0
0 0 0 65535 10 0 1048560 0 0
0 0 0 65535 11 0 1048560 0 0
0 1 0 65535 11 0 1048560 0 0
0 0 0 65535 12 0 1048560 0 0
0 1 0 65535 12 0 1048560 0 0
0 0 0 65535 13 0 1048560 0 0
0 1 0 65535 13 0 1048560 0 0
0 1 0 65535 14 0 1048560 0 0
0 0 0 65535 14 0 1048560 0 0
0 1 0 65535 15 0 1048560 0 0
0 0 0 65535 15 0 1048560 0 0
0 1 0 65535 0 0 1048560 0 0
0 0 0 65535 0 0 1048560 0 0
0 0 0 65535 1 0 1048560 0 0
0 1 0 65535 1 0 1048560 0 0
0 0 0 65535 2 0 1048560 0 0
0 1 0 65535 2 0 1048560 0 0
0 1 0 65535 3 0 1048560 0 0
0 0 0 65535 3 0 1048560 0 0
0 0 0 65535 4 0 1048560 0 0
0 1 0 65535 4 0 1048560 0 0
0 0 0 65535 5 0 1048560 0 0
0 1 0 65535 5 0 1048560 0 0
0 1 0 65535 6 0 1048560 0 0
0 0 0 65535 6 0 1048560 0 0
0 1 0 65535 7 0 1048560 0 0
0 0 0 65535 7 0 1048560 0 0
0 0 0 65535 8 0 1048560 0 0
0 1 0 65535 8 0 1048560 0 0
0 1 0 65535 9 0 1048560 0 0
0 0 0 65535 9 0 1048560 0 0
0 0 0 65535 10 0 1048560 0 0
0 1 0 65535 10 0 1048560 0 0
0 1 0 65535 11 0 1048560 0 0
0 0 0 65535 11 0 1048560 0 0
0 1 0 65535 12 0 1048560 0 0
0 0 0 65535 12 0 1048560 0 0
0 0 0 65535 13 0 1048560 0 0
0 1 0 65535 13 0 1048560 0 0
0 0 0 65535 14 0 1048560 0 0
0 1 0 65535 14 0 1048560 0 0
0 0 0 65535 15 0 1048560 0 0
0 1 0 65535 15 0 1048560 0 0
0 0 0 65535 0 0 1048560 0 0
0 1 0 65535 0 0 1048560 0 0
0 0 0 65535 1 0 1048560 0 0
0 1 0 65535 1 0 1048560 0 0
0 0 0 65535 2 0 1048560 0 0
0 1 0 65535 2 0 1048560 0 0
0 0 0 65535 3 0 1048560 0 0
0 1 0 65535 3 0 1048560 0 0
0 0 0 65535 4 0 1048560 0 0
0 1 0 65535 4 0 1048560 0 0
0 0 0 65535 5 0 1048560 0 0
0 1 0 65535 5 0 1048560 0 0
0 0 0 65535 6 0 1048560 0 0
0 1 0 65535 6 0 1048560 0 0
0 1 0 65535 7 0 1048560 0 0
0 0 0 65535 7 0 1048560 0 0
0 1 0 65535 8 0 1048560 0 0
0 0 0 65535 8 0 1048560 0 0
0 1 0 65535 9 0 1048560 0 0
0 0 0 65535 9 0 1048560 0 0
0 1 0 65535 10 0 1048560 0 0
0 0 0 65535 10 0 1048560 0 0
0 1 0 65535 11 0 1048560 0 0
0 0 0 65535 11 0 1048560 0 0
0 1 0 65535 12 0 1048560 0 0
0 0 0 65535 12 0 1048560 0 0
0 1 0 65535 13 0 1048560 0 0
0 0 0 65535 13 0 1048560 0 0
0 0 0 65535 14 0 1048560 0 0
0 1 0 65535 14 0 1048560 0 0
0 0 0 65535 15 0 1048560 0 0
0 1 0 65535 15 0 1048560 0 0
0 0 0 65535 0 0 1048560 0 0
0 1 0 65535 0 0 1048560 0 0
0 0 0 65535 1 0 1048560 0 0
0 1 0 65535 1 0 1048560 0 0
0 1 0 65535 2 0 1048560 0 0
0 0 0 65535 2 0 1048560 0 0
0 0 0 65535 3 0 1048560 0 0
0 1 0 65535 3 0 1048560 0 0
0 1 0 65535 4 0 1048560 0 0
0 0 0 65535 4 0 1048560 0 0
0 1 0 65535 5 0 1048560 0 0
0 0 0 65535 5 0 1048560 0 0
0 0 0 65535 6 0 1048560 0 0
0 1 0 65535 6 0 1048560 0 0
0 0 0 65535 7 0 1048560 0 0
0 1 0 65535 7 0 1048560 0 0
0 0 0 65535 8 0 1048560 0 0
0 1 0 65535 8 0 1048560 0 0
0 0 0 65535 9 0 1048560 0 0
0 1 0 65535 9 0 1048560 0 0
0 1 0 65535 10 0 1048560 0 0
0 0 0 65535 10 0 1048560 0 0
0 0 0 65535 11 0 1048560 0 0
0 1 0 65535 11 0 1048560 0 0
0 0 0 65535 12 0 1048560 0 0
0 1 0 65535 12 0 1048560 0 0
0 1 0 65535 13 0 1048560 0 0
0 0 0 65535 13 0 1048560 0 0
0 1 0 65535 14 0 1048560 0 0
0 0 0 65535 14 0 1048560 0 0
0 1 0 65535 15 0 1048560 0 0
0 0 0 65535 15 0 1048560 0 0
0 0 0 65535 0 0 1048560 0 0
0 1 0 65535 0 0 1048560 0 0
0 0 0 65535 1 0 1048560 0 0
0 1 0 65535 1 0 1048560 0 0
0 0 0 65535 2 0 1048560 0 0
0 1 0 65535 2 0 1048560 0 0
0 0 0 65535 3 0 1048560 0 0
0 1 0 65535 3 0 1048560 0 0
0 0 0 65535 4 0 1048560 0 0
0 1 0 65535 4 0 1048560 0 0
0 1 0 65535 5 0 1048560 0 0
0 0 0 65535 5 0 1048560 0 0
0 0 0 65535 6 0 1048560 0 0
0 1 0 65535 6 0 1048560 0 0
0 0 0 65535 7 0 1048560 0 0
0 1 0 65535 7 0 1048560 0 0
0 0 0 65535 8 0 1048560 0 0
0 1 0 65535 8 0 1048560 0 0
0 1 0 65535 9 0 1048560 0 0
0 0 0 65535 9 0 1048560 0 0
0 0 0 65535 10 0 1048560 0 0
0 1 0 65535 10 0 1048560 0 0
0 0 0 65535 11 0 1048560 0 0
0 1 0 65535 11 0 1048560 0 0
0 1 0 65535 12 0 1048560 0 0
0 0 0 65535 12 0 1048560 0 0
0 1 0 65535 13 0 1048560 0 0
0 0 0 65535 13 0 1048560 0 0
0 0 0 65535 14 0 1048560 0 0
0 1 0 65535 14 0 1048560 0 0
0 1 0 65535 15 0 1048560 0 0
0 0 0 65535 15 0 1048560 0 0
0 1 0 65535 0 0 1048560 0 0
0 0 0 65535 0 0 1048560 0 0
0 1 0 65535 1 0 1048560 0 0
0 0 0 65535 1 0 1048560 0 0
0 0 0 65535 2 0 1048560 0 0
0 1 0 65535 2 0 1048560 0 0
0 0 0 65535 3 0 1048560 0 0
0 1 0 65535 3 0 1048560 0 0
0 0 0 65535 4 0 1048560 0 0
0 1 0 65535 4 0 1048560 0 0
0 1 0 65535 5 0 1048560 0 0
0 0 0 65535 5 0 1048560 0 0
0 0 0 65535 6 0 1048560 0 0
0 1 0 65535 6 0 1048560 0 0
0 1 0 65535 7 0 1048560 0 0
0 0 0 65535 7 0 1048560 0 0
0 1 0 65535 8 0 1048560 0 0
0 0 0 65535 8 0 1048560 0 0
0 1 0 65535 9 0 1048560 0 0
0 0 0 65535 9 0 1048560 0 0
0 1 0 65535 10 0 1048560 0 0
0 0 0 65535 10 0 1048560 0 0
0 0 0 65535 11 0 1048560 0 0
0 1 0 65535 11 0 1048560 0 0
0 0 0 65535 12 0 1048560 0 0
0 1 0 65535 12 0 1048560 0 0
0 1 0 65535 13 0 1048560 0 0
0 0 0 65535 13 0 1048560 0 0
0 0 0 65535 14 0 1048560 0 0
0 1 0 65535 14 0 1048560 0 0
0 1 0 65535 15 0 1048560 0 0
0 0 0 65535 15 0 1048560 0 0
0 1 0 65535 0 0 1048560 0 0
0 0 0 65535 0 0 1048560 0 0
0 0 0 65535 1 0 1048560 0 0
0 1 0 65535 1 0 1048560 0 0
0 1 0 65535 2 0 1048560 0 0
0 0 0 65535 2 0 1048560 0 0
0 1 0 65535 3 0 1048560 0 0
0 0 0 65535 3 0 1048560 0 0
0 1 0 65535 4 0 1048560 0 0
0 0 0 65535 4 0 1048560 0 0
0 0 0 65535 5 0 1048560 0 0
0 1 0 65535 5 0 1048560 0 0
0 1 0 65535 6 0 1048560 0 0
0 0 0 65535 6 0 1048560 0 0
0 1 0 65535 7 0 1048560 0 0
0 0 0 65535 7 0 1048560 0 0
0 0 0 65535 8 0 1048560 0 0
0 1 0 65535 8 0 1048560 0 0
0 0 0 65535 9 0 1048560 0 0
0 1 0 65535 9 0 1048560 0 0
0 1 0 65535 10 0 1048560 0 0
0 0 0 65535 10 0 1048560 0 0
0 1 0 65535 11 0 1048560 0 0
0 0 0 65535 11 0 1048560 0 0
0 0 0 65535 12 0 1048560 0 0
0 1 0 65535 12 0 1048560 0 0
0 0 0 65535 13 0 1048560 0 0
0 1 0 65535 13 0 1048560 0 0
0 1 0 65535 14 0 1048560 0 0
0 0 0 65535 14 0 1048560 0 0
0 0 0 65535 15 0 1048560 0 0
0 1 0 65535 15 0 1048560 0 0
0 0 0 65535 0 0 1048560 0 0
0 1 0 65535 0 0 1048560 0 0
1 1 1 0 0 0 0 0 0
0 0 1 0 0 0 0 0 0
0 1 1 0 1 0 0 0 0
0 0 1 0 1 0 0 0 0
0 1 1 0 2 0 0 0 0
0 0 1 0 2 0 0 0 0
0 0 1 0 3 0 0 0 0
0 1 1 0 3 0 0 0 0
0 0 1 0 4 0 0 0 0
0 1 1 0 4 0 0 0 0
0 0 1 0 5 0 0 0 0
0 1 1 0 5 0 0 0 0
0 1 1 0 6 0 0 0 0
0 0 1 0 6 0 0 0 0
0 1 1 0 7 0 0 0 0
0 0 1 0 7 0 0 0 0
0 1 1 0 8 0 0 0 0
0 0 1 0 8 0 0 0 0
0 0 1 0 9 0 0 0 0
0 1 1 0 9 0 0 0 0
0 1 1 0 10 0 0 0 0
0 0 1 0 10 0 0 0 0
0 0 1 0 11 0 0 0 0
0 1 1 0 11 0 0 0 0
0 1 1 0 12 0 0 0 0
0 0 1 0 12 0 0 0 0
0 0 1 0 13 0 0 0 0
0 1 1 0 13 0 0 0 0
0 1 1 0 14 0 0 0 0
0 0 1 0 14 0 0 0 0
0 0 1 0 15 0 0 0 0
0 1 1 0 15 0 0 0 0
0 1 0 0 0 0 0 0 0
0 0 0 0 0 0 0 0 0
0 1 0 0 1 0 0 0 0
0 0 0 0 1 0 0 0 0
0 1 0 0 2 0 0 0 0
0 0 0 0 2 0 0 0 0
0 1 0 0 3 0 0 0 0
0 0 0 0 3 0 0 0 0
0 0 0 0 4 0 0 0 0
0 1 0 0 4 0 0 0 0
0 1 0 0 5 0 0 0 0
0 0 0 0 5 0 0 0 0
0 1 0 0 6 0 0 0 0
0 0 0 0 6 0 0 0 0
0 0 0 0 7 0 0 0 0
0 1 0 0 7 0 0 0 0
0 0 0 0 8 0 0 0 0
0 1 0 0 8 0 0 0 0
0 1 0 0 9 0 0 0 0
0 0 0 0 9 0 0 0 0
0 1 0 0 10 0 0 0 0
0 0 0 0 10 0 0 0 0
0 0 0 0 11 0 0 0 0
0 1 0 0 11 0 0 0 0
0 1 0 0 12 0 0 0 0
0 0 0 0 12 0 0 0 0
0 0 0 0 13 0 0 0 0
0 1 0 0 13 0 0 0 0
0 0 0 0 14 0 0 0 0
0 1 0 0 14 0 0 0 0
0 1 0 0 15 0 0 0 0
0 0 0 0 15 0 0 0 0
0 0 0 0 0 0 0 0 0
0 1 0 0 0 0 0 0 0
0 0 0 0 1 0 0 0 0
0 1 0 0 1 0 0 0 0
0 1 0 0 2 0 0 0 0
0 0 0 0 2 0 0 0 0
0 0 0 0 3 0 0 0 0
0 1 0 0 3 0 0 0 0
0 1 0 0 4 0 0 0 0
0 0 0 0 4 0 0 0 0
0 0 0 0 5 0 0 0 0
0 1 0 0 5 0 0 0 0
0 1 0 0 6 0 0 0 0
0 0 0 0 6 0 0 0 0
0 1 0 0 7 0 0 0 0
0 0 0 0 7 0 0 0 0
0 1 0 0 8 0 0 0 0
0 0 0 0 8 0 0 0 0
0 1 0 0 9 0 0 0 0
0 0 0 0 9 0 0 0 0
0 0 0 0 10 0 0 0 0
0 1 0 0 10 0 0 0 0
0 0 0 0 11 0 0 0 0
0 1 0 0 11 0 0 0 0
0 1 0 0 12 0 0 0 0
0 0 0 0 12 0 0 0 0
0 0 0 0 13 0 0 0 0
0 1 0 0 13 0 0 0 0
0 1 0 0 14 0 0 0 0
0 0 0 0 14 0 0 0 0
0 1 0 0 15 0 0 0 0
0 0 0 0 15 0 0 0 0
0 0 0 0 0 0 0 0 0
0 1 0 0 0 0 0 0 0
0 0 0 0 1 0 0 0 0
0 1 0 0 1 0 0 0 0
0 1 0 0 2 0 0 0 0
0 0 0 0 2 0 0 0 0
0 0 0 0 3 0 0 0 0
0 1 0 0 3 0 0 0 0
0 0 0 0 4 0 0 0 0
0 1 0 0 4 0 0 0 0
0 0 0 0 5 0 0 0 0
0 1 0 0 5 0 0 0 0
0 0 0 0 6 0 0 0 0
0 1 0 0 6 0 0 0 0
0 1 0 0 7 0 0 0 0
0 0 0 0 7 0 0 0 0
0 1 0 0 8 0 0 0 0
0 0 0 0 8 0 0 0 0
0 1 0 0 9 0 0 0 0
0 0 0 0 9 0 0 0 0
0 1 0 0 10 0 0 0 0
0 0 0 0 10 0 0 0 0
0 0 0 0 11 0 0 0 0
0 1 0 0 11 0 0 0 0
0 1 0 0 12 0 0 0 0
0 0 0 0 12 0 0 0 0
0 1 0 0 13 0 0 0 0
0 0 0 0 13 0 0 0 0
0 0 0 0 14 0 0 0 0
0 1 0 0 14 0 0 0 0
0 0 0 0 15 0 0 0 0
0 1 0 0 15 0 0 0 0
0 0 0 0 0 0 0 0 0
0 1 0 0 0 0 0 0 0
0 1 0 0 1 0 0 0 0
0 0 0 0 1 0 0 0 0
0 0 0 0 2 0 0 0 0
0 1 0 0 2 0 0 0 0
0 1 0 0 3 0 0 0 0
0 0 0 0 3 0 0 0 0
0 1 0 0 4 0 0 0 0
0 0 0 0 4 0 0 0 0
0 0 0 0 5 0 0 0 0
0 1 0 0 5 0 0 0 0
0 0 0 0 6 0 0 0 0
0 1 0 0 6 0 0 0 0
0 1 0 0 7 0 0 0 0
0 0 0 0 7 0 0 0 0
0 1 0 0 8 0 0 0 0
0 0 0 0 8 0 0 0 0
0 0 0 0 9 0 0 0 0
0 1 0 0 9 0 0 0 0
0 1 0 0 10 0 0 0 0
0 0 0 0 10 0 0 0 0
0 0 0 0 11 0 0 0 0
0 1 0 0 11 0 0 0 0
0 1 0 0 12 0 0 0 0
0 0 0 0 12 0 0 0 0
0 1 0 0 13 0 0 0 0
0 0 0 0 13 0 0 0 0
0 1 0 0 14 0 0 0 0
0 0 0 0 14 0 0 0 0
0 0 0 0 15 0 0 0 0
0 1 0 0 15 0 0 0 0
0 1 0 0 0 0 0 0 0
0 0 0 0 0 0 0 0 0
0 1 0 0 1 0 0 0 0
0 0 0 0 1 0 0 0 0
0 0 0 0 2 0 0 0 0
0 1 0 0 2 0 0 0 0
0 1 0 0 3 0 0 0 0
0 0 0 0 3 0 0 0 0
0 0 0 0 4 0 0 0 0
0 1 0 0 4 0 0 0 0
0 0 0 0 5 0 0 0 0
0 1 0 0 5 0 0 0 0
0 0 0 0 6 0 0 0 0
0 1 0 0 6 0 0 0 0
0 1 0 0 7 0 0 0 0
0 0 0 0 7 0 0 0 0
0 1 0 0 8 0 0 0 0
0 0 0 0 8 0 0 0 0
0 0 0 0 9 0 0 0 0
0 1 0 0 9 0 0 0 0
0 1 0 0 10 0 0 0 0
0 0 0 0 10 0 0 0 0
0 0 0 0 11 0 0 0 0
0 1 0 0 11 0 0 0 0
0 0 0 0 12 0 0 0 0
0 1 0 0 12 0 0 0 0
0 1 0 0 13 0 0 0 0
0 0 0 0 13 0 0 0 0
0 0 0 0 14 0 0 0 0
0 1 0 0 14 0 0 0 0
0 0 0 0 15 0 0 0 0
0 1 0 0 15 0 0 0 0
0 1 0 0 0 0 0 0 0
0 0 0 0 0 0 0 0 0
0 1 0 0 1 0 0 0 0
0 0 0 0 1 0 0 0 0
0 1 0 0 2 0 0 0 0
0 0 0 0 2 0 0 0 0
0 0 0 0 3 0 0 0 0
0 1 0 0 3 0 0 0 0
0 0 0 0 4 0 0 0 0
0 1 0 0 4 0 0 0 0
0 0 0 0 5 0 0 0 0
0 1 0 0 5 0 0 0 0
0 0 0 0 6 0 0 0 0
0 1 0 0 6 0 0 0 0
0 0 0 0 7 0 0 0 0
0 1 0 0 7 0 0 0 0
0 1 0 0 8 0 0 0 0
0 0 0 0 8 0 0 0 0
0 1 0 0 9 0 0 0 0
0 0 0 0 9 0 0 0 0
0 1 0 0 10 0 0 0 0
0 0 0 0 10 0 0 0 0
0 0 0 0 11 0 0 0 0
0 1 0 0 11 0 0 0 0
0 0 0 0 12 0 0 0 0
0 1 0 0 12 0 0 0 0
0 0 0 0 13 0 0 0 0
0 1 0 0 13 0 0 0 0
0 0 0 0 14 0 0 0 0
0 1 0 0 14 0 0 0 0
0 1 0 0 15 0 0 0 0
0 0 0 0 15 0 0 0 0
0 0 0 0 0 0 0 0 0
0 1 0 0 0 0 0 0 0
0 0 0 0 1 0 0 0 0
0 1 0 0 1 0 0 0 0
0 0 0 0 2 0 0 0 0
0 1 0 0 2 0 0 0 0
0 0 0 0 3 0 0 0 0
0 1 0 0 3 0 0 0 0
0 0 0 0 4 0 0 0 0
0 1 0 0 4 0 0 0 0
0 1 0 0 5 0 0 0 0
0 0 0 0 5 0 0 0 0
0 0 0 0 6 0 0 0 0
0 1 0 0 6 0 0 0 0
0 0 0 0 7 0 0 0 0
0 1 0 0 7 0 0 0 0
0 0 0 0 8 0 0 0 0
0 1 0 0 8 0 0 0 0
0 1 0 0 9 0 0 0 0
0 0 0 0 9 0 0 0 0
0 0 0 0 10 0 0 0 0
0 1 0 0 10 0 0 0 0
0 0 0 0 11 0 0 0 0
0 1 0 0 11 0 0 0 0
0 0 0 0 12 0 0 0 0
0 1 0 0 12 0 0 0 0
0 0 0 0 13 0 0 0 0
0 1 0 0 13 0 0 0 0
0 1 0 0 14 0 0 0 0
0 0 0 0 14 0 0 0 0
0 1 0 0 15 0 0 0 0
0 0 0 0 15 0 0 0 0
0 0 0 0 0 0 0 0 0
0 1 0 0 0 0 0 0 0
0 0 0 0 1 0 0 0 0
0 1 0 0 1 0 0 0 0
0 1 0 0 2 0 0 0 0
0 0 0 0 2 0 0 0 0
0 1 0 0 3 0 0 0 0
0 0 0 0 3 0 0 0 0
0 0 0 0 4 0 0 0 0
0 1 0 0 4 0 0 0 0
0 1 0 0 5 0 0 0 0
0 0 0 0 5 0 0 0 0
0 1 0 0 6 0 0 0 0
0 0 0 0 6 0 0 0 0
0 1 0 0 7 0 0 0 0
0 0 0 0 7 0 0 0 0
0 1 0 0 8 0 0 0 0
0 0 0 0 8 0 0 0 0
0 1 0 0 9 0 0 0 0
0 0 0 0 9 0 0 0 0
0 1 0 0 10 0 0 0 0
0 0 0 0 10 0 0 0 0
0 1 0 0 11 0 0 0 0
0 0 0 0 11 0 0 0 0
0 1 0 0 12 0 0 0 0
0 0 0 0 12 0 0 0 0
0 1 0 0 13 0 0 0 0
0 0 0 0 13 0 0 0 0
0 1 0 0 14 0 0 0 0
0 0 0 0 14 0 0 0 0
0 1 0 0 15 0 0 0 0
0 0 0 0 15 0 0 0 0
0 1 0 0 0 0 0 0 0
0 0 0 0 0 0 0 0 0
0 1 0 0 1 0 0 0 0
0 0 0 0 1 0 0 0 0
0 1 0 0 2 0 0 0 0
0 0 0 0 2 0 0 0 0
0 1 0 0 3 0 0 0 0
0 0 0 0 3 0 0 0 0
0 1 0 0 4 0 0 0 0
0 0 0 0 4 0 0 0 0
0 1 0 0 5 0 0 0 0
0 0 0 0 5 0 0 0 0
0 1 0 0 6 0 0 0 0
0 0 0 0 6 0 0 0 0
0 1 0 0 7 0 0 0 0
0 0 0 0 7 0 0 0 0
0 1 0 0 8 0 0 0 0
0 0 0 0 8 0 0 0 0
0 0 0 0 9 0 0 0 0
0 1 0 0 9 0 0 0 0
0 0 0 0 10 0 0 0 0
0 1 0 0 10 0 0 0 0
0 1 0 0 11 0 0 0 0
0 0 0 0 11 0 0 0 0
0 0 0 0 12 0 0 0 0
0 1 0 0 12 0 0 0 0
0 1 0 0 13 0 0 0 0
0 0 0 0 13 0 0 0 0
0 1 0 0 14 0 0 0 0
0 0 0 0 14 0 0 0 0
0 0 0 0 15 0 0 0 0
0 1 0 0 15 0 0 0 0
0 0 0 0 0 0 0 0 0
0 1 0 0 0 0 0 0 0
0 1 0 0 1 0 0 0 0
0 0 0 0 1 0 0 0 0
0 0 0 0 2 0 0 0 0
0 1 0 0 2 0 0 0 0
0 0 0 0 3 0 0 0 0
0 1 0 0 3 0 0 0 0
0 1 0 0 4 0 0 0 0
0 0 0 0 4 0 0 0 0
0 0 0 0 5 0 0 0 0
0 1 0 0 5 0 0 0 0
0 0 0 0 6 0 0 0 0
0 1 0 0 6 0 0 0 0
0 0 0 0 7 0 0 0 0
0 1 0 0 7 0 0 0 0
0 1 0 0 8 0 0 0 0
0 0 0 0 8 0 0 0 0
0 0 0 0 9 0 0 0 0
0 1 0 0 9 0 0 0 0
0 0 0 0 10 0 0 0 0
0 1 0 0 10 0 0 0 0
0 0 0 0 11 0 0 0 0
0 1 0 0 11 0 0 0 0
0 0 0 0 12 0 0 0 0
0 1 0 0 12 0 0 0 0
0 1 0 0 13 0 0 0 0
0 0 0 0 13 0 0 0 0
0 0 0 0 14 0 0 0 0
0 1 0 0 14 0 0 0 0
0 0 0 0 15 0 0 0 0
0 1 0 0 15 0 0 0 0
0 0 0 0 0 0 0 0 0
0 1 0 0 0 0 0 0 0
0 1 0 0 1 0 0 0 0
0 0 0 0 1 0 0 0 0
0 0 0 0 2 0 0 0 0
0 1 0 0 2 0 0 0 0
0 1 0 0 3 0 0 0 0
0 0 0 0 3 0 0 0 0
0 0 0 0 4 0 0 0 0
0 1 0 0 4 0 0 0 0
0 1 0 0 5 0 0 0 0
0 0 0 0 5 0 0 0 0
0 1 0 0 6 0 0 0 0
0 0 0 0 6 0 0 0 0
0 0 0 0 7 0 0 0 0
0 1 0 0 7 0 0 0 0
0 0 0 0 8 0 0 0 0
0 1 0 0 8 0 0 0 0
0 0 0 0 9 0 0 0 0
0 1 0 0 9 0 0 0 0
0 1 0 0 10 0 0 0 0
0 0 0 0 10 0 0 0 0
0 0 0 0 11 0 0 0 0
0 1 0 0 11 0 0 0 0
0 1 0 0 12 0 0 0 0
0 0 0 0 12 0 0 0 0
0 1 0 0 13 0 0 0 0
0 0 0 0 13 0 0 0 0
0 1 0 0 14 0 0 0 0
0 0 0 0 14 0 0 0 0
0 1 0 0 15 0 0 0 0
0 0 0 0 15 0 0 0 0
0 0 0 0 0 0 0 0 0
0 1 0 0 0 0 0 0 0
0 0 0 0 1 0 0 0 0
0 1 0 0 1 0 0 0 0
0 0 0 0 2 0 0 0 0
0 1 0 0 2 0 0 0 0
0 1 0 0 3 0 0 0 0
0 0 0 0 3 0 0 0 0
0 0 0 0 4 0 0 0 0
0 1 0 0 4 0 0 0 0
0 1 0 0 5 0 0 0 0
0 0 0 0 5 0 0 0 0
0 0 0 0 6 0 0 0 0
0 1 0 0 6 0 0 0 0
0 0 0 0 7 0 0 0 0
0 1 0 0 7 0 0 0 0
0 0 0 0 8 0 0 0 0
0 1 0 0 8 0 0 0 0
0 1 0 0 9 0 0 0 0
0 0 0 0 9 0 0 0 0
0 0 0 0 10 0 0 0 0
0 1 0 0 10 0 0 0 0
0 0 0 0 11 0 0 0 0
0 1 0 0 11 0 0 0 0
0 1 0 0 12 0 0 0 0
0 0 0 0 12 0 0 0 0
0 1 0 0 13 0 0 0 0
0 0 0 0 13 0 0 0 0
0 1 0 0 14 0 0 0 0
0 0 0 0 14 0 0 0 0
0 0 0 0 15 0 0 0 0
0 1 0 0 15 0 0 0 0
0 0 0 0 0 0 0 0 0
0 1 0 0 0 0 0 0 0
0 0 0 0 1 0 0 0 0
0 1 0 0 1 0 0 0 0
0 0 0 0 2 0 0 0 0
0 1 0 0 2 0 0 0 0
0 1 0 0 3 0 0 0 0
0 0 0 0 3 0 0 0 0
0 1 0 0 4 0 0 0 0
0 0 0 0 4 0 0 0 0
0 1 0 0 5 0 0 0 0
0 0 0 0 5 0 0 0 0
0 1 0 0 6 0 0 0 0
0 0 0 0 6 0 0 0 0
0 1 0 0 7 0 0 0 0
0 0 0 0 7 0 0 0 0
0 0 0 0 8 0 0 0 0
0 1 0 0 8 0 0 0 0
0 1 0 0 9 0 0 0 0
0 0 0 0 9 0 0 0 0
0 0 0 0 10 0 0 0 0
0 1 0 0 10 0 0 0 0
0 0 0 0 11 0 0 0 0
0 1 0 0 11 0 0 0 0
0 0 0 0 12 0 0 0 0
0 1 0 0 12 0 0 0 0
0 1 0 0 13 0 0 0 0
0 0 0 0 13 0 0 0 0
0 0 0 0 14 0 0 0 0
0 1 0 0 14 0 0 0 0
0 1 0 0 15 0 0 0 0
0 0 0 0 15 0 0 0 0
0 1 0 0 0 0 0 0 0
0 0 0 0 0 0 0 0 0
0 0 0 0 1 0 0 0 0
0 1 0 0 1 0 0 0 0
0 1 0 0 2 0 0 0 0
0 0 0 0 2 0 0 0 0
0 1 0 0 3 0 0 0 0
0 0 0 0 3 0 0 0 0
0 0 0 0 4 0 0 0 0
0 1 0 0 4 0 0 0 0
0 1 0 0 5 0 0 0 0
0 0 0 0 5 0 0 0 0
0 1 0 0 6 0 0 0 0
0 0 0 0 6 0 0 0 0
0 1 0 0 7 0 0 0 0
0 0 0 0 7 0 0 0 0
0 1 0 0 8 0 0 0 0
0 0 0 0 8 0 0 0 0
0 0 0 0 9 0 0 0 0
0 1 0 0 9 0 0 0 0
0 0 0 0 10 0 0 0 0
0 1 0 0 10 0 0 0 0
0 1 0 0 11 0 0 0 0
0 0 0 0 11 0 0 0 0
0 0 0 0 12 0 0 0 0
0 1 0 0 12 0 0 0 0
0 1 0 0 13 0 0 0 0
0 0 0 0 13 0 0 0 0
0 0 0 0 14 0 0 0 0
0 1 0 0 14 0 0 0 0
0 1 0 0 15 0 0 0 0
0 0 0 0 15 0 0 0 0
0 0 0 0 0 0 0 0 0
0 1 0 0 0 0 0 0 0
0 1 0 0 1 0 0 0 0
0 0 0 0 1 0 0 0 0
0 1 0 0 2 0 0 0 0
0 0 0 0 2 0 0 0 0
0 1 0 0 3 0 0 0 0
0 0 0 0 3 0 0 0 0
0 0 0 0 4 0 0 0 0
0 1 0 0 4 0 0 0 0
0 1 0 0 5 0 0 0 0
0 0 0 0 5 0 0 0 0
0 0 0 0 6 0 0 0 0
0 1 0 0 6 0 0 0 0
0 1 0 0 7 0 0 0 0
0 0 0 0 7 0 0 0 0
0 0 0 0 8 0 0 0 0
0 1 0 0 8 0 0 0 0
0 0 0 0 9 0 0 0 0
0 1 0 0 9 0 0 0 0
0 1 0 0 10 0 0 0 0
0 0 0 0 10 0 0 0 0
0 1 0 0 11 0 0 0 0
0 0 0 0 11 0 0 0 0
0 1 0 0 12 0 0 0 0
0 0 0 0 12 0 0 0 0
0 0 0 0 13 0 0 0 0
0 1 0 0 13 0 0 0 0
0 0 0 0 14 0 0 0 0
0 1 0 0 14 0 0 0 0
0 1 0 0 15 0 0 0 0
0 0 0 0 15 0 0 0 0
0 1 0 0 0 0 0 0 0
0 0 0 0 0 0 0 0 0
1 1 1 65535 0 0 65535 0 1
0 0 1 0 0 0 0 0 0
0 1 1 0 1 0 65535 1 0
0 0 1 65535 1 0 65535 0 1
0 0 1 0 2 0 65535 1 0
0 1 1 65535 2 0 131070 0 1
0 0 1 65535 3 0 131070 0 1
0 1 1 0 3 0 131070 1 0
0 1 1 65535 4 0 196605 0 1
0 0 1 0 4 0 131070 1 0
0 1 1 0 5 0 196605 1 0
0 0 1 65535 5 0 196605 0 1
0 0 1 0 6 0 196605 1 0
0 1 1 65535 6 0 262140 0 1
0 1 1 0 7 0 262140 1 0
0 0 1 65535 7 0 262140 0 1
0 0 1 0 8 0 262140 1 0
0 1 1 65535 8 0 327675 0 1
0 0 1 65535 9 0 327675 0 1
0 1 1 0 9 0 327675 1 0
0 1 1 65535 10 0 393210 0 1
0 0 1 0 10 0 327675 1 0
0 1 1 0 11 0 393210 1 0
0 0 1 65535 11 0 393210 0 1
0 0 1 0 12 0 393210 1 0
0 1 1 65535 12 0 458745 0 1
0 1 1 0 13 0 458745 1 0
0 0 1 65535 13 0 458745 0 1
0 1 1 65535 14 0 524280 0 1
0 0 1 0 14 0 458745 1 0
0 1 1 0 15 0 524280 1 0
0 0 1 65535 15 0 524280 0 1
0 0 0 0 0 1 524280 1 0
0 1 0 65535 0 2 524280 0 1
0 0 0 65535 1 2 524280 0 1
0 1 0 0 1 1 524280 1 0
0 0 0 0 2 1 524280 1 0
0 1 0 65535 2 2 524280 0 1
0 0 0 65535 3 2 524280 0 1
0 1 0 0 3 1 524280 1 0
0 0 0 0 4 1 524280 1 0
0 1 0 65535 4 2 524280 0 1
0 0 0 65535 5 2 524280 0 1
0 1 0 0 5 1 524280 1 0
0 1 0 65535 6 2 524280 0 1
0 0 0 0 6 1 524280 1 0
0 1 0 0 7 1 524280 1 0
0 0 0 65535 7 2 524280 0 1
0 0 0 0 8 1 524280 1 0
0 1 0 65535 8 2 524280 0 1
0 1 0 0 9 1 524280 1 0
0 0 0 65535 9 2 524280 0 1
0 0 0 0 10 1 524280 1 0
0 1 0 65535 10 2 524280 0 1
0 0 0 65535 11 2 524280 0 1
0 1 0 0 11 1 524280 1 0
0 0 0 0 12 1 524280 1 0
0 1 0 65535 12 2 524280 0 1
0 0 0 65535 13 2 524280 0 1
0 1 0 0 13 1 524280 1 0
0 0 0 0 14 1 524280 1 0
0 1 0 65535 14 2 524280 0 1
0 1 0 0 15 1 524280 1 0
0 0 0 65535 15 2 524280 0 1
0 0 0 0 0 1 524280 1 0
0 1 0 65535 0 2 524280 0 1
0 1 0 0 1 1 524280 1 0
0 0 0 65535 1 2 524280 0 1
0 1 0 65535 2 2 524280 0 1
0 0 0 0 2 1 524280 1 0
0 1 0 0 3 1 524280 1 0
0 0 0 65535 3 2 524280 0 1
0 1 0 65535 4 2 524280 0 1
0 0 0 0 4 1 524280 1 0
0 0 0 65535 5 2 524280 0 1
0 1 0 0 5 1 524280 1 0
0 0 0 0 6 1 524280 1 0
0 1 0 65535 6 2 524280 0 1
0 1 0 0 7 1 524280 1 0
0 0 0 65535 7 2 524280 0 1
0 0 0 0 8 1 524280 1 0
0 1 0 65535 8 2 524280 0 1
0 1 0 0 9 1 524280 1 0
0 0 0 65535 9 2 524280 0 1
0 1 0 65535 10 2 524280 0 1
0 0 0 0 10 1 524280 1 0
0 1 0 0 11 1 524280 1 0
0 0 0 65535 11 2 524280 0 1
0 0 0 0 12 1 524280 1 0
0 1 0 65535 12 2 524280 0 1
0 0 0 65535 13 2 524280 0 1
0 1 0 0 13 1 524280 1 0
0 0 0 0 14 1 524280 1 0
0 1 0 65535 14 2 524280 0 1
0 1 0 0 15 1 524280 1 0
0 0 0 65535 15 2 524280 0 1
0 1 0 65535 0 2 524280 0 1
0 0 0 0 0 1 524280 1 0
0 1 0 0 1 1 524280 1 0
0 0 0 65535 1 2 524280 0 1
0 0 0 0 2 1 524280 1 0
0 1 0 65535 2 2 524280 0 1
0 1 0 0 3 1 524280 1 0
0 0 0 65535 3 2 524280 0 1
0 0 0 0 4 1 524280 1 0
0 1 0 65535 4 2 524280 0 1
0 0 0 65535 5 2 524280 0 1
0 1 0 0 5 1 524280 1 0
0 0 0 0 6 1 524280 1 0
0 1 0 65535 6 2 524280 0 1
0 1 0 0 7 1 524280 1 0
0 0 0 65535 7 2 524280 0 1
0 0 0 0 8 1 524280 1 0
0 1 0 65535 8 2 524280 0 1
0 0 0 65535 9 2 524280 0 1
0 1 0 0 9 1 524280 1 0
0 1 0 65535 10 2 524280 0 1
0 0 0 0 10 1 524280 1 0
0 0 0 65535 11 2 524280 0 1
0 1 0 0 11 1 524280 1 0
0 0 0 0 12 1 524280 1 0
0 1 0 65535 12 2 524280 0 1
0 0 0 65535 13 2 524280 0 1
0 1 0 0 13 1 524280 1 0
0 0 0 0 14 1 524280 1 0
0 1 0 65535 14 2 524280 0 1
0 0 0 65535 15 2 524280 0 1
0 1 0 0 15 1 524280 1 0
0 1 0 65535 0 2 524280 0 1
0 0 0 0 0 1 524280 1 0
0 0 0 65535 1 2 524280 0 1
0 1 0 0 1 1 524280 1 0
0 0 0 0 2 1 524280 1 0
0 1 0 65535 2 2 524280 0 1
0 0 0 65535 3 2 524280 0 1
0 1 0 0 3 1 524280 1 0
0 1 0 65535 4 2 524280 0 1
0 0 0 0 4 1 524280 1 0
0 0 0 65535 5 2 524280 0 1
0 1 0 0 5 1 524280 1 0
0 1 0 65535 6 2 524280 0 1
0 0 0 0 6 1 524280 1 0
0 0 0 65535 7 2 524280 0 1
0 1 0 0 7 1 524280 1 0
0 0 0 0 8 1 524280 1 0
0 1 0 65535 8 2 524280 0 1
0 1 0 0 9 1 524280 1 0
0 0 0 65535 9 2 524280 0 1
0 1 0 65535 10 2 524280 0 1
0 0 0 0 10 1 524280 1 0
0 0 0 65535 11 2 524280 0 1
0 1 0 0 11 1 524280 1 0
0 0 0 0 12 1 524280 1 0
0 1 0 65535 12 2 524280 0 1
0 0 0 65535 13 2 524280 0 1
0 1 0 0 13 1 524280 1 0
0 1 0 65535 14 2 524280 0 1
0 0 0 0 14 1 524280 1 0
0 1 0 0 15 1 524280 1 0
0 0 0 65535 15 2 524280 0 1
0 1 0 65535 0 2 524280 0 1
0 0 0 0 0 1 524280 1 0
0 0 0 65535 1 2 524280 0 1
0 1 0 0 1 1 524280 1 0
0 0 0 0 2 1 524280 1 0
0 1 0 65535 2 2 524280 0 1
0 0 0 65535 3 2 524280 0 1
0 1 0 0 3 1 524280 1 0
0 1 0 65535 4 2 524280 0 1
0 0 0 0 4 1 524280 1 0
0 0 0 65535 5 2 524280 0 1
0 1 0 0 5 1 524280 1 0
0 1 0 65535 6 2 524280 0 1
0 0 0 0 6 1 524280 1 0
0 1 0 0 7 1 524280 1 0
0 0 0 65535 7 2 524280 0 1
0 0 0 0 8 1 524280 1 0
0 1 0 65535 8 2 524280 0 1
0 1 0 0 9 1 524280 1 0
0 0 0 65535 9 2 524280 0 1
0 0 0 0 10 1 524280 1 0
0 1 0 65535 10 2 524280 0 1
0 0 0 65535 11 2 524280 0 1
0 1 0 0 11 1 524280 1 0
0 1 0 65535 12 2 524280 0 1
0 0 0 0 12 1 524280 1 0
0 0 0 65535 13 2 524280 0 1
0 1 0 0 13 1 524280 1 0
0 0 0 0 14 1 524280 1 0
0 1 0 65535 14 2 524280 0 1
0 0 0 65535 15 2 524280 0 1
0 1 0 0 15 1 524280 1 0
0 0 0 0 0 1 524280 1 0
0 1 0 65535 0 2 524280 0 1
0 0 0 65535 1 2 524280 0 1
0 1 0 0 1 1 524280 1 0
0 0 0 0 2 1 524280 1 0
0 1 0 65535 2 2 524280 0 1
0 1 0 0 3 1 524280 1 0
0 0 0 65535 3 2 524280 0 1
0 1 0 65535 4 2 524280 0 1
0 0 0 0 4 1 524280 1 0
0 1 0 0 5 1 524280 1 0
0 0 0 65535 5 2 524280 0 1
0 0 0 0 6 1 524280 1 0
0 1 0 65535 6 2 524280 0 1
0 0 0 65535 7 2 524280 0 1
0 1 0 0 7 1 524280 1 0
0 0 0 0 8 1 524280 1 0
0 1 0 65535 8 2 524280 0 1
0 0 0 65535 9 2 524280 0 1
0 1 0 0 9 1 524280 1 0
0 1 0 65535 10 2 524280 0 1
0 0 0 0 10 1 524280 1 0
0 1 0 0 11 1 524280 1 0
0 0 0 65535 11 2 524280 0 1
0 0 0 0 12 1 524280 1 0
0 1 0 65535 12 2 524280 0 1
0 1 0 0 13 1 524280 1 0
0 0 0 65535 13 2 524280 0 1
0 1 0 65535 14 2 524280 0 1
0 0 0 0 14 1 524280 1 0
0 0 0 65535 15 2 524280 0 1
0 1 0 0 15 1 524280 1 0
0 0 0 0 0 1 524280 1 0
0 1 0 65535 0 2 524280 0 1
0 0 0 65535 1 2 524280 0 1
0 1 0 0 1 1 524280 1 0
0 0 0 0 2 1 524280 1 0
0 1 0 65535 2 2 524280 0 1
0 1 0 0 3 1 524280 1 0
0 0 0 65535 3 2 524280 0 1
0 1 0 65535 4 2 524280 0 1
0 0 0 0 4 1 524280 1 0
0 1 0 0 5 1 524280 1 0
0 0 0 65535 5 2 524280 0 1
0 0 0 0 6 1 524280 1 0
0 1 0 65535 6 2 524280 0 1
0 1 0 0 7 1 524280 1 0
0 0 0 65535 7 2 524280 0 1
0 1 0 65535 8 2 524280 0 1
0 0 0 0 8 1 524280 1 0
0 1 0 0 9 1 524280 1 0
0 0 0 65535 9 2 524280 0 1
0 1 0 65535 10 2 524280 0 1
0 0 0 0 10 1 524280 1 0
0 1 0 0 11 1 524280 1 0
0 0 0 65535 11 2 524280 0 1
0 0 0 0 12 1 524280 1 0
0 1 0 65535 12 2 524280 0 1
0 1 0 0 13 1 524280 1 0
0 0 0 65535 13 2 524280 0 1
0 1 0 65535 14 2 524280 0 1
0 0 0 0 14 1 524280 1 0
0 1 0 0 15 1 524280 1 0
0 0 0 65535 15 2 524280 0 1
0 0 0 0 0 1 524280 1 0
0 1 0 65535 0 2 524280 0 1
0 1 0 0 1 1 524280 1 0
0 0 0 65535 1 2 524280 0 1
0 0 0 0 2 1 524280 1 0
0 1 0 65535 2 2 524280 0 1
0 1 0 0 3 1 524280 1 0
0 0 0 65535 3 2 524280 0 1
0 1 0 65535 4 2 524280 0 1
0 0 0 0 4 1 524280 1 0
0 0 0 65535 5 2 524280 0 1
0 1 0 0 5 1 524280 1 0
0 1 0 65535 6 2 524280 0 1
0 0 0 0 6 1 524280 1 0
0 1 0 0 7 1 524280 1 0
0 0 0 65535 7 2 524280 0 1
0 1 0 65535 8 2 524280 0 1
0 0 0 0 8 1 524280 1 0
0 0 0 65535 9 2 524280 0 1
0 1 0 0 9 1 524280 1 0
0 1 0 65535 10 2 524280 0 1
0 0 0 0 10 1 524280 1 0
0 0 0 65535 11 2 524280 0 1
0 1 0 0 11 1 524280 1 0
0 0 0 0 12 1 524280 1 0
0 1 0 65535 12 2 524280 0 1
0 1 0 0 13 1 524280 1 0
0 0 0 65535 13 2 524280 0 1
0 0 0 0 14 1 524280 1 0
0 1 0 65535 14 2 524280 0 1
0 0 0 65535 15 2 524280 0 1
0 1 0 0 15 1 524280 1 0
0 1 0 65535 0 2 524280 0 1
0 0 0 0 0 1 524280 1 0
0 0 0 65535 1 2 524280 0 1
0 1 0 0 1 1 524280 1 0
0 1 0 65535 2 2 524280 0 1
0 0 0 0 2 1 524280 1 0
0 1 0 0 3 1 524280 1 0
0 0 0 65535 3 2 524280 0 1
0 1 0 65535 4 2 524280 0 1
0 0 0 0 4 1 524280 1 0
0 0 0 65535 5 2 524280 0 1
0 1 0 0 5 1 524280 1 0
0 0 0 0 6 1 524280 1 0
0 1 0 65535 6 2 524280 0 1
0 0 0 65535 7 2 524280 0 1
0 1 0 0 7 1 524280 1 0
0 0 0 0 8 1 524280 1 0
0 1 0 65535 8 2 524280 0 1
0 0 0 65535 9 2 524280 0 1
0 1 0 0 9 1 524280 1 0
0 0 0 0 10 1 524280 1 0
0 1 0 65535 10 2 524280 0 1
0 1 0 0 11 1 524280 1 0
0 0 0 65535 11 2 524280 0 1
0 0 0 0 12 1 524280 1 0
0 1 0 65535 12 2 524280 0 1
0 1 0 0 13 1 524280 1 0
0 0 0 65535 13 2 524280 0 1
0 0 0 0 14 1 524280 1 0
0 1 0 65535 14 2 524280 0 1
0 1 0 0 15 1 524280 1 0
0 0 0 65535 15 2 524280 0 1
0 0 0 0 0 1 524280 1 0
0 1 0 65535 0 2 524280 0 1
0 0 0 65535 1 2 524280 0 1
0 1 0 0 1 1 524280 1 0
0 0 0 0 2 1 524280 1 0
0 1 0 65535 2 2 524280 0 1
0 0 0 65535 3 2 524280 0 1
0 1 0 0 3 1 524280 1 0
0 0 0 0 4 1 524280 1 0
0 1 0 65535 4 2 524280 0 1
0 1 0 0 5 1 524280 1 0
0 0 0 65535 5 2 524280 0 1
0 0 0 0 6 1 524280 1 0
0 1 0 65535 6 2 524280 0 1
0 0 0 65535 7 2 524280 0 1
0 1 0 0 7 1 524280 1 0
0 1 0 65535 8 2 524280 0 1
0 0 0 0 8 1 524280 1 0
0 1 0 0 9 1 524280 1 0
0 0 0 65535 9 2 524280 0 1
0 1 0 65535 10 2 524280 0 1
0 0 0 0 10 1 524280 1 0
0 0 0 65535 11 2 524280 0 1
0 1 0 0 11 1 524280 1 0
0 0 0 0 12 1 524280 1 0
0 1 0 65535 12 2 524280 0 1
0 1 0 0 13 1 524280 1 0
0 0 0 65535 13 2 524280 0 1
0 1 0 65535 14 2 524280 0 1
0 0 0 0 14 1 524280 1 0
0 1 0 0 15 1 524280 1 0
0 0 0 65535 15 2 524280 0 1
0 0 0 0 0 1 524280 1 0
0 1 0 65535 0 2 524280 0 1
0 0 0 65535 1 2 524280 0 1
0 1 0 0 1 1 524280 1 0
0 0 0 0 2 1 524280 1 0
0 1 0 65535 2 2 524280 0 1
0 0 0 65535 3 2 524280 0 1
0 1 0 0 3 1 524280 1 0
0 0 0 0 4 1 524280 1 0
0 1 0 65535 4 2 524280 0 1
0 1 0 0 5 1 524280 1 0
0 0 0 65535 5 2 524280 0 1
0 0 0 0 6 1 524280 1 0
0 1 0 65535 6 2 524280 0 1
0 0 0 65535 7 2 524280 0 1
0 1 0 0 7 1 524280 1 0
0 1 0 65535 8 2 524280 0 1
0 0 0 0 8 1 524280 1 0
0 1 0 0 9 1 524280 1 0
0 0 0 65535 9 2 524280 0 1
0 0 0 0 10 1 524280 1 0
0 1 0 65535 10 2 524280 0 1
0 1 0 0 11 1 524280 1 0
0 0 0 65535 11 2 524280 0 1
0 1 0 65535 12 2 524280 0 1
0 0 0 0 12 1 524280 1 0
0 1 0 0 13 1 524280 1 0
0 0 0 65535 13 2 524280 0 1
0 1 0 65535 14 2 524280 0 1
0 0 0 0 14 1 524280 1 0
0 1 0 0 15 1 524280 1 0
0 0 0 65535 15 2 524280 0 1
0 1 0 65535 0 2 524280 0 1
0 0 0 0 0 1 524280 1 0
0 0 0 65535 1 2 524280 0 1
0 1 0 0 1 1 524280 1 0
0 1 0 65535 2 2 524280 0 1
0 0 0 0 2 1 524280 1 0
0 1 0 0 3 1 524280 1 0
0 0 0 65535 3 2 524280 0 1
0 1 0 65535 4 2 524280 0 1
0 0 0 0 4 1 524280 1 0
0 1 0 0 5 1 524280 1 0
0 0 0 65535 5 2 524280 0 1
0 0 0 0 6 1 524280 1 0
0 1 0 65535 6 2 524280 0 1
0 1 0 0 7 1 524280 1 0
0 0 0 65535 7 2 524280 0 1
0 1 0 65535 8 2 524280 0 1
0 0 0 0 8 1 524280 1 0
0 1 0 0 9 1 524280 1 0
0 0 0 65535 9 2 524280 0 1
0 0 0 0 10 1 524280 1 0
0 1 0 65535 10 2 524280 0 1
0 1 0 0 11 1 524280 1 0
0 0 0 65535 11 2 524280 0 1
0 0 0 0 12 1 524280 1 0
0 1 0 65535 12 2 524280 0 1
0 0 0 65535 13 2 524280 0 1
0 1 0 0 13 1 524280 1 0
0 0 0 0 14 1 524280 1 0
0 1 0 65535 14 2 524280 0 1
0 0 0 65535 15 2 524280 0 1
0 1 0 0 15 1 524280 1 0
0 0 0 0 0 1 524280 1 0
0 1 0 65535 0 2 524280 0 1
0 0 0 65535 1 2 524280 0 1
0 1 0 0 1 1 524280 1 0
0 0 0 0 2 1 524280 1 0
0 1 0 65535 2 2 524280 0 1
0 1 0 0 3 1 524280 1 0
0 0 0 65535 3 2 524280 0 1
0 1 0 65535 4 2 524280 0 1
0 0 0 0 4 1 524280 1 0
0 0 0 65535 5 2 524280 0 1
0 1 0 0 5 1 524280 1 0
0 1 0 65535 6 2 524280 0 1
0 0 0 0 6 1 524280 1 0
0 1 0 0 7 1 524280 1 0
0 0 0 65535 7 2 524280 0 1
0 0 0 0 8 1 524280 1 0
0 1 0 65535 8 2 524280 0 1
0 1 0 0 9 1 524280 1 0
0 0 0 65535 9 2 524280 0 1
0 1 0 65535 10 2 524280 0 1
0 0 0 0 10 1 524280 1 0
0 0 0 65535 11 2 524280 0 1
0 1 0 0 11 1 524280 1 0
0 0 0 0 12 1 524280 1 0
0 1 0 65535 12 2 524280 0 1
0 0 0 65535 13 2 524280 0 1
0 1 0 0 13 1 524280 1 0
0 0 0 0 14 1 524280 1 0
0 1 0 65535 14 2 524280 0 1
0 1 0 0 15 1 524280 1 0
0 0 0 65535 15 2 524280 0 1
0 0 0 0 0 1 524280 1 0
0 1 0 65535 0 2 524280 0 1
0 0 0 65535 1 2 524280 0 1
0 1 0 0 1 1 524280 1 0
0 0 0 0 2 1 524280 1 0
0 1 0 65535 2 2 524280 0 1
0 1 0 0 3 1 524280 1 0
0 0 0 65535 3 2 524280 0 1
0 1 0 65535 4 2 524280 0 1
0 0 0 0 4 1 524280 1 0
0 0 0 65535 5 2 524280 0 1
0 1 0 0 5 1 524280 1 0
0 0 0 0 6 1 524280 1 0
0 1 0 65535 6 2 524280 0 1
0 0 0 65535 7 2 524280 0 1
0 1 0 0 7 1 524280 1 0
0 0 0 0 8 1 524280 1 0
0 1 0 65535 8 2 524280 0 1
0 1 0 0 9 1 524280 1 0
0 0 0 65535 9 2 524280 0 1
0 1 0 65535 10 2 524280 0 1
0 0 0 0 10 1 524280 1 0
0 1 0 0 11 1 524280 1 0
0 0 0 65535 11 2 524280 0 1
0 0 0 0 12 1 524280 1 0
0 1 0 65535 12 2 524280 0 1
0 0 0 65535 13 2 524280 0 1
0 1 0 0 13 1 524280 1 0
0 1 0 65535 14 2 524280 0 1
0 0 0 0 14 1 524280 1 0
0 0 0 65535 15 2 524280 0 1
0 1 0 0 15 1 524280 1 0
0 1 0 65535 0 2 524280 0 1
0 0 0 0 0 1 524280 1 0
0 1 0 0 1 1 524280 1 0
0 0 0 65535 1 2 524280 0 1
0 0 0 0 2 1 524280 1 0
0 1 0 65535 2 2 524280 0 1
0 0 0 65535 3 2 524280 0 1
0 1 0 0 3 1 524280 1 0
0 0 0 0 4 1 524280 1 0
0 1 0 65535 4 2 524280 0 1
0 0 0 65535 5 2 524280 0 1
0 1 0 0 5 1 524280 1 0
0 0 0 0 6 1 524280 1 0
0 1 0 65535 6 2 524280 0 1
0 1 0 0 7 1 524280 1 0
0 0 0 65535 7 2 524280 0 1
0 0 0 0 8 1 524280 1 0
0 1 0 65535 8 2 524280 0 1
0 0 0 65535 9 2 524280 0 1
0 1 0 0 9 1 524280 1 0
0 1 0 65535 10 2 524280 0 1
0 0 0 0 10 1 524280 1 0
0 0 0 65535 11 2 524280 0 1
0 1 0 0 11 1 524280 1 0
0 0 0 0 12 1 524280 1 0
0 1 0 65535 12 2 524280 0 1
0 1 0 0 13 1 524280 1 0
0 0 0 65535 13 2 524280 0 1
0 1 0 65535 14 2 524280 0 1
0 0 0 0 14 1 524280 1 0
0 0 0 65535 15 2 524280 0 1
0 1 0 0 15 1 524280 1 0
0 1 0 65535 0 2 524280 0 1
0 0 0 0 0 1 524280 1 0
1 1 1 64246 0 0 64246 0 1
0 0 1 12883 0 0 12883 0 1
0 0 1 41086 1 0 53969 0 1
0 1 1 27361 1 0 91607 0 1
0 1 1 21942 2 0 113549 0 1
0 0 1 35293 2 0 89262 0 1
0 0 1 19732 3 0 108994 0 1
0 1 1 64743 3 0 178292 0 1
0 0 1 16980 4 0 125974 0 1
0 1 1 8012 4 0 186304 1 0
0 0 1 27339 5 0 153313 0 1
0 1 1 28959 5 0 215263 0 1
0 0 1 16563 6 0 169876 0 1
0 1 1 29981 6 0 245244 0 1
0 0 1 29393 7 0 199269 0 1
0 1 1 44594 7 0 289838 0 1
0 1 1 48258 8 0 338096 0 1
0 0 1 5291 8 0 204560 1 0
0 0 1 26042 9 0 230602 0 1
0 1 1 14108 9 0 352204 1 0
0 0 1 19162 10 0 249764 0 1
0 1 1 1536 10 0 353740 1 0
0 0 1 60379 11 0 310143 0 1
0 1 1 867 11 0 354607 1 0
0 1 1 36029 12 0 390636 0 1
0 0 1 46314 12 0 356457 0 1
0 0 1 22162 13 0 378619 1 0
0 1 1 30591 13 0 421227 0 1
0 1 1 18330 14 0 439557 1 0
0 0 1 32903 14 0 411522 0 1
0 1 1 37475 15 0 477032 0 1
0 0 1 42561 15 0 454083 0 1
0 1 0 8785 0 1 421571 1 0
0 0 0 14374 0 1 455574 1 0
0 1 0 41565 1 2 435775 0 1
0 0 0 26701 1 1 441189 1 0
0 0 0 59887 2 2 465783 0 1
0 1 0 40290 2 2 454123 0 1
0 1 0 14973 3 1 404353 1 0
0 0 0 42294 3 2 488345 0 1
0 0 0 47423 4 2 518788 0 1
0 1 0 43747 4 2 440088 0 1
0 0 0 12213 5 1 503662 1 0
0 1 0 44728 5 2 455857 0 1
0 0 0 61363 6 2 548462 0 1
0 1 0 10117 6 1 435993 1 0
0 1 0 23126 7 1 414525 1 0
0 0 0 10520 7 1 529589 1 0
0 0 0 23236 8 1 547534 1 0
0 1 0 24727 8 2 390994 0 1
0 0 0 57292 9 2 578784 0 1
0 1 0 56323 9 2 433209 0 1
0 1 0 50567 10 2 482240 0 1
0 0 0 53333 10 2 612955 0 1
0 0 0 6377 11 1 558953 1 0
0 1 0 40896 11 2 522269 0 1
0 1 0 3477 12 1 489717 1 0
0 0 0 38206 12 2 550845 0 1
0 0 0 20398 13 1 549081 1 0
0 1 0 38304 13 2 497430 0 1
0 1 0 41905 14 2 521005 0 1
0 0 0 10969 14 1 527147 1 0
0 1 0 8589 15 1 492119 1 0
0 0 0 23704 15 1 508290 1 0
0 0 0 9174 0 1 503090 1 0
0 1 0 11933 0 1 495267 1 0
0 1 0 36849 1 2 490551 0 1
0 0 0 12873 1 1 489262 1 0
0 0 0 59896 2 2 489271 0 1
0 1 0 38776 2 2 489037 0 1
0 0 0 16238 3 1 463215 1 0
0 1 0 57467 3 2 531531 0 1
0 1 0 49791 4 2 537575 0 1
0 0 0 44912 4 2 460704 0 1
0 0 0 26911 5 1 475402 1 0
0 1 0 374 5 1 493221 1 0
0 1 0 6231 6 1 489335 1 0
0 0 0 4913 6 1 418952 1 0
0 1 0 28245 7 1 494454 1 0
0 0 0 57829 7 2 466261 0 1
0 0 0 50753 8 2 493778 0 1
0 1 0 64028 8 2 533755 0 1
0 0 0 65277 9 2 501763 0 1
0 1 0 43647 9 2 521079 0 1
0 1 0 11258 10 1 481770 1 0
0 0 0 60240 10 2 508670 0 1
0 0 0 62942 11 2 565235 0 1
0 1 0 37046 11 2 477920 0 1
0 1 0 7463 12 1 481906 1 0
0 0 0 48246 12 2 575275 0 1
0 1 0 47322 13 2 490924 0 1
0 0 0 24323 13 1 579200 1 0
0 1 0 29164 14 1 478183 1 0
0 0 0 27059 14 1 595290 1 0
0 1 0 50452 15 2 520046 0 1
0 0 0 25059 15 1 596645 1 0
0 1 0 56865 0 2 564978 0 1
0 0 0 25827 0 1 613298 1 0
0 1 0 18486 1 1 546615 1 0
0 0 0 10113 1 1 610538 1 0
0 1 0 35191 2 2 543030 0 1
0 0 0 57455 2 2 608097 0 1
0 1 0 19938 3 1 505501 1 0
0 0 0 63421 3 2 655280 0 1
0 1 0 57683 4 2 513393 0 1
0 0 0 14603 4 1 624971 1 0
0 1 0 59200 5 2 572219 0 1
0 0 0 53309 5 2 651369 0 1
0 1 0 54131 6 2 620119 0 1
0 0 0 1925 6 1 648381 1 0
0 1 0 61072 7 2 652946 0 1
0 0 0 24703 7 1 615255 1 0
0 1 0 61469 8 2 650387 0 1
0 0 0 42478 8 2 606980 0 1
0 1 0 46384 9 2 653124 0 1
0 0 0 51379 9 2 593082 0 1
0 1 0 56584 10 2 698450 0 1
0 0 0 53109 10 2 585951 0 1
0 0 0 26976 11 1 549985 1 0
0 1 0 64546 11 2 725950 0 1
0 1 0 17665 12 1 736152 1 0
0 0 0 59875 12 2 561614 0 1
0 1 0 10668 13 1 699498 1 0
0 0 0 18662 13 1 555953 1 0
0 0 0 11820 14 1 540714 1 0
0 1 0 57418 14 2 727752 0 1
0 1 0 35724 15 1 713024 1 0
0 0 0 23901 15 1 539556 1 0
0 1 0 3237 0 1 659396 1 0
0 0 0 39382 0 2 553111 0 1
0 1 0 36164 1 1 677074 1 0
0 0 0 5751 1 1 548749 1 0
0 0 0 695 2 1 491989 1 0
0 1 0 22407 2 1 664290 1 0
0 0 0 41745 3 2 470313 0 1
0 1 0 22841 3 1 667193 1 0
0 1 0 51658 4 2 661168 0 1
0 0 0 41585 4 2 497295 0 1
0 0 0 48140 5 2 492126 0 1
0 1 0 25835 5 1 627803 1 0
0 1 0 17083 6 1 590755 1 0
0 0 0 8268 6 1 498469 1 0
0 1 0 4045 7 1 533728 1 0
0 0 0 33372 7 2 507138 0 1
0 1 0 40112 8 2 512371 0 1
0 0 0 43271 8 2 507931 0 1
0 0 0 18391 9 1 474943 1 0
0 1 0 56523 9 2 522510 0 1
0 0 0 33921 10 2 455755 0 1
0 1 0 14156 10 1 480082 1 0
0 0 0 37646 11 2 466425 0 1
0 1 0 971 11 1 416507 1 0
0 1 0 52410 12 2 451252 0 1
0 0 0 55586 12 2 462136 0 1
0 1 0 47552 13 2 488136 0 1
0 0 0 62489 13 2 505963 0 1
0 0 0 9302 14 1 503445 1 0
0 1 0 60338 14 2 491056 0 1
0 0 0 45541 15 2 525085 0 1
0 1 0 8920 15 1 464252 1 0
0 0 0 48127 0 2 533830 0 1
0 1 0 48291 0 2 509306 0 1
0 0 0 5704 1 1 533783 1 0
0 1 0 41410 1 2 514552 0 1
0 1 0 64998 2 2 557143 0 1
0 0 0 42742 2 2 575830 0 1
0 0 0 56405 3 2 590490 0 1
0 1 0 5357 3 1 539659 1 0
0 0 0 61788 4 2 610693 0 1
0 1 0 63468 4 2 551469 0 1
0 1 0 52241 5 2 577875 0 1
0 0 0 47294 5 2 609847 0 1
0 0 0 27119 6 1 628698 1 0
0 1 0 17300 6 1 578092 1 0
0 1 0 1004 7 1 575051 1 0
0 0 0 59437 7 2 654763 0 1
0 0 0 30713 8 1 642205 1 0
0 1 0 38459 8 2 573398 0 1
0 1 0 33507 9 1 550382 1 0
0 0 0 4444 9 1 628258 1 0
0 0 0 52838 10 2 647175 0 1
0 1 0 40700 10 2 576926 0 1
0 1 0 45602 11 2 621557 0 1
0 0 0 20381 11 1 629910 1 0
0 0 0 65360 12 2 639684 0 1
0 1 0 1351 12 1 570498 1 0
0 0 0 35156 13 1 612351 1 0
0 1 0 33768 13 1 556714 1 0
0 1 0 9759 14 1 506135 1 0
0 0 0 39113 14 1 642162 1 0
0 0 0 1470 15 1 598091 1 0
0 1 0 54105 15 2 551320 0 1
0 1 0 13502 0 1 516531 1 0
0 0 0 24328 0 1 574292 1 0
0 0 0 12250 1 1 580838 1 0
0 1 0 9142 1 1 484263 1 0
0 0 0 5870 2 1 543966 1 0
0 1 0 35522 2 2 454787 0 1
0 1 0 17977 3 1 467407 1 0
0 0 0 54286 3 2 541847 0 1
0 0 0 24413 4 1 504472 1 0
0 1 0 37780 4 2 441719 0 1
0 0 0 5417 5 1 462595 1 0
0 1 0 45645 5 2 435123 0 1
0 1 0 57888 6 2 475711 0 1
0 0 0 25815 6 1 461291 1 0
0 1 0 14667 7 1 489374 1 0
0 0 0 30856 7 2 432710 0 1
0 0 0 18799 8 1 420796 1 0
0 1 0 53736 8 2 504651 0 1
0 0 0 2039 9 1 418391 1 0
0 1 0 38533 9 2 509677 0 1
0 0 0 53920 10 2 419473 0 1
0 1 0 4391 10 1 473368 1 0
0 0 0 4836 11 1 403928 1 0
0 1 0 45579 11 2 473345 0 1
0 1 0 23812 12 1 495806 1 0
0 0 0 11323 12 1 349891 1 0
0 1 0 18377 13 1 480415 1 0
0 0 0 2486 13 1 317221 1 0
0 1 0 47155 14 2 517811 0 1
0 0 0 20444 14 2 298552 0 1
0 1 0 62171 15 2 525877 0 1
0 0 0 27067 15 2 324149 0 1
0 1 0 36365 0 2 548740 0 1
0 0 0 30139 0 2 329960 0 1
0 0 0 25752 1 2 343462 0 1
0 1 0 47254 1 2 586852 0 1
0 0 0 37823 2 2 375415 0 1
0 1 0 37539 2 2 588869 0 1
0 1 0 28861 3 1 599753 1 0
0 0 0 33058 3 2 354187 0 1
0 0 0 20614 4 1 350388 1 0
0 1 0 44795 4 2 606768 0 1
0 1 0 21818 5 1 582941 1 0
0 0 0 9994 5 1 354965 1 0
0 0 0 46320 6 2 375470 0 1
0 1 0 51652 6 2 576705 0 1
0 0 0 19799 7 1 364413 1 0
0 1 0 54477 7 2 616515 0 1
0 0 0 58079 8 2 403693 0 1
0 1 0 50135 8 2 612914 0 1
0 0 0 51089 9 2 452743 0 1
0 1 0 45478 9 2 619859 0 1
0 1 0 35210 10 1 650678 1 0
0 0 0 21210 10 1 420033 1 0
0 1 0 61673 11 2 666772 0 1
0 0 0 8885 11 1 424082 1 0
0 1 0 34045 12 1 677005 1 0
0 0 0 49361 12 2 462120 0 1
0 1 0 29804 13 1 688432 1 0
0 0 0 1067 13 1 460701 1 0
0 0 0 46169 14 2 486426 0 1
0 1 0 37733 14 1 679010 1 0
0 0 0 55293 15 2 514652 0 1
0 1 0 130 15 1 616969 1 0
0 1 0 59891 0 2 640495 0 1
0 0 0 44691 0 2 529204 0 1
0 0 0 33993 1 2 537445 0 1
0 1 0 60892 1 2 654133 0 1
0 1 0 44322 2 2 660916 0 1
0 0 0 4922 2 1 504544 1 0
0 0 0 32255 3 2 503741 0 1
0 1 0 17603 3 1 649658 1 0
0 1 0 57790 4 2 662653 0 1
0 0 0 34577 4 2 517704 0 1
0 1 0 47396 5 2 688231 0 1
0 0 0 55111 5 2 562821 0 1
0 1 0 50829 6 2 687408 0 1
0 0 0 63515 6 2 580016 0 1
0 1 0 10456 7 1 643387 1 0
0 0 0 58783 7 2 619000 0 1
0 1 0 41755 8 2 635007 0 1
0 0 0 45473 8 2 606394 0 1
0 0 0 56316 9 2 611621 0 1
0 1 0 63205 9 2 652734 0 1
0 1 0 31800 10 1 649324 1 0
0 0 0 28508 10 1 618919 1 0
0 1 0 41703 11 2 629354 0 1
0 0 0 37872 11 1 647906 1 0
0 0 0 49263 12 2 647808 0 1
0 1 0 13826 12 1 609135 1 0
0 1 0 64813 13 2 644144 0 1
0 0 0 5680 13 1 652421 1 0
0 1 0 19257 14 1 625668 1 0
0 0 0 49715 14 2 655967 0 1
0 1 0 17362 15 1 642900 1 0
0 0 0 54070 15 2 654744 0 1
0 1 0 49142 0 2 632151 0 1
0 0 0 43981 0 2 654034 0 1
0 0 0 29524 1 1 649565 1 0
0 1 0 12356 1 1 583615 1 0
0 1 0 61971 2 2 601264 0 1
0 0 0 31762 2 1 676405 1 0
0 1 0 3583 3 1 587244 1 0
0 0 0 50441 3 2 694591 0 1
0 1 0 63480 4 2 592934 0 1
0 0 0 17052 4 1 677066 1 0
0 0 0 38274 5 1 660229 1 0
0 1 0 53442 5 2 598980 0 1
0 0 0 59 6 1 596773 1 0
0 1 0 38582 6 2 586733 0 1
0 1 0 58847 7 2 635124 0 1
0 0 0 64205 7 2 602195 0 1
0 1 0 33112 8 1 626481 1 0
0 0 0 49229 8 2 605951 0 1
0 0 0 5890 9 1 555525 1 0
0 1 0 28484 9 1 591760 1 0
0 1 0 27558 10 1 587518 1 0
0 0 0 37801 10 2 564818 0 1
0 0 0 17259 11 1 544205 1 0
0 1 0 52682 11 2 598497 0 1
0 1 0 9631 12 1 594302 1 0
0 0 0 43434 12 2 538376 0 1
0 1 0 53073 13 2 582562 0 1
0 0 0 55389 13 2 588085 0 1
0 0 0 38163 14 2 576533 0 1
0 1 0 4152 14 1 567457 1 0
0 0 0 52539 15 2 575002 0 1
0 1 0 11335 15 1 561430 1 0
0 1 0 13083 0 1 525371 1 0
0 0 0 33906 0 1 564927 1 0
0 0 0 53323 1 2 588726 0 1
0 1 0 47559 1 2 560574 0 1
0 1 0 20630 2 1 519233 1 0
0 0 0 19812 2 1 576776 1 0
0 1 0 6988 3 1 522638 1 0
0 0 0 65295 3 2 591630 0 1
0 1 0 40564 4 2 499722 0 1
0 0 0 36206 4 1 610784 1 0
0 0 0 57116 5 2 629626 0 1
0 1 0 61823 5 2 508103 0 1
0 0 0 22794 6 1 652361 1 0
0 1 0 26202 6 1 495723 1 0
0 1 0 18350 7 1 455226 1 0
0 0 0 51196 7 2 639352 0 1
0 1 0 29190 8 2 451304 0 1
0 0 0 1338 8 1 591461 1 0
0 0 0 20735 9 1 606306 1 0
0 1 0 33633 9 2 456453 0 1
0 0 0 55690 10 2 624195 0 1
0 1 0 23614 10 1 452509 1 0
0 0 0 32776 11 1 639712 1 0
0 1 0 30454 11 2 430281 0 1
0 1 0 57362 12 2 478012 0 1
0 0 0 42306 12 2 638584 0 1
0 1 0 6845 13 1 431784 1 0
0 0 0 13712 13 1 596907 1 0
0 0 0 51879 14 2 610623 0 1
0 1 0 30916 14 2 458548 0 1
0 0 0 57010 15 2 615094 0 1
0 1 0 45492 15 2 492705 0 1
0 0 0 32475 0 1 613663 1 0
0 1 0 18345 0 1 497967 1 0
0 1 0 62928 1 2 513336 0 1
0 0 0 37519 1 2 597859 0 1
0 0 0 43857 2 2 621904 0 1
0 1 0 58774 2 2 551480 0 1
0 1 0 12060 3 1 556552 1 0
0 0 0 29022 3 1 585631 1 0
0 0 0 3021 4 1 552446 1 0
0 1 0 29061 4 1 545049 1 0
0 0 0 29578 5 1 524908 1 0
0 1 0 47598 5 2 530824 0 1
0 1 0 34631 6 2 539253 0 1
0 0 0 56189 6 2 558303 0 1
0 0 0 46890 7 2 553997 0 1
0 1 0 32972 7 1 553875 1 0
0 1 0 35933 8 2 560618 0 1
0 0 0 8043 8 1 560702 1 0
0 0 0 55115 9 2 595082 0 1
0 1 0 52530 9 2 579515 0 1
0 0 0 49982 10 2 589374 0 1
0 1 0 8333 10 1 564234 1 0
0 0 0 32759 11 1 589357 1 0
0 1 0 65097 11 2 598877 0 1
0 1 0 8200 12 1 549715 1 0
0 0 0 33584 12 1 580635 1 0
0 1 0 19452 13 1 562322 1 0
0 0 0 44002 13 2 610925 0 1
0 1 0 27943 14 1 559349 1 0
0 0 0 45097 14 2 604143 0 1
0 1 0 34840 15 2 548697 0 1
0 0 0 55814 15 2 602947 0 1
0 1 0 50748 0 2 581100 0 1
0 0 0 46527 0 2 616999 0 1
0 0 0 9990 1 1 589470 1 0
0 1 0 25723 1 1 543895 1 0
0 1 0 46162 2 2 531283 0 1
0 0 0 41227 2 2 586840 0 1
0 0 0 47863 3 2 605681 0 1
0 1 0 15085 3 1 534308 1 0
0 1 0 20615 4 1 525862 1 0
0 0 0 50318 4 2 652978 0 1
0 0 0 51561 5 2 674961 0 1
0 1 0 52875 5 2 531139 0 1
0 0 0 32738 6 1 651510 1 0
0 1 0 41334 6 2 537842 0 1
0 1 0 49641 7 2 554511 0 1
0 0 0 58093 7 2 662713 0 1
0 0 0 35838 8 1 690508 1 0
0 1 0 37554 8 2 556132 0 1
0 1 0 44245 9 2 547847 0 1
0 0 0 51105 9 2 686498 0 1
0 0 0 43509 10 2 680025 0 1
0 1 0 25623 10 1 565137 1 0
0 1 0 419 11 1 500459 1 0
0 0 0 1789 11 1 649055 1 0
0 1 0 25617 12 1 517876 1 0
0 0 0 47407 12 2 662878 0 1
0 1 0 52524 13 2 550948 0 1
0 0 0 17542 13 1 636418 1 0
0 0 0 56865 14 2 648186 0 1
0 1 0 11280 14 1 534285 1 0
0 1 0 64458 15 2 563903 0 1
0 0 0 62821 15 2 655193 0 1
0 1 0 10762 0 1 523917 1 0
0 0 0 47117 0 2 655783 0 1
0 1 0 45571 1 2 543765 0 1
0 0 0 40257 1 1 686050 1 0
0 0 0 54843 2 2 699666 0 1
0 1 0 60886 2 2 558489 0 1
0 0 0 7625 3 1 659428 1 0
0 1 0 52133 3 2 595537 0 1
0 1 0 12823 4 1 587745 1 0
0 0 0 46064 4 2 655174 0 1
0 1 0 44490 5 2 579360 0 1
0 0 0 61283 5 2 664896 0 1
0 1 0 14755 6 1 552781 1 0
0 0 0 14258 6 1 646416 1 0
0 0 0 64054 7 2 652377 0 1
0 1 0 30417 7 1 533557 1 0
0 1 0 11735 8 1 507738 1 0
0 0 0 21532 8 1 638071 1 0
0 1 0 56750 9 2 520243 0 1
0 0 0 55362 9 2 642328 0 1
0 0 0 7730 10 1 606549 1 0
0 1 0 257 10 1 494877 1 0
0 1 0 39184 11 2 533642 0 1
0 0 0 12830 11 1 617590 1 0
0 0 0 4858 12 1 575041 1 0
0 1 0 18715 12 1 526740 1 0
0 0 0 18368 13 1 575867 1 0
0 1 0 41679 13 2 515895 0 1
0 0 0 25246 14 1 544248 1 0
0 1 0 54885 14 2 559500 0 1
0 0 0 13088 15 1 494515 1 0
0 1 0 53397 15 2 548439 0 1
0 1 0 7992 0 1 545669 1 0
0 0 0 9770 0 1 457168 1 0
0 1 0 41456 1 2 541554 0 1
0 0 0 53846 1 2 470757 0 1
0 1 0 64580 2 2 545248 0 1
0 0 0 5593 2 1 421507 1 0
0 0 0 23536 3 1 437418 1 0
0 1 0 27065 3 1 520180 1 0
0 1 0 64154 4 2 571511 0 1
0 0 0 1375 4 1 392729 1 0
0 0 0 52255 5 2 383701 0 1
0 1 0 40688 5 2 567709 0 1
0 1 0 50680 6 2 603634 0 1
0 0 0 39916 6 2 409359 0 1
0 1 0 26311 7 1 599528 1 0
0 0 0 55867 7 2 401172 0 1
0 1 0 53599 8 2 641392 0 1
0 0 0 18684 8 1 398324 1 0
0 0 0 54502 9 2 397464 0 1
0 1 0 3606 9 1 588248 1 0
0 0 0 17090 10 1 406824 1 0
0 1 0 19357 10 1 607348 1 0
0 1 0 1477 11 1 569641 1 0
0 0 0 40631 11 2 434625 0 1
0 1 0 57265 12 2 608191 0 1
0 0 0 35036 12 2 464803 0 1
0 0 0 4495 13 1 450930 1 0
0 1 0 41312 13 2 607824 0 1
0 1 0 5750 14 1 558689 1 0
0 0 0 13865 14 1 439549 1 0
0 0 0 50322 15 2 476783 0 1
0 1 0 42370 15 2 547662 0 1
0 0 0 8996 0 1 476009 1 0
0 1 0 223 0 1 539893 1 0
0 1 0 21139 1 1 519576 1 0
0 0 0 8682 1 1 430845 1 0
0 1 0 23188 2 1 478184 1 0
0 0 0 8144 2 1 433396 1 0
0 0 0 39711 3 2 449571 0 1
0 1 0 13670 3 1 464789 1 0
0 0 0 40475 4 2 488671 0 1
0 1 0 6116 4 1 406751 1 0
0 0 0 40754 5 2 477170 0 1
0 1 0 31615 5 2 397678 0 1
0 0 0 15441 6 1 452695 1 0
0 1 0 36743 6 2 383741 0 1
0 0 0 20130 7 1 416958 1 0
0 1 0 61130 7 2 418560 0 1
0 0 0 7244 8 1 405518 1 0
0 1 0 56629 8 2 421590 0 1
0 0 0 40333 9 2 391349 0 1
0 1 0 34273 9 2 452257 0 1
0 1 0 34351 10 2 467251 0 1
0 0 0 35845 10 2 410104 0 1
0 0 0 29582 11 2 399055 0 1
0 1 0 39831 11 2 505605 0 1
0 1 0 25642 12 1 473982 1 0
0 0 0 46595 12 2 410614 0 1
0 0 0 27873 13 2 433992 0 1
0 1 0 39605 13 2 472275 0 1
0 1 0 49900 14 2 516425 0 1
0 0 0 52038 14 2 472165 0 1
0 0 0 63916 15 2 485759 0 1
0 1 0 44674 15 2 518729 0 1
0 0 0 5653 0 1 482416 1 0
0 1 0 48659 0 2 567165 0 1
1 1 1 51465 0 0 51465 0 1
0 0 1 36830 0 0 36830 0 1
0 1 1 57626 1 0 109091 0 1
0 0 1 7263 1 0 44093 0 1
0 1 1 13134 2 0 122225 0 1
0 0 1 24204 2 0 68297 0 1
0 1 1 5905 3 0 128130 1 0
0 0 1 14167 3 0 82464 0 1
0 1 1 34362 4 0 162492 0 1
0 0 1 42757 4 0 125221 0 1
0 0 1 20473 5 0 145694 0 1
0 1 1 50934 5 0 213426 0 1
0 0 1 46745 6 0 192439 0 1
0 1 1 8152 6 0 221578 1 0
0 0 1 60172 7 0 252611 0 1
0 1 1 42894 7 0 264472 0 1
0 0 1 37592 8 0 290203 0 1
0 1 1 53959 8 0 318431 0 1
0 1 1 32088 9 0 350519 0 1
0 0 1 1582 9 0 291785 1 0
0 1 1 34420 10 0 384939 0 1
0 0 1 60730 10 0 352515 0 1
0 1 1 43751 11 0 428690 0 1
0 0 1 33150 11 0 385665 0 1
0 1 1 13105 12 0 441795 1 0
0 0 1 49095 12 0 434760 0 1
0 1 1 41819 13 0 483614 0 1
0 0 1 61473 13 0 496233 0 1
0 0 1 54373 14 0 550606 0 1
0 1 1 30478 14 0 514092 1 0
0 1 1 804 15 0 514896 1 0
0 0 1 20777 15 0 571383 1 0
0 1 0 65210 0 2 528641 0 1
0 0 0 21131 0 0 555684 1 0
0 0 0 39348 1 2 587769 0 1
0 1 0 24838 1 1 495853 1 0
0 1 0 14268 2 1 496987 1 0
0 0 0 16294 2 1 579859 1 0
0 1 0 13703 3 1 504785 1 0
0 0 0 10197 3 1 575889 1 0
0 0 0 36535 4 2 569667 0 1
0 1 0 30702 4 1 501125 1 0
0 1 0 3261 5 1 453452 1 0
0 0 0 9840 5 1 559034 1 0
0 1 0 31499 6 2 476799 0 1
0 0 0 31445 6 1 543734 1 0
0 1 0 8549 7 1 442454 1 0
0 0 0 60213 7 2 543775 0 1
0 1 0 22924 8 1 411419 1 0
0 0 0 25199 8 1 531382 1 0
0 0 0 20661 9 1 550461 1 0
0 1 0 46774 9 2 426105 0 1
0 0 0 8995 10 1 498726 1 0
0 1 0 6309 10 1 397994 1 0
0 1 0 19255 11 1 373498 1 0
0 0 0 53719 11 2 519295 0 1
0 0 0 44371 12 2 514571 0 1
0 1 0 17443 12 1 377836 1 0
0 1 0 48969 13 2 384986 0 1
0 0 0 13070 13 1 466168 1 0
0 0 0 3316 14 1 415111 1 0
0 1 0 36227 14 2 390735 0 1
0 1 0 47524 15 2 437455 0 1
0 0 0 39646 15 2 433980 0 1
0 1 0 31859 0 2 404104 0 1
0 0 0 13423 0 1 426272 1 0
0 1 0 43580 1 2 422846 0 1
0 0 0 57040 1 2 443964 0 1
0 0 0 14900 2 1 442570 1 0
0 1 0 432 2 1 409010 1 0
0 1 0 30586 3 2 425893 0 1
0 0 0 63367 3 2 495740 0 1
0 1 0 51302 4 2 446493 0 1
0 0 0 28004 4 1 487209 1 0
0 1 0 43254 5 2 486486 0 1
0 0 0 44008 5 2 521377 0 1
0 0 0 5271 6 1 495203 1 0
0 1 0 35620 6 2 490607 0 1
0 1 0 40062 7 2 522120 0 1
0 0 0 18960 7 1 453950 1 0
0 1 0 11689 8 1 510885 1 0
0 0 0 62049 8 2 490800 0 1
0 0 0 19379 9 1 489518 1 0
0 1 0 47692 9 2 511803 0 1
0 0 0 28207 10 1 508730 1 0
0 1 0 24699 10 1 530193 1 0
0 1 0 2001 11 1 512939 1 0
0 0 0 26431 11 1 481442 1 0
0 1 0 59368 12 2 554864 0 1
0 0 0 58655 12 2 495726 0 1
0 0 0 48919 13 2 531575 0 1
0 1 0 24798 13 1 530693 1 0
0 0 0 39457 14 2 567716 0 1
0 1 0 16960 14 1 511426 1 0
0 1 0 24633 15 1 488535 1 0
0 0 0 41170 15 2 569240 0 1
0 1 0 47904 0 2 504580 0 1
0 0 0 4316 0 1 560133 1 0
0 0 0 12927 1 1 516020 1 0
0 1 0 50581 1 2 511581 0 1
0 0 0 45150 2 2 546270 0 1
0 1 0 53808 2 2 564957 0 1
0 1 0 36449 3 2 570820 0 1
0 0 0 1293 3 1 484196 1 0
0 1 0 1397 4 1 520915 1 0
0 0 0 28938 4 1 485130 1 0
0 0 0 35522 5 2 476644 0 1
0 1 0 11176 5 1 488837 1 0
0 1 0 45218 6 2 498435 0 1
0 0 0 27490 6 1 498863 1 0
0 1 0 18901 7 1 477274 1 0
0 0 0 41649 7 2 521552 0 1
0 0 0 45491 8 2 504994 0 1
0 1 0 50205 8 2 515790 0 1
0 0 0 57740 9 2 543355 0 1
0 1 0 830 9 1 468928 1 0
0 0 0 37940 10 2 553088 0 1
0 1 0 30257 10 2 474486 0 1
0 0 0 27798 11 1 554455 1 0
0 1 0 20172 11 1 492657 1 0
0 1 0 26625 12 1 459914 1 0
0 0 0 11294 12 1 507094 1 0
0 0 0 61155 13 2 519330 0 1
0 1 0 63657 13 2 498773 0 1
0 1 0 44498 14 2 526311 0 1
0 0 0 36845 14 2 516718 0 1
0 0 0 60270 15 2 535818 0 1
0 1 0 37765 15 2 539443 0 1
0 1 0 28428 0 1 519967 1 0
0 0 0 515 0 1 532017 1 0
0 0 0 5418 1 1 524508 1 0
0 1 0 46355 1 2 515741 0 1
0 1 0 40395 2 2 502328 0 1
0 0 0 19273 2 1 498631 1 0
0 0 0 1523 3 1 498861 1 0
0 1 0 63335 3 2 529214 0 1
0 0 0 361 4 1 470284 1 0
0 1 0 36756 4 2 564573 0 1
0 0 0 15667 5 1 450429 1 0
0 1 0 23957 5 1 577354 1 0
0 0 0 3299 6 1 426238 1 0
0 1 0 23617 6 1 555753 1 0
0 1 0 61256 7 2 598108 0 1
0 0 0 45797 7 2 430386 0 1
0 0 0 23937 8 1 408832 1 0
0 1 0 51302 8 2 599205 0 1
0 0 0 31604 9 2 382696 0 1
0 1 0 36669 9 1 635044 1 0
0 1 0 57009 10 2 661796 0 1
0 0 0 35027 10 2 379783 0 1
0 0 0 11741 11 1 363726 1 0
0 1 0 31012 11 1 672636 1 0
0 1 0 13073 12 1 659084 1 0
0 0 0 15944 12 1 368376 1 0
0 1 0 14579 13 1 610006 1 0
0 0 0 64126 13 2 371347 0 1
0 0 0 34998 14 2 369500 0 1
0 1 0 34095 14 1 599603 1 0
0 0 0 63841 15 2 373071 0 1
0 1 0 12783 15 1 574621 1 0
0 0 0 22728 0 1 395284 1 0
0 1 0 57961 0 2 604154 0 1
0 1 0 6905 1 1 564704 1 0
0 0 0 17353 1 1 407219 1 0
0 0 0 65399 2 2 453345 0 1
0 1 0 6069 2 1 530378 1 0
0 0 0 49835 3 2 501657 0 1
0 1 0 50878 3 2 517921 0 1
0 1 0 36009 4 2 517174 0 1
0 0 0 39259 4 2 540555 0 1
0 1 0 25876 5 1 519093 1 0
0 0 0 17118 5 1 542006 1 0
0 1 0 33499 6 2 528975 0 1
0 0 0 41405 6 2 580112 0 1
0 0 0 33062 7 1 567377 1 0
0 1 0 1298 7 1 469017 1 0
0 0 0 6654 8 1 550094 1 0
0 1 0 10868 8 1 428583 1 0
0 0 0 91 9 1 518581 1 0
0 1 0 51940 9 2 443854 0 1
0 1 0 34067 10 2 420912 0 1
0 0 0 62914 10 2 546468 0 1
0 1 0 7559 11 1 397459 1 0
0 0 0 15103 11 1 549830 1 0
0 0 0 47085 12 2 580971 0 1
0 1 0 602 12 1 384988 1 0
0 1 0 7582 13 1 377991 1 0
0 0 0 28656 13 1 545501 1 0
0 1 0 64701 14 2 408597 0 1
0 0 0 44387 14 2 554890 0 1
0 0 0 46944 15 2 537993 0 1
0 1 0 31736 15 2 427550 0 1
0 1 0 47218 0 2 416807 0 1
0 0 0 32000 0 1 547265 1 0
0 0 0 22752 1 1 552664 1 0
0 1 0 55875 1 2 465777 0 1
0 0 0 48803 2 2 536068 0 1
0 1 0 6680 2 1 466388 1 0
0 1 0 42260 3 2 457770 0 1
0 0 0 36679 3 2 522912 0 1
0 1 0 11825 4 1 433586 1 0
0 0 0 2046 4 1 485699 1 0
0 1 0 45808 5 2 453518 0 1
0 0 0 43225 5 2 511806 0 1
0 0 0 5523 6 1 475924 1 0
0 1 0 61375 6 2 481394 0 1
0 1 0 29825 7 1 509921 1 0
0 0 0 47257 7 2 490119 0 1
0 1 0 7552 8 1 506605 1 0
0 0 0 8141 8 1 491606 1 0
0 0 0 43199 9 2 534714 0 1
0 1 0 3256 9 1 457921 1 0
0 0 0 19404 10 1 491204 1 0
0 1 0 40829 10 2 464683 0 1
0 1 0 43822 11 2 500946 0 1
0 0 0 13878 11 1 489979 1 0
0 0 0 34969 12 2 477863 0 1
0 1 0 11671 12 1 512015 1 0
0 0 0 54542 13 2 503749 0 1
0 1 0 48598 13 2 553031 0 1
0 1 0 44846 14 2 533176 0 1
0 0 0 54570 14 2 513932 0 1
0 1 0 50907 15 2 552347 0 1
0 0 0 62326 15 2 529314 0 1
0 0 0 49824 0 2 547138 0 1
0 1 0 33007 0 1 538136 1 0
0 0 0 58318 1 2 582704 0 1
0 1 0 32763 1 2 515024 0 1
0 0 0 63168 2 2 597069 0 1
0 1 0 52470 2 2 560814 0 1
0 1 0 59048 3 2 577602 0 1
0 0 0 29751 3 1 590141 1 0
0 0 0 34767 4 1 622862 1 0
0 1 0 2484 4 1 568261 1 0
0 1 0 29705 5 1 552158 1 0
0 0 0 4328 5 1 583965 1 0
0 1 0 61337 6 2 552120 0 1
0 0 0 40068 6 2 618510 0 1
0 1 0 55017 7 2 577312 0 1
0 0 0 57217 7 2 628470 0 1
0 0 0 23554 8 1 643883 1 0
0 1 0 2746 8 1 572506 1 0
0 0 0 20388 9 1 621072 1 0
0 1 0 55318 9 2 624568 0 1
0 0 0 26649 10 1 628317 1 0
0 1 0 41144 10 2 624883 0 1
0 0 0 45976 11 2 660415 0 1
0 1 0 49452 11 2 630513 0 1
0 0 0 4049 12 1 629495 1 0
0 1 0 19216 12 1 638058 1 0
0 1 0 36516 13 1 625976 1 0
0 0 0 15439 13 1 590392 1 0
0 1 0 9379 14 1 590509 1 0
0 0 0 54750 14 2 590572 0 1
0 0 0 7060 15 1 535306 1 0
0 1 0 1432 15 1 541034 1 0
0 1 0 43027 0 2 551054 0 1
0 0 0 49712 0 2 535194 0 1
0 0 0 23001 1 1 499877 1 0
0 1 0 64867 1 2 583158 0 1
0 0 0 47323 2 2 484032 0 1
0 1 0 47581 2 2 578269 0 1
0 0 0 61538 3 2 515819 0 1
0 1 0 64423 3 2 583644 0 1
0 0 0 62608 4 2 543660 0 1
0 1 0 13631 4 1 594791 1 0
0 0 0 33718 5 1 573050 1 0
0 1 0 13920 5 1 579006 1 0
0 0 0 26969 6 1 559951 1 0
0 1 0 12454 6 1 530123 1 0
0 1 0 53678 7 2 528784 0 1
0 0 0 59820 7 2 562554 0 1
0 1 0 31800 8 1 557838 1 0
0 0 0 50457 8 2 589457 0 1
0 1 0 35288 9 2 537808 0 1
0 0 0 56783 9 2 625852 0 1
0 1 0 7765 10 1 504429 1 0
0 0 0 7959 10 1 607162 1 0
0 1 0 55321 11 2 510298 0 1
0 0 0 49025 11 2 610211 0 1
0 1 0 4502 12 1 495584 1 0
0 0 0 4896 12 1 611058 1 0
0 1 0 33672 13 2 492740 0 1
0 0 0 22185 13 1 617804 1 0
0 0 0 9669 14 1 572723 1 0
0 1 0 15543 14 1 498904 1 0
0 1 0 15648 15 1 513120 1 0
0 0 0 17914 15 1 583577 1 0
0 1 0 64345 0 2 534438 0 1
0 0 0 62092 0 2 595957 0 1
0 1 0 1857 1 1 471428 1 0
0 0 0 687 1 1 573643 1 0
0 0 0 46930 2 2 573250 0 1
0 1 0 57126 2 2 480973 0 1
0 1 0 60922 3 2 477472 0 1
0 0 0 4752 3 1 516464 1 0
0 0 0 45046 4 2 498902 0 1
0 1 0 48315 4 2 512156 0 1
0 0 0 47754 5 2 512938 0 1
0 1 0 27298 5 1 525534 1 0
0 1 0 28148 6 1 541228 1 0
0 0 0 21831 6 1 507800 1 0
0 0 0 38489 7 2 486469 0 1
0 1 0 45869 7 2 533419 0 1
0 0 0 35886 8 2 471898 0 1
0 1 0 43998 8 2 545617 0 1
0 1 0 34495 9 2 544824 0 1
0 0 0 26654 9 1 441769 1 0
0 0 0 4174 10 1 437984 1 0
0 1 0 30662 10 1 567721 1 0
0 0 0 25014 11 1 413973 1 0
0 1 0 24517 11 1 536917 1 0
0 1 0 21900 12 1 554315 1 0
0 0 0 44847 12 2 453924 0 1
0 1 0 3284 13 1 523927 1 0
0 0 0 60643 13 2 492382 0 1
0 1 0 28470 14 1 536854 1 0
0 0 0 26113 14 1 508826 1 0
0 0 0 23869 15 1 514781 1 0
0 1 0 62043 15 2 583249 0 1
0 0 0 64691 0 2 517380 0 1
0 1 0 806 0 1 519710 1 0
0 0 0 2794 1 1 519487 1 0
0 1 0 54604 1 2 572457 0 1
0 1 0 13973 2 1 529304 1 0
0 0 0 47373 2 2 519930 0 1
0 0 0 20546 3 1 535724 1 0
0 1 0 62726 3 2 531108 0 1
0 0 0 23275 4 1 513953 1 0
0 1 0 50519 4 2 533312 0 1
0 0 0 38073 5 2 504272 0 1
0 1 0 43946 5 2 549960 0 1
0 1 0 3840 6 1 525652 1 0
0 0 0 9778 6 1 492219 1 0
0 1 0 40762 7 2 520545 0 1
0 0 0 31959 7 2 485689 0 1
0 0 0 12095 8 1 461898 1 0
0 1 0 18023 8 1 494570 1 0
0 1 0 50575 9 2 510650 0 1
0 0 0 4143 9 1 439387 1 0
0 1 0 17051 10 1 497039 1 0
0 0 0 42110 10 2 477323 0 1
0 1 0 53411 11 2 525933 0 1
0 0 0 2781 11 1 455090 1 0
0 1 0 5704 12 1 509737 1 0
0 0 0 31583 12 2 441826 0 1
0 0 0 39083 13 2 420266 0 1
0 1 0 28359 13 1 534812 1 0
0 0 0 2390 14 1 396543 1 0
0 1 0 59392 14 2 565734 0 1
0 1 0 34874 15 2 538565 0 1
0 0 0 19493 15 1 392167 1 0
0 1 0 27981 0 1 565740 1 0
0 0 0 64274 0 2 391750 0 1
0 1 0 13856 1 1 524992 1 0
0 0 0 21750 1 1 410706 1 0
0 1 0 31919 2 1 542938 1 0
0 0 0 42410 2 2 405743 0 1
0 0 0 31983 3 2 417180 0 1
0 1 0 65152 3 2 545364 0 1
0 1 0 48379 4 2 543224 0 1
0 0 0 24544 4 1 418449 1 0
0 0 0 16592 5 1 396968 1 0
0 1 0 18159 5 1 517437 1 0
0 0 0 34697 6 2 421887 0 1
0 1 0 4936 6 1 518533 1 0
0 1 0 27321 7 1 505092 1 0
0 0 0 54274 7 2 444202 0 1
0 0 0 29507 8 2 461614 0 1
0 1 0 29557 8 1 516626 1 0
0 0 0 2980 9 1 460451 1 0
0 1 0 40838 9 2 506889 0 1
0 0 0 12019 10 1 430360 1 0
0 1 0 38094 10 2 527932 0 1
0 1 0 5353 11 1 479874 1 0
0 0 0 14885 11 1 442464 1 0
0 0 0 50453 12 2 461334 0 1
0 1 0 34509 12 2 508679 0 1
0 0 0 24985 13 1 447236 1 0
0 1 0 42666 13 2 522986 0 1
0 0 0 4260 14 1 449106 1 0
0 1 0 56544 14 2 520138 0 1
0 1 0 24102 15 1 509366 1 0
0 0 0 39258 15 2 468871 0 1
0 1 0 46094 0 2 527479 0 1
0 0 0 37598 0 2 442195 0 1
0 0 0 14406 1 1 434851 1 0
0 1 0 19993 1 1 533616 1 0
0 1 0 32153 2 1 533850 1 0
0 0 0 64422 2 2 456863 0 1
0 0 0 16079 3 1 440959 1 0
0 1 0 9907 3 1 478605 1 0
0 0 0 33558 4 2 449973 0 1
0 1 0 18306 4 1 448532 1 0
0 0 0 36333 5 2 469714 0 1
0 1 0 29960 5 2 460333 0 1
0 1 0 20352 6 1 475749 1 0
0 0 0 39832 6 2 474849 0 1
0 0 0 14708 7 1 435283 1 0
0 1 0 41849 7 2 490277 0 1
0 1 0 55995 8 2 516715 0 1
0 0 0 64347 8 2 470123 0 1
0 1 0 2429 9 1 478306 1 0
0 0 0 54968 9 2 522111 0 1
0 1 0 25275 10 1 465487 1 0
0 0 0 28440 10 1 538532 1 0
0 0 0 7486 11 1 531133 1 0
0 1 0 1113 11 1 461247 1 0
0 1 0 29993 12 2 456731 0 1
0 0 0 7972 12 1 488652 1 0
0 1 0 9615 13 1 423680 1 0
0 0 0 62127 13 2 525794 0 1
0 1 0 29866 14 2 397002 0 1
0 0 0 16740 14 1 538274 1 0
0 1 0 7144 15 1 380044 1 0
0 0 0 7481 15 1 506497 1 0
0 0 0 24552 0 1 493451 1 0
0 1 0 32046 0 2 365996 0 1
0 1 0 55878 1 2 401881 0 1
0 0 0 8125 1 1 487170 1 0
0 1 0 57107 2 2 426835 0 1
0 0 0 53446 2 2 476194 0 1
0 0 0 58991 3 2 519106 0 1
0 1 0 61085 3 2 478013 0 1
0 1 0 45478 4 2 505185 0 1
0 0 0 18220 4 1 503768 1 0
0 0 0 54361 5 2 521796 0 1
0 1 0 51333 5 2 526558 0 1
0 0 0 2627 6 1 484591 1 0
0 1 0 25174 6 1 531380 1 0
0 0 0 5882 7 1 475765 1 0
0 1 0 62746 7 2 552277 0 1
0 0 0 48908 8 2 460326 0 1
0 1 0 56540 8 2 552822 0 1
0 1 0 16823 9 1 567216 1 0
0 0 0 29049 9 2 434407 0 1
0 0 0 36286 10 2 442253 0 1
0 1 0 39264 10 2 581205 0 1
0 0 0 48480 11 2 483247 0 1
0 1 0 46498 11 2 626590 0 1
0 0 0 26214 12 1 501489 1 0
0 1 0 2151 12 1 598748 1 0
0 1 0 18699 13 1 607832 1 0
0 0 0 50870 13 2 490232 0 1
0 0 0 40950 14 2 514442 0 1
0 1 0 35462 14 1 613428 1 0
0 0 0 7933 15 1 514894 1 0
0 1 0 4163 15 1 610447 1 0
0 0 0 57558 0 2 547900 0 1
0 1 0 12092 0 1 590493 1 0
0 0 0 50310 1 2 590085 0 1
0 1 0 48370 1 2 582985 0 1
0 0 0 21770 2 1 558409 1 0
0 1 0 35683 2 2 561561 0 1
0 0 0 52449 3 2 551867 0 1
0 1 0 55182 3 2 555658 0 1
0 1 0 23967 4 1 534147 1 0
0 0 0 20720 4 1 554367 1 0
0 1 0 33191 5 2 516005 0 1
0 0 0 31938 5 1 531944 1 0
0 1 0 31048 6 1 521879 1 0
0 0 0 56366 6 2 585683 0 1
0 1 0 47004 7 2 506137 0 1
0 0 0 34252 7 1 614053 1 0
0 0 0 19572 8 1 584717 1 0
0 1 0 7680 8 1 457277 1 0
0 0 0 14005 9 1 569673 1 0
0 1 0 41023 9 2 481477 0 1
0 1 0 61325 10 2 503538 0 1
0 0 0 51922 10 2 585309 0 1
0 1 0 32890 11 2 489930 0 1
0 0 0 57247 11 2 594076 0 1
0 1 0 59307 12 2 547086 0 1
0 0 0 15525 12 1 583387 1 0
0 0 0 56695 13 2 589212 0 1
0 1 0 52879 13 2 581266 0 1
0 0 0 53587 14 2 601849 0 1
0 1 0 1707 14 1 547511 1 0
0 1 0 44525 15 2 587873 0 1
0 0 0 25599 15 1 619515 1 0
0 0 0 2517 0 1 564474 1 0
0 1 0 10412 0 1 586193 1 0
0 0 0 37437 1 2 551601 0 1
0 1 0 19612 1 1 557435 1 0
0 1 0 6324 2 1 528076 1 0
0 0 0 6106 2 1 535937 1 0
0 0 0 11847 3 1 495335 1 0
0 1 0 64637 3 2 537531 0 1
0 0 0 15197 4 1 489812 1 0
0 1 0 58565 4 2 572129 0 1
0 1 0 18637 5 1 557575 1 0
0 0 0 4098 5 1 461972 1 0
0 0 0 58996 6 2 464602 0 1
0 1 0 62697 6 2 589224 0 1
0 0 0 16671 7 1 447021 1 0
0 1 0 13935 7 1 556155 1 0
0 1 0 5606 8 1 554081 1 0
0 0 0 41444 8 2 468893 0 1
0 1 0 65048 9 2 578106 0 1
0 0 0 1040 9 1 455928 1 0
0 0 0 51568 10 2 455574 0 1
0 1 0 16219 10 1 533000 1 0
0 1 0 3240 11 1 503350 1 0
0 0 0 36419 11 2 434746 0 1
0 1 0 21515 12 1 465558 1 0
0 0 0 39762 12 2 458983 0 1
0 1 0 59113 13 2 471792 0 1
0 0 0 2163 13 1 404451 1 0
0 0 0 32268 14 2 383132 0 1
0 1 0 16607 14 1 486692 1 0
0 0 0 48367 15 2 405900 0 1
0 1 0 2149 15 1 444316 1 0
0 1 0 41457 0 2 475361 0 1
0 0 0 30395 0 2 433778 0 1
1 0 1 10127 0 0 10127 0 1
0 1 1 36171 0 0 36171 0 1
0 0 1 22226 1 0 32353 0 1
0 1 1 19123 1 0 55294 0 1
0 1 1 19044 2 0 74338 0 1
0 0 1 46747 2 0 79100 0 1
0 1 1 40003 3 0 114341 0 1
0 0 1 58724 3 0 137824 0 1
0 0 1 41680 4 0 179504 0 1
0 1 1 41961 4 0 156302 0 1
0 0 1 38819 5 0 218323 0 1
0 1 1 10080 5 0 166382 1 0
0 1 1 18341 6 0 184723 0 1
0 0 1 60478 6 0 278801 0 1
0 1 1 58514 7 0 243237 0 1
0 0 1 26657 7 0 305458 0 1
0 0 1 55407 8 0 360865 0 1
0 1 1 49289 8 0 292526 0 1
0 0 1 37976 9 0 398841 0 1
0 1 1 33369 9 0 325895 0 1
0 0 1 24208 10 0 423049 1 0
0 1 1 57960 10 0 383855 0 1
0 1 1 46232 11 0 430087 0 1
0 0 1 43900 11 0 466949 0 1
0 1 1 26150 12 0 456237 1 0
0 0 1 21347 12 0 488296 1 0
0 0 1 52210 13 0 540506 0 1
0 1 1 10794 13 0 467031 1 0
0 0 1 40021 14 0 580527 0 1
0 1 1 22100 14 0 489131 1 0
0 1 1 44150 15 0 533281 0 1
0 0 1 20229 15 0 600756 1 0
0 1 0 54942 0 0 552052 0 1
0 0 0 47535 0 2 638164 0 1
0 1 0 4771 1 1 537700 1 0
0 0 0 3623 1 1 619561 1 0
0 1 0 33119 2 1 551775 1 0
0 0 0 32285 2 1 605099 1 0
0 1 0 45164 3 2 556936 0 1
0 0 0 29853 3 1 576228 1 0
0 0 0 47393 4 2 581941 0 1
0 1 0 51342 4 2 566317 0 1
0 0 0 40125 5 2 583247 0 1
0 1 0 39107 5 2 595344 0 1
0 0 0 22913 6 1 545682 1 0
0 1 0 12294 6 1 589297 1 0
0 0 0 1073 7 1 520098 1 0
0 1 0 11 7 1 530794 1 0
0 1 0 334 8 1 481839 1 0
0 0 0 65188 8 2 529879 0 1
0 1 0 44220 9 2 492690 0 1
0 0 0 18380 9 1 510283 1 0
0 0 0 15939 10 1 502014 1 0
0 1 0 29302 10 2 464032 0 1
0 1 0 15792 11 1 433592 1 0
0 0 0 5329 11 1 463443 1 0
0 0 0 53527 12 2 495623 0 1
0 1 0 44299 12 2 451741 0 1
0 1 0 26711 13 1 467658 1 0
0 0 0 1155 13 1 444568 1 0
0 0 0 53068 14 2 457615 0 1
0 1 0 2579 14 1 448137 1 0
0 0 0 19604 15 1 456990 1 0
0 1 0 45562 15 2 449549 0 1
0 0 0 63117 0 2 472572 0 1
0 1 0 24329 0 1 418936 1 0
0 0 0 43027 1 2 511976 0 1
0 1 0 37725 1 2 451890 0 1
0 0 0 10262 2 1 489953 1 0
0 1 0 33352 2 2 452123 0 1
0 0 0 57185 3 2 517285 0 1
0 1 0 1064 3 1 408023 1 0
0 1 0 28635 4 2 385316 0 1
0 0 0 9786 4 1 479678 1 0
0 1 0 61979 5 2 408188 0 1
0 0 0 35788 5 2 475341 0 1
0 1 0 21109 6 1 417003 1 0
0 0 0 55826 6 2 508254 0 1
0 0 0 1279 7 1 508460 1 0
0 1 0 3426 7 1 420418 1 0
0 0 0 41694 8 2 484966 0 1
0 1 0 4075 8 1 424159 1 0
0 1 0 48660 9 2 428599 0 1
0 0 0 18102 9 1 484688 1 0
0 1 0 31472 10 2 430769 0 1
0 0 0 19366 10 1 488115 1 0
0 0 0 33939 11 2 516725 0 1
0 1 0 19423 11 1 434400 1 0
0 0 0 18322 12 1 481520 1 0
0 1 0 38264 12 2 428365 0 1
0 0 0 48114 13 2 528479 0 1
0 1 0 10239 13 1 411893 1 0
0 0 0 14770 14 1 490181 1 0
0 1 0 60614 14 2 469928 0 1
0 1 0 22681 15 1 447047 1 0
0 0 0 61292 15 2 531869 0 1
0 1 0 28598 0 2 451316 0 1
0 0 0 48436 0 2 517188 0 1
0 0 0 7107 1 1 481268 1 0
0 1 0 39223 1 2 452814 0 1
0 0 0 19371 2 1 490377 1 0
0 1 0 20702 2 1 440164 1 0
0 1 0 12532 3 1 451632 1 0
0 0 0 40055 3 2 473247 0 1
0 0 0 27095 4 1 490556 1 0
0 1 0 16378 4 1 439375 1 0
0 1 0 23780 5 1 401176 1 0
0 0 0 22747 5 1 477515 1 0
0 0 0 24763 6 1 446452 1 0
0 1 0 5634 6 1 385701 1 0
0 1 0 37043 7 2 419318 0 1
0 0 0 37160 7 2 482333 0 1
0 0 0 62115 8 2 502754 0 1
0 1 0 17673 8 1 432916 1 0
0 1 0 36327 9 2 420583 0 1
0 0 0 28580 9 1 513232 1 0
0 0 0 2667 10 1 496533 1 0
0 1 0 61118 10 2 450229 0 1
0 0 0 37897 11 2 500491 0 1
0 1 0 18415 11 1 449221 1 0
0 0 0 11821 12 1 493990 1 0
0 1 0 59938 12 2 470895 0 1
0 1 0 23582 13 1 484238 1 0
0 0 0 21242 13 1 467118 1 0
0 1 0 12868 14 1 436492 1 0
0 0 0 19452 14 1 471800 1 0
0 1 0 38569 15 2 452380 0 1
0 0 0 32932 15 2 443440 0 1
0 0 0 56150 0 2 451154 0 1
0 1 0 58753 0 2 482535 0 1
0 0 0 23350 1 1 467397 1 0
0 1 0 46256 1 2 489568 0 1
0 1 0 36494 2 2 505360 0 1
0 0 0 14440 2 1 462466 1 0
0 0 0 32271 3 2 454682 0 1
0 1 0 51685 3 2 544513 0 1
0 1 0 59987 4 2 588122 0 1
0 0 0 2206 4 1 429793 1 0
0 0 0 4235 5 1 411281 1 0
0 1 0 11912 5 1 576254 1 0
0 0 0 47821 6 2 434339 0 1
0 1 0 43938 6 2 614558 0 1
0 0 0 46254 7 2 443433 0 1
0 1 0 38109 7 1 615624 1 0
0 0 0 44322 8 2 425640 0 1
0 1 0 39536 8 1 637487 1 0
0 1 0 57770 9 2 658930 0 1
0 0 0 51709 9 2 448769 0 1
0 0 0 28246 10 1 474348 1 0
0 1 0 34331 10 1 632143 1 0
0 0 0 51906 11 2 488357 0 1
0 1 0 40779 11 1 654507 1 0
0 0 0 16891 12 1 493427 1 0
0 1 0 24072 12 1 618641 1 0
0 1 0 37403 13 1 632462 1 0
0 0 0 19967 13 1 492152 1 0
0 1 0 46913 14 2 666507 0 1
0 0 0 59852 14 2 532552 0 1
0 1 0 47702 15 2 675640 0 1
0 0 0 49187 15 2 548807 0 1
0 0 0 56924 0 2 549581 0 1
0 1 0 466 0 1 617353 1 0
0 1 0 54140 1 2 625237 0 1
0 0 0 3490 1 1 529721 1 0
0 1 0 64426 2 2 653169 0 1
0 0 0 20501 2 1 535782 1 0
0 0 0 51861 3 2 555372 0 1
0 1 0 37488 3 1 638972 1 0
0 1 0 12855 4 1 591840 1 0
0 0 0 52257 4 2 605423 0 1
0 0 0 145 5 1 601333 1 0
0 1 0 9580 5 1 589508 1 0
0 0 0 56515 6 2 610027 0 1
0 1 0 15312 6 1 560882 1 0
0 0 0 45996 7 2 609769 0 1
0 1 0 25393 7 1 548166 1 0
0 0 0 28493 8 1 593940 1 0
0 1 0 61674 8 2 570304 0 1
0 0 0 44194 9 2 586425 0 1
0 1 0 50852 9 2 563386 0 1
0 0 0 5042 10 1 563221 1 0
0 1 0 36129 10 2 565184 0 1
0 0 0 24563 11 1 535878 1 0
0 1 0 47291 11 2 571696 0 1
0 1 0 46845 12 2 594469 0 1
0 0 0 31048 12 1 550035 1 0
0 1 0 58851 13 2 615917 0 1
0 0 0 35527 13 2 565595 0 1
0 0 0 51472 14 2 557215 0 1
0 1 0 27795 14 1 596799 1 0
0 1 0 60918 15 2 610015 0 1
0 0 0 55091 15 2 563119 0 1
0 1 0 62226 0 2 671775 0 1
0 0 0 6261 0 1 512456 1 0
0 1 0 20183 1 1 637818 1 0
0 0 0 23162 1 1 532128 1 0
0 0 0 19915 2 1 531542 1 0
0 1 0 41232 2 2 614624 0 1
0 0 0 18048 3 1 497729 1 0
0 1 0 6109 3 1 583245 1 0
0 1 0 13079 4 1 583469 1 0
0 0 0 29749 4 2 475221 0 1
0 1 0 14736 5 1 588625 1 0
0 0 0 17806 5 1 492882 1 0
0 0 0 41972 6 2 478339 0 1
0 1 0 33219 6 1 606532 1 0
0 0 0 5778 7 1 438121 1 0
0 1 0 22737 7 1 603876 1 0
0 1 0 18916 8 1 561118 1 0
0 0 0 17458 8 1 427086 1 0
0 0 0 13311 9 1 396203 1 0
0 1 0 7990 9 1 518256 1 0
0 1 0 58210 10 2 540337 0 1
0 0 0 5587 10 1 396748 1 0
0 0 0 23592 11 1 395777 1 0
0 1 0 23651 11 1 516697 1 0
0 0 0 21600 12 1 386329 1 0
0 1 0 58239 12 2 528091 0 1
0 1 0 23156 13 1 492396 1 0
0 0 0 60298 13 2 411100 0 1
0 1 0 5372 14 1 469973 1 0
0 0 0 17790 14 1 377418 1 0
0 0 0 50094 15 2 372421 0 1
0 1 0 15542 15 1 424597 1 0
0 0 0 12836 0 1 378996 1 0
0 1 0 34111 0 2 396482 0 1
0 1 0 14985 1 1 391284 1 0
0 0 0 58349 1 2 414183 0 1
0 0 0 28468 2 2 422736 0 1
0 1 0 36682 2 2 386734 0 1
0 0 0 41267 3 2 445955 0 1
0 1 0 32714 3 2 413339 0 1
0 0 0 57288 4 2 473494 0 1
0 1 0 18625 4 1 418885 1 0
0 1 0 39397 5 2 443546 0 1
0 0 0 49597 5 2 505285 0 1
0 0 0 28395 6 1 491708 1 0
0 1 0 47217 6 2 457544 0 1
0 1 0 59827 7 2 494634 0 1
0 0 0 44746 7 2 530676 0 1
0 0 0 26615 8 1 539833 1 0
0 1 0 3454 8 1 479172 1 0
0 0 0 31522 9 1 558044 1 0
0 1 0 64899 9 2 536081 0 1
0 1 0 42085 10 2 519956 0 1
0 0 0 61267 10 2 613724 0 1
0 1 0 51176 11 2 547481 0 1
0 0 0 38033 11 1 628165 1 0
0 0 0 1835 12 1 608400 1 0
0 1 0 64604 12 2 553846 0 1
0 0 0 12308 13 1 560410 1 0
0 1 0 61677 13 2 592367 0 1
0 0 0 9722 14 1 552342 1 0
0 1 0 1476 14 1 588471 1 0
0 1 0 324 15 1 573253 1 0
0 0 0 7942 15 1 510190 1 0
0 0 0 43241 0 2 540595 0 1
0 1 0 61695 0 2 600837 0 1
0 0 0 48981 1 2 531227 0 1
0 1 0 52599 1 2 638451 0 1
0 0 0 58752 2 2 561511 0 1
0 1 0 16727 2 1 618496 1 0
0 0 0 8264 3 1 528508 1 0
0 1 0 34807 3 1 620589 1 0
0 0 0 37350 4 2 508570 0 1
0 1 0 54390 4 2 656354 0 1
0 1 0 63753 5 2 680710 0 1
0 0 0 30640 5 2 489613 0 1
0 0 0 65322 6 2 526540 0 1
0 1 0 45091 6 2 678584 0 1
0 0 0 59949 7 2 541743 0 1
0 1 0 48043 7 2 666800 0 1
0 1 0 30610 8 1 693956 1 0
0 0 0 59887 8 2 575015 0 1
0 1 0 17739 9 1 646796 1 0
0 0 0 21809 9 1 565302 1 0
0 1 0 34327 10 1 639038 1 0
0 0 0 10163 10 1 514198 1 0
0 0 0 58295 11 2 534460 0 1
0 1 0 15461 11 1 603323 1 0
0 0 0 13351 12 1 545976 1 0
0 1 0 15059 12 1 553778 1 0
0 0 0 47580 13 2 581248 0 1
0 1 0 1592 13 1 493693 1 0
0 1 0 53502 14 2 545719 0 1
0 0 0 50469 14 2 621995 0 1
0 0 0 47514 15 2 661567 0 1
0 1 0 17056 15 1 562451 1 0
0 1 0 11699 0 1 512455 1 0
0 0 0 51234 0 2 669560 0 1
0 1 0 31084 1 2 490940 0 1
0 0 0 26836 1 1 647415 1 0
0 1 0 44597 2 2 518810 0 1
0 0 0 47331 2 2 635994 0 1
0 0 0 57891 3 2 685621 0 1
0 1 0 37170 3 2 521173 0 1
0 0 0 28189 4 1 676460 1 0
0 1 0 5431 4 1 472214 1 0
0 1 0 34492 5 2 442953 0 1
0 0 0 22796 5 1 668616 1 0
0 0 0 51439 6 2 654733 0 1
0 1 0 23712 6 1 421574 1 0
0 0 0 35092 7 1 629876 1 0
0 1 0 57470 7 2 431001 0 1
0 1 0 22069 8 1 422460 1 0
0 0 0 4465 8 1 574454 1 0
0 1 0 12782 9 1 417503 1 0
0 0 0 38179 9 2 590824 0 1
0 0 0 39746 10 2 620407 0 1
0 1 0 49019 10 2 432195 0 1
0 0 0 8776 11 1 570888 1 0
0 1 0 35506 11 2 452240 0 1
0 1 0 1072 12 1 438253 1 0
0 0 0 38368 12 2 595905 0 1
0 0 0 38862 13 2 587187 0 1
0 1 0 56860 13 2 493521 0 1
0 1 0 8248 14 1 448267 1 0
0 0 0 48411 14 2 585129 0 1
0 1 0 49743 15 2 480954 0 1
0 0 0 17288 15 1 554903 1 0
0 0 0 10799 0 1 514468 1 0
0 1 0 14221 0 1 483476 1 0
0 1 0 48974 1 2 501366 0 1
0 0 0 41607 1 2 529239 0 1
0 1 0 43372 2 2 500141 0 1
0 0 0 35360 2 2 517268 0 1
0 1 0 54857 3 2 517828 0 1
0 0 0 27389 3 1 486766 1 0
0 1 0 57713 4 2 570110 0 1
0 0 0 55045 4 2 513622 0 1
0 1 0 31064 5 1 566682 1 0
0 0 0 22901 5 1 513727 1 0
0 1 0 57890 6 2 600860 0 1
0 0 0 47441 6 2 509729 0 1
0 0 0 25253 7 1 499890 1 0
0 1 0 18415 7 1 561805 1 0
0 0 0 36091 8 2 531516 0 1
0 1 0 1639 8 1 541375 1 0
0 0 0 14911 9 1 508248 1 0
0 1 0 41387 9 2 569980 0 1
0 1 0 55059 10 2 576020 0 1
0 0 0 42494 10 2 510996 0 1
0 1 0 32985 11 1 573499 1 0
0 0 0 48020 11 2 550240 0 1
0 0 0 43754 12 2 555626 0 1
0 1 0 46154 12 2 618581 0 1
0 1 0 48977 13 2 610698 0 1
0 0 0 33375 13 1 550139 1 0
0 0 0 52693 14 2 554421 0 1
0 1 0 44246 14 2 646696 0 1
0 0 0 35518 15 1 572651 1 0
0 1 0 9282 15 1 606235 1 0
0 1 0 27797 0 1 619811 1 0
0 0 0 12425 0 1 574277 1 0
0 1 0 34951 1 1 605788 1 0
0 0 0 38242 1 2 570912 0 1
0 1 0 7480 2 1 569896 1 0
0 0 0 8425 2 1 543977 1 0
0 1 0 31435 3 1 546474 1 0
0 0 0 11053 3 1 527641 1 0
0 1 0 3140 4 1 491901 1 0
0 0 0 22290 4 1 494886 1 0
0 0 0 35704 5 2 507689 0 1
0 1 0 30820 5 2 491657 0 1
0 0 0 53870 6 2 514118 0 1
0 1 0 40651 6 2 474418 0 1
0 1 0 27646 7 1 483649 1 0
0 0 0 57391 7 2 546256 0 1
0 0 0 24864 8 1 535029 1 0
0 1 0 21596 8 1 503606 1 0
0 1 0 5322 9 1 467541 1 0
0 0 0 12478 9 1 532596 1 0
0 0 0 29221 10 1 519323 1 0
0 1 0 16932 10 1 429414 1 0
0 1 0 2966 11 1 399395 1 0
0 0 0 40252 11 2 511555 0 1
0 1 0 34673 12 2 387914 0 1
0 0 0 44296 12 2 512097 0 1
0 1 0 22402 13 1 361339 1 0
0 0 0 26522 13 1 505244 1 0
0 1 0 27746 14 2 344839 0 1
0 0 0 32052 14 2 484603 0 1
0 1 0 33749 15 2 369306 0 1
0 0 0 48681 15 2 497766 0 1
0 0 0 36355 0 2 521696 0 1
0 1 0 60092 0 2 401601 0 1
0 0 0 34762 1 2 518216 0 1
0 1 0 16326 1 1 382976 1 0
0 1 0 27988 2 2 403484 0 1
0 0 0 17943 2 1 527734 1 0
0 0 0 39596 3 2 556277 0 1
0 1 0 41500 3 2 413549 0 1
0 0 0 55702 4 2 589689 0 1
0 1 0 59582 4 2 469991 0 1
0 1 0 5509 5 1 444680 1 0
0 0 0 24797 5 1 578782 1 0
0 0 0 22996 6 1 547908 1 0
0 1 0 8327 6 1 412356 1 0
0 1 0 27357 7 2 412067 0 1
0 0 0 45235 7 2 535752 0 1
0 1 0 27811 8 2 418282 0 1
0 0 0 61874 8 2 572762 0 1
0 0 0 13335 9 1 573619 1 0
0 1 0 2776 9 1 415736 1 0
0 0 0 15665 10 1 560063 1 0
0 1 0 23197 10 1 422001 1 0
0 1 0 7126 11 1 426161 1 0
0 0 0 49272 11 2 569083 0 1
0 0 0 25625 12 1 550412 1 0
0 1 0 43194 12 2 434682 0 1
0 0 0 133 13 1 524023 1 0
0 1 0 56875 13 2 469155 0 1
0 0 0 42966 14 2 534937 0 1
0 1 0 25952 14 1 467361 1 0
0 1 0 3427 15 1 437039 1 0
0 0 0 765 15 1 487021 1 0
0 1 0 3225 0 1 380172 1 0
0 0 0 5862 0 1 456528 1 0
0 0 0 11287 1 1 433053 1 0
0 1 0 11917 1 1 375763 1 0
0 0 0 53898 2 2 469008 0 1
0 1 0 60555 2 2 408330 0 1
0 0 0 24398 3 1 453810 1 0
0 1 0 6953 3 1 373783 1 0
0 0 0 25196 4 1 423304 1 0
0 1 0 37860 4 2 352061 0 1
0 1 0 40676 5 2 387228 0 1
0 0 0 60550 5 2 459057 0 1
0 0 0 17595 6 1 453656 1 0
0 1 0 13298 6 1 392199 1 0
0 0 0 21746 7 1 430167 1 0
0 1 0 7259 7 1 372101 1 0
0 0 0 8760 8 1 377053 1 0
0 1 0 44667 8 2 388957 0 1
0 0 0 52595 9 2 416313 0 1
0 1 0 13719 9 1 399900 1 0
0 1 0 21652 10 1 398355 1 0
0 0 0 59826 10 2 460474 0 1
0 1 0 57928 11 2 449157 0 1
0 0 0 3486 11 1 414688 1 0
0 0 0 50833 12 2 439896 0 1
0 1 0 35776 12 2 441739 0 1
0 1 0 20270 13 1 405134 1 0
0 0 0 7743 13 1 447506 1 0
0 0 0 41178 14 2 445718 0 1
0 1 0 40823 14 2 420005 0 1
0 1 0 36234 15 2 452812 0 1
0 0 0 18711 15 1 463664 1 0
0 1 0 25718 0 1 475305 1 0
0 0 0 30423 0 1 488225 1 0
0 1 0 25383 1 1 488771 1 0
0 0 0 3519 1 1 480457 1 0
0 0 0 51802 2 2 478361 0 1
0 1 0 54889 2 2 483105 0 1
0 0 0 37210 3 2 491173 0 1
0 1 0 10721 3 1 486873 1 0
0 0 0 59445 4 2 525422 0 1
0 1 0 50538 4 2 499551 0 1
0 1 0 22776 5 1 481651 1 0
0 0 0 29244 5 1 494116 1 0
0 0 0 64558 6 2 541079 0 1
0 1 0 49435 6 2 517788 0 1
0 0 0 32765 7 1 552098 1 0
0 1 0 46500 7 2 557029 0 1
0 1 0 54429 8 2 566791 0 1
0 0 0 48220 8 2 591558 0 1
0 1 0 29 9 1 553101 1 0
0 0 0 63287 9 2 602250 0 1
0 0 0 14798 10 1 557222 1 0
0 1 0 56007 10 2 587456 0 1
0 1 0 1280 11 1 530808 1 0
0 0 0 64266 11 2 618002 0 1
0 1 0 11555 12 1 506587 1 0
0 0 0 52541 12 2 619710 0 1
0 0 0 45823 13 2 657790 0 1
0 1 0 22529 13 1 508846 1 0
0 0 0 28662 14 1 645274 1 0
0 1 0 35611 14 2 503634 0 1
0 1 0 32495 15 2 499895 0 1
0 0 0 52382 15 2 678945 0 1
0 0 0 59480 0 2 708002 0 1
0 1 0 12201 0 1 486378 1 0
0 0 0 64526 1 2 769009 0 1
0 1 0 59426 1 2 520421 0 1
0 0 0 47770 2 1 764977 1 0
0 1 0 39279 2 2 504811 0 1
0 1 0 57688 3 2 551778 0 1
0 0 0 50484 3 2 778251 0 1
0 0 0 39248 4 1 758054 1 0
0 1 0 54353 4 2 555593 0 1
0 1 0 11222 5 1 544039 1 0
0 0 0 18253 5 1 747063 1 0
0 0 0 57864 6 2 740369 0 1
0 1 0 3274 6 1 497878 1 0
0 1 0 2210 7 1 453588 1 0
0 0 0 37022 7 1 744626 1 0
0 0 0 52073 8 2 748479 0 1
0 1 0 16947 8 1 416106 1 0
0 1 0 34567 9 2 450644 0 1
0 0 0 46313 9 2 731505 0 1
0 1 0 48301 10 2 442938 0 1
0 0 0 17516 10 1 734223 1 0
0 1 0 36672 11 2 478330 0 1
0 0 0 56156 11 2 726113 0 1
0 0 0 493 12 1 674065 1 0
0 1 0 35625 12 2 502400 0 1
0 1 0 62048 13 2 541919 0 1
0 0 0 3723 13 1 631965 1 0
0 0 0 39187 14 1 642490 1 0
0 1 0 28906 14 1 535214 1 0
0 0 0 24859 15 1 614967 1 0
0 1 0 31213 15 1 533932 1 0
0 0 0 51307 0 2 606794 0 1
0 1 0 51523 0 2 573254 0 1
1 0 1 44916 0 0 44916 0 1
0 1 1 65133 0 0 65133 0 1
0 0 1 28674 1 0 73590 0 1
0 1 1 14446 1 0 79579 0 1
0 1 1 24703 2 0 104282 0 1
0 0 1 57184 2 0 130774 0 1
0 0 1 42457 3 0 173231 0 1
0 1 1 59970 3 0 164252 0 1
0 0 1 44697 4 0 217928 0 1
0 1 1 3273 4 0 167525 1 0
0 1 1 54783 5 0 222308 0 1
0 0 1 1571 5 0 219499 1 0
0 0 1 61595 6 0 281094 0 1
0 1 1 3102 6 0 225410 1 0
0 1 1 15476 7 0 240886 0 1
0 0 1 8959 7 0 290053 1 0
0 1 1 46984 8 0 287870 0 1
0 0 1 28095 8 0 318148 0 1
0 1 1 11069 9 0 298939 1 0
0 0 1 15813 9 0 333961 1 0
0 1 1 19157 10 0 318096 1 0
0 0 1 22377 10 0 356338 0 1
0 0 1 60533 11 0 416871 0 1
0 1 1 57731 11 0 375827 0 1
0 0 1 59931 12 0 476802 0 1
0 1 1 35491 12 0 411318 0 1
0 0 1 57282 13 0 534084 0 1
0 1 1 3558 13 0 414876 1 0
0 1 1 60746 14 0 475622 0 1
0 0 1 29370 14 0 563454 1 0
0 0 1 2426 15 0 565880 1 0
0 1 1 49377 15 0 524999 0 1
0 0 0 266 0 0 521230 1 0
0 1 0 38108 0 0 497974 0 1
0 0 0 57045 1 2 549601 0 1
0 1 0 26548 1 1 510076 1 0
0 1 0 18360 2 1 503733 1 0
0 0 0 8681 2 1 501098 1 0
0 1 0 18307 3 1 462070 1 0
0 0 0 24902 3 1 483543 1 0
0 1 0 34725 4 2 493522 0 1
0 0 0 33258 4 2 472104 0 1
0 0 0 26154 5 1 496687 1 0
0 1 0 27285 5 1 466024 1 0
0 0 0 34888 6 2 469980 0 1
0 1 0 15489 6 1 478411 1 0
0 0 0 4521 7 1 465542 1 0
0 1 0 51556 7 2 514491 0 1
0 1 0 26554 8 1 494061 1 0
0 0 0 17323 8 1 454770 1 0
0 0 0 38764 9 2 477721 0 1
0 1 0 43417 9 2 526409 0 1
0 0 0 40348 10 2 495692 0 1
0 1 0 35984 10 2 543236 0 1
0 1 0 55461 11 2 540966 0 1
0 0 0 37668 11 2 472827 0 1
0 1 0 45900 12 2 551375 0 1
0 0 0 11018 12 1 423914 1 0
0 0 0 58839 13 2 425471 0 1
0 1 0 60016 13 2 607833 0 1
0 1 0 1712 14 1 548799 1 0
0 0 0 32546 14 2 428647 0 1
0 0 0 55884 15 2 482105 0 1
0 1 0 32253 15 1 531675 1 0
0 0 0 6518 0 1 488357 1 0
0 1 0 15286 0 1 508853 1 0
0 1 0 2737 1 1 485042 1 0
0 0 0 4198 1 1 435510 1 0
0 1 0 50878 2 2 517560 0 1
0 0 0 60636 2 2 487465 0 1
0 0 0 6910 3 1 469473 1 0
0 1 0 8353 3 1 507606 1 0
0 1 0 24908 4 1 497789 1 0
0 0 0 18831 4 1 455046 1 0
0 1 0 59757 5 2 530261 0 1
0 0 0 63260 5 2 492152 0 1
0 1 0 42487 6 2 557259 0 1
0 0 0 7872 6 1 465136 1 0
0 1 0 14991 7 1 520694 1 0
0 0 0 43529 7 2 504144 0 1
0 1 0 53082 8 2 547222 0 1
0 0 0 64775 8 2 551596 0 1
0 0 0 48388 9 2 561220 0 1
0 1 0 55211 9 2 559016 0 1
0 0 0 59962 10 2 580834 0 1
0 1 0 23148 10 1 546180 1 0
0 0 0 24793 11 1 567959 1 0
0 1 0 64306 11 2 555025 0 1
0 0 0 16034 12 1 572975 1 0
0 1 0 21635 12 1 530760 1 0
0 1 0 46520 13 2 517264 0 1
0 0 0 16123 13 1 530259 1 0
0 1 0 61159 14 2 576711 0 1
0 0 0 22513 14 1 520226 1 0
0 1 0 5893 15 1 550351 1 0
0 0 0 27784 15 1 492126 1 0
0 1 0 55861 0 2 590926 0 1
0 0 0 58965 0 2 544573 0 1
0 0 0 7765 1 1 548140 1 0
0 1 0 55940 1 2 644129 0 1
0 1 0 1923 2 1 595174 1 0
0 0 0 23842 2 1 511346 1 0
0 1 0 33264 3 1 620085 1 0
0 0 0 22089 3 1 526525 1 0
0 0 0 148 4 1 507842 1 0
0 1 0 31539 4 1 626716 1 0
0 0 0 36720 5 2 481302 0 1
0 1 0 20137 5 1 587096 1 0
0 1 0 14627 6 1 559236 1 0
0 0 0 57758 6 2 531188 0 1
0 1 0 16528 7 1 560773 1 0
0 0 0 57315 7 2 544974 0 1
0 1 0 7784 8 1 515475 1 0
0 0 0 16623 8 1 496822 1 0
0 0 0 13860 9 1 462294 1 0
0 1 0 5269 9 1 465533 1 0
0 1 0 31332 10 2 473717 0 1
0 0 0 10011 10 1 412343 1 0
0 1 0 29995 11 2 439406 0 1
0 0 0 25933 11 2 413483 0 1
0 0 0 11607 12 1 409056 1 0
0 1 0 59949 12 2 477720 0 1
0 1 0 27584 13 1 458784 1 0
0 0 0 43585 13 2 436518 0 1
0 1 0 60831 14 2 458456 0 1
0 0 0 18224 14 1 432229 1 0
0 1 0 29318 15 1 481881 1 0
0 0 0 10156 15 1 414601 1 0
0 1 0 54658 0 2 480678 0 1
0 0 0 14910 0 1 370546 1 0
0 1 0 62539 1 2 487277 0 1
0 0 0 56776 1 2 419557 0 1
0 0 0 1246 2 1 396961 1 0
0 1 0 48319 2 2 533673 0 1
0 1 0 40749 3 2 541158 0 1
0 0 0 11125 3 1 385997 1 0
0 0 0 31311 4 2 417160 0 1
0 1 0 55950 4 2 565569 0 1
0 1 0 59710 5 2 605142 0 1
0 0 0 57442 5 2 437882 0 1
0 0 0 492 6 1 380616 1 0
0 1 0 33061 6 1 623576 1 0
0 0 0 19502 7 1 342803 1 0
0 1 0 55871 7 2 662919 0 1
0 1 0 56435 8 2 711570 0 1
0 0 0 28072 8 2 354252 0 1
0 0 0 58559 9 2 398951 0 1
0 1 0 5591 9 1 711892 1 0
0 0 0 18447 10 1 407387 1 0
0 1 0 26594 10 1 707154 1 0
0 1 0 44055 11 1 721214 1 0
0 0 0 36480 11 2 417934 0 1
0 0 0 18182 12 1 424509 1 0
0 1 0 11934 12 1 673199 1 0
0 0 0 35750 13 2 416674 0 1
0 1 0 27626 13 1 673241 1 0
0 0 0 35717 14 2 434167 0 1
0 1 0 19767 14 1 632177 1 0
0 0 0 7953 15 1 431964 1 0
0 1 0 54310 15 2 657169 0 1
0 1 0 34729 0 1 637240 1 0
0 0 0 5005 0 1 422059 1 0
0 0 0 21699 1 1 386982 1 0
0 1 0 27841 1 1 602542 1 0
0 1 0 5771 2 1 559994 1 0
0 0 0 29789 2 2 415525 0 1
0 1 0 64481 3 2 583726 0 1
0 0 0 300 3 1 404700 1 0
0 0 0 5094 4 1 378483 1 0
0 1 0 29272 4 1 557048 1 0
0 1 0 62086 5 2 559424 0 1
0 0 0 8670 5 1 329711 1 0
0 0 0 19871 6 1 349090 1 0
0 1 0 46357 6 2 572720 0 1
0 1 0 23395 7 1 540244 1 0
0 0 0 11315 7 1 340903 1 0
0 0 0 30959 8 2 343790 0 1
0 1 0 42138 8 2 525947 0 1
0 0 0 29743 9 2 314974 0 1
0 1 0 20305 9 1 540661 1 0
0 1 0 39904 10 2 553971 0 1
0 0 0 18591 10 1 315118 1 0
0 0 0 63703 11 2 342341 0 1
0 1 0 27042 11 1 536958 1 0
0 1 0 16154 12 1 541178 1 0
0 0 0 39530 12 2 363689 0 1
0 0 0 28597 13 2 356536 0 1
0 1 0 40881 13 2 554433 0 1
0 1 0 47335 14 2 582001 0 1
0 0 0 1175 14 1 321994 1 0
0 1 0 56794 15 2 584485 0 1
0 0 0 7014 15 1 321055 1 0
0 0 0 43999 0 2 360049 0 1
0 1 0 49258 0 2 599014 0 1
0 1 0 7209 1 1 578382 1 0
0 0 0 47198 1 2 385548 0 1
0 0 0 25003 2 2 380762 0 1
0 1 0 37496 2 1 610107 1 0
0 1 0 41594 3 2 587220 0 1
0 0 0 59998 3 2 440460 0 1
0 0 0 30170 4 2 465536 0 1
0 1 0 63497 4 2 621445 0 1
0 1 0 3974 5 1 563333 1 0
0 0 0 22721 5 1 479587 1 0
0 1 0 46235 6 2 563211 0 1
0 0 0 25276 6 1 484992 1 0
0 1 0 30501 7 1 570317 1 0
0 0 0 33478 7 2 507155 0 1
0 1 0 39506 8 2 567685 0 1
0 0 0 25826 8 1 502022 1 0
0 0 0 17386 9 1 489665 1 0
0 1 0 18565 9 1 565945 1 0
0 0 0 32026 10 2 503100 0 1
0 1 0 18864 10 1 544905 1 0
0 0 0 22201 11 1 461598 1 0
0 1 0 60202 11 2 578065 0 1
0 0 0 62364 12 2 484432 0 1
0 1 0 16716 12 1 578627 1 0
0 0 0 24090 13 1 479925 1 0
0 1 0 51790 13 2 589536 0 1
0 0 0 26441 14 1 505191 1 0
0 1 0 23464 14 1 565665 1 0
0 1 0 27221 15 1 536092 1 0
0 0 0 4100 15 1 502277 1 0
0 1 0 51842 0 2 538676 0 1
0 0 0 13943 0 1 472221 1 0
0 0 0 49436 1 2 474459 0 1
0 1 0 9178 1 1 540645 1 0
0 0 0 40511 2 2 489967 0 1
0 1 0 25595 2 1 528744 1 0
0 0 0 57639 3 2 487608 0 1
0 1 0 7770 3 1 494920 1 0
0 0 0 29550 4 1 486988 1 0
0 1 0 35598 4 2 467021 0 1
0 0 0 34899 5 2 499166 0 1
0 1 0 4152 5 1 467199 1 0
0 1 0 22789 6 1 443753 1 0
0 0 0 56881 6 2 530771 0 1
0 0 0 24991 7 1 522284 1 0
0 1 0 36261 7 2 449513 0 1
0 0 0 2009 8 1 498467 1 0
0 1 0 24999 8 1 435006 1 0
0 1 0 3476 9 1 419917 1 0
0 0 0 22814 9 1 503895 1 0
0 0 0 50305 10 2 522174 0 1
0 1 0 3811 10 1 404864 1 0
0 1 0 30081 11 2 374743 0 1
0 0 0 28626 11 1 528599 1 0
0 0 0 46819 12 2 513054 0 1
0 1 0 20224 12 1 378251 1 0
0 1 0 22589 13 2 349050 0 1
0 0 0 9732 13 1 498696 1 0
0 0 0 38686 14 2 510941 0 1
0 1 0 5357 14 1 330943 1 0
0 1 0 51789 15 2 355511 0 1
0 0 0 59705 15 2 566546 0 1
0 0 0 3180 0 1 555783 1 0
0 1 0 53344 0 2 357013 0 1
0 0 0 21734 1 1 528081 1 0
0 1 0 55714 1 2 403549 0 1
0 0 0 32998 2 2 520568 0 1
0 1 0 44405 2 2 422359 0 1
0 0 0 24729 3 1 487658 1 0
0 1 0 59521 3 2 474110 0 1
0 1 0 52553 4 2 491065 0 1
0 0 0 24607 4 1 482715 1 0
0 1 0 44203 5 2 531116 0 1
0 0 0 45658 5 2 493474 0 1
0 1 0 43320 6 2 551647 0 1
0 0 0 59368 6 2 495961 0 1
0 1 0 30221 7 1 545607 1 0
0 0 0 29989 7 1 500959 1 0
0 1 0 20478 8 1 541086 1 0
0 0 0 58181 8 2 557131 0 1
0 0 0 46083 9 2 580400 0 1
0 1 0 34 9 1 537644 1 0
0 0 0 43457 10 2 573552 0 1
0 1 0 1567 10 1 535400 1 0
0 0 0 50220 11 2 595146 0 1
0 1 0 32334 11 1 537653 1 0
0 1 0 27003 12 1 544432 1 0
0 0 0 43012 12 2 591339 0 1
0 1 0 23344 13 1 545187 1 0
0 0 0 64263 13 2 645870 0 1
0 0 0 15146 14 1 622330 1 0
0 1 0 22371 14 1 562201 1 0
0 0 0 62115 15 2 624740 0 1
0 1 0 57421 15 2 567833 0 1
0 0 0 11403 0 1 632963 1 0
0 1 0 64390 0 2 578879 0 1
0 0 0 39231 1 1 650460 1 0
0 1 0 50323 1 2 573488 0 1
0 1 0 34023 2 1 563106 1 0
0 0 0 44957 2 2 662419 0 1
0 0 0 57166 3 2 694856 0 1
0 1 0 9215 3 1 512800 1 0
0 0 0 35274 4 1 705523 1 0
0 1 0 31152 4 2 491399 0 1
0 1 0 19459 5 1 466655 1 0
0 0 0 42014 5 1 701879 1 0
0 0 0 26367 6 1 668878 1 0
0 1 0 46395 6 2 469730 0 1
0 0 0 19893 7 1 658782 1 0
0 1 0 34780 7 2 474289 0 1
0 0 0 53400 8 2 654001 0 1
0 1 0 53516 8 2 507327 0 1
0 1 0 24848 9 1 532141 1 0
0 0 0 23730 9 1 631648 1 0
0 1 0 46870 10 2 577444 0 1
0 0 0 29675 10 1 617866 1 0
0 1 0 22915 11 1 568025 1 0
0 0 0 13661 11 1 581307 1 0
0 1 0 41361 12 2 582383 0 1
0 0 0 50147 12 2 588442 0 1
0 1 0 53556 13 2 612595 0 1
0 0 0 3171 13 1 527350 1 0
0 1 0 57104 14 2 647328 0 1
0 0 0 17157 14 1 529361 1 0
0 1 0 10617 15 1 600524 1 0
0 0 0 52925 15 2 520171 0 1
0 0 0 49101 0 2 557869 0 1
0 1 0 12358 0 1 548492 1 0
0 1 0 43219 1 2 541388 0 1
0 0 0 35202 1 2 553840 0 1
0 0 0 8404 2 1 517287 1 0
0 1 0 9668 2 1 517033 1 0
0 1 0 55695 3 2 563513 0 1
0 0 0 12684 3 1 472805 1 0
0 1 0 52028 4 2 584389 0 1
0 0 0 65290 4 2 502821 0 1
0 0 0 61420 5 2 522227 0 1
0 1 0 12084 5 1 577014 1 0
0 1 0 40695 6 2 571314 0 1
0 0 0 29416 6 1 525276 1 0
0 0 0 33767 7 2 539150 0 1
0 1 0 21992 7 1 558526 1 0
0 1 0 49976 8 2 554986 0 1
0 0 0 51026 8 2 536776 0 1
0 0 0 53297 9 2 566343 0 1
0 1 0 17577 9 1 547715 1 0
0 0 0 10015 10 1 546683 1 0
0 1 0 34276 10 2 535121 0 1
0 1 0 38930 11 2 551136 0 1
0 0 0 60148 11 2 593170 0 1
0 1 0 45455 12 2 555230 0 1
0 0 0 57240 12 2 600263 0 1
0 0 0 55245 13 2 652337 0 1
0 1 0 32908 13 1 534582 1 0
0 0 0 8839 14 1 644019 1 0
0 1 0 51073 14 2 528551 0 1
0 0 0 51557 15 2 642651 0 1
0 1 0 22800 15 1 540734 1 0
0 1 0 8676 0 1 537052 1 0
0 0 0 26537 0 1 620087 1 0
0 0 0 23741 1 1 608626 1 0
0 1 0 52130 1 2 545963 0 1
0 0 0 24063 2 1 624285 1 0
0 1 0 1003 2 1 537298 1 0
0 0 0 56800 3 2 668401 0 1
0 1 0 48873 3 2 530476 0 1
0 1 0 16396 4 1 494844 1 0
0 0 0 2542 4 1 605653 1 0
0 0 0 40425 5 2 584658 0 1
0 1 0 60639 5 2 543399 0 1
0 1 0 17069 6 1 519773 1 0
0 0 0 28701 6 1 583943 1 0
0 1 0 27345 7 1 525126 1 0
0 0 0 18586 7 1 568762 1 0
0 0 0 12750 8 1 530486 1 0
0 1 0 51226 8 2 526376 0 1
0 1 0 36425 9 2 545224 0 1
0 0 0 49407 9 2 526596 0 1
0 1 0 10388 10 1 521336 1 0
0 0 0 13279 10 1 529860 1 0
0 0 0 47287 11 2 516999 0 1
0 1 0 46501 11 2 528907 0 1
0 1 0 35782 12 2 519234 0 1
0 0 0 54248 12 2 514007 0 1
0 1 0 34573 13 2 520899 0 1
0 0 0 55731 13 2 514493 0 1
0 0 0 13310 14 1 518964 1 0
0 1 0 60423 14 2 530249 0 1
0 1 0 56250 15 2 563699 0 1
0 0 0 26030 15 1 493437 1 0
0 1 0 12724 0 1 567747 1 0
0 0 0 36288 0 2 503188 0 1
0 1 0 65187 1 2 580804 0 1
0 0 0 9197 1 1 488644 1 0
0 1 0 14299 2 1 594100 1 0
0 0 0 16663 2 1 481244 1 0
0 1 0 36124 3 1 581351 1 0
0 0 0 61190 3 2 485634 0 1
0 1 0 18646 4 1 583601 1 0
0 0 0 44540 4 2 527632 0 1
0 0 0 5006 5 1 492213 1 0
0 1 0 163 5 1 523125 1 0
0 1 0 62447 6 2 568503 0 1
0 0 0 28006 6 1 491518 1 0
0 1 0 37989 7 2 579147 0 1
0 0 0 47613 7 2 520545 0 1
0 1 0 13027 8 1 540948 1 0
0 0 0 28479 8 1 536274 1 0
0 1 0 27363 9 1 531886 1 0
0 0 0 59743 9 2 546610 0 1
0 0 0 52028 10 2 585359 0 1
0 1 0 8549 10 1 530047 1 0
0 0 0 56942 11 2 595014 0 1
0 1 0 31521 11 1 515067 1 0
0 0 0 15507 12 1 556273 1 0
0 1 0 12882 12 1 492167 1 0
0 1 0 31949 13 2 489543 0 1
0 0 0 47673 13 2 548215 0 1
0 1 0 35897 14 2 465017 0 1
0 0 0 22876 14 1 557781 1 0
0 0 0 54208 15 2 585959 0 1
0 1 0 43983 15 2 452750 0 1
0 0 0 24291 0 1 573962 1 0
0 1 0 28216 0 1 468242 1 0
0 1 0 7487 1 1 410542 1 0
0 0 0 48621 1 2 613386 0 1
0 0 0 37285 2 1 634008 1 0
0 1 0 52600 2 2 448843 0 1
0 1 0 34090 3 2 446809 0 1
0 0 0 6570 3 1 579388 1 0
0 1 0 61858 4 2 490021 0 1
0 0 0 41759 4 2 576607 0 1
0 1 0 63776 5 2 553634 0 1
0 0 0 4002 5 1 575603 1 0
0 1 0 19132 6 1 510319 1 0
0 0 0 13511 6 1 561108 1 0
0 1 0 39331 7 2 511661 0 1
0 0 0 13857 7 1 527352 1 0
0 1 0 28276 8 1 526910 1 0
0 0 0 22563 8 1 521436 1 0
0 0 0 64913 9 2 526606 0 1
0 1 0 28223 9 1 527770 1 0
0 1 0 61757 10 2 580978 0 1
0 0 0 1891 10 1 476469 1 0
0 1 0 27104 11 1 576561 1 0
0 0 0 13643 11 1 433170 1 0
0 0 0 58681 12 2 476344 0 1
0 1 0 1184 12 1 564863 1 0
0 1 0 63374 13 2 596288 0 1
0 0 0 58794 13 2 487465 0 1
0 1 0 6354 14 1 566745 1 0
0 0 0 1464 14 1 466053 1 0
0 0 0 41101 15 2 452946 0 1
0 1 0 9715 15 1 532477 1 0
0 1 0 53293 0 2 557554 0 1
0 0 0 42811 0 2 471466 0 1
0 0 0 61247 1 2 484092 0 1
0 1 0 51361 1 2 601428 0 1
0 0 0 34278 2 2 481085 0 1
0 1 0 60240 2 2 609068 0 1
0 0 0 23325 3 1 497840 1 0
0 1 0 37253 3 1 612231 1 0
0 1 0 43962 4 2 594335 0 1
0 0 0 6422 4 1 462503 1 0
0 0 0 19152 5 1 477653 1 0
0 1 0 23725 5 1 554284 1 0
0 1 0 15128 6 1 550280 1 0
0 0 0 14996 6 1 479138 1 0
0 0 0 863 7 1 466144 1 0
0 1 0 34879 7 2 545828 0 1
0 1 0 52959 8 2 570511 0 1
0 0 0 22975 8 1 466556 1 0
0 1 0 32695 9 1 574983 1 0
0 0 0 59788 9 2 461431 0 1
0 0 0 38394 10 2 497934 0 1
0 1 0 20346 10 1 533572 1 0
0 0 0 36467 11 2 520758 0 1
0 1 0 8162 11 1 514630 1 0
0 0 0 64880 12 2 526957 0 1
0 1 0 2652 12 1 516098 1 0
0 0 0 63679 13 2 531842 0 1
0 1 0 26841 13 1 479565 1 0
0 1 0 36967 14 2 510178 0 1
0 0 0 31271 14 1 561649 1 0
0 1 0 52774 15 2 553237 0 1
0 0 0 42247 15 2 562795 0 1
0 1 0 62928 0 2 562872 0 1
0 0 0 44187 0 2 564171 0 1
0 0 0 55712 1 2 558636 0 1
0 1 0 27432 1 1 538943 1 0
0 1 0 11015 2 1 489718 1 0
0 0 0 63413 2 2 587771 0 1
0 1 0 14568 3 1 467033 1 0
0 0 0 16222 3 1 580668 1 0
0 0 0 22435 4 1 596681 1 0
0 1 0 22586 4 1 445657 1 0
0 0 0 37997 5 1 615526 1 0
0 1 0 44954 5 2 466886 0 1
0 0 0 50151 6 2 650681 0 1
0 1 0 47209 6 2 498967 0 1
0 1 0 15299 7 1 479387 1 0
0 0 0 48444 7 2 698262 0 1
0 1 0 19781 8 1 446209 1 0
0 0 0 10639 8 1 685926 1 0
0 1 0 38164 9 2 451678 0 1
0 0 0 2468 9 1 628606 1 0
0 1 0 23005 10 1 454337 1 0
0 0 0 50066 10 2 640278 0 1
0 0 0 13147 11 1 616958 1 0
0 1 0 50945 11 2 497120 0 1
0 0 0 49844 12 2 601922 0 1
0 1 0 9131 12 1 503599 1 0
0 0 0 22800 13 1 561043 1 0
0 1 0 14332 13 1 491090 1 0
0 1 0 24149 14 1 478272 1 0
0 0 0 45277 14 2 575049 0 1
0 0 0 14334 15 1 547136 1 0
0 1 0 60832 15 2 486330 0 1
0 0 0 29116 0 1 532065 1 0
0 1 0 14506 0 1 437908 1 0
1 0 1 57922 0 0 57922 0 1
0 1 1 23293 0 0 23293 0 1
0 1 1 62087 1 0 85380 0 1
0 0 1 34397 1 0 92319 0 1
0 0 1 28119 2 0 120438 0 1
0 1 1 40613 2 0 125993 0 1
0 1 1 26872 3 0 152865 0 1
0 0 1 47238 3 0 167676 0 1
0 1 1 51447 4 0 204312 0 1
0 0 1 57623 4 0 225299 0 1
0 0 1 39694 5 0 264993 0 1
0 1 1 45273 5 0 249585 0 1
0 1 1 23009 6 0 272594 0 1
0 0 1 22032 6 0 287025 0 1
0 1 1 25435 7 0 298029 0 1
0 0 1 40950 7 0 327975 0 1
0 0 1 18641 8 0 346616 1 0
0 1 1 21562 8 0 319591 0 1
0 0 1 23459 9 0 370075 0 1
0 1 1 28522 9 0 348113 0 1
0 0 1 37689 10 0 407764 0 1
0 1 1 59158 10 0 407271 0 1
0 1 1 1437 11 0 408708 1 0
0 0 1 17737 11 0 425501 1 0
0 1 1 23240 12 0 431948 1 0
0 0 1 56949 12 0 482450 0 1
0 0 1 63448 13 0 545898 0 1
0 1 1 58474 13 0 490422 0 1
0 1 1 45245 14 0 535667 0 1
0 0 1 60456 14 0 606354 0 1
0 1 1 55237 15 0 590904 0 1
0 0 1 46848 15 0 653202 0 1
0 1 0 47824 0 0 615435 0 1
0 0 0 54129 0 0 649409 0 1
0 0 0 3998 1 1 619010 1 0
0 1 0 21125 1 1 574473 1 0
0 0 0 12839 2 1 603730 1 0
0 1 0 30457 2 1 564317 1 0
0 1 0 21302 3 1 558747 1 0
0 0 0 45468 3 2 601960 0 1
0 0 0 55371 4 2 599708 0 1
0 1 0 56097 4 2 563397 0 1
0 1 0 16742 5 1 534866 1 0
0 0 0 34057 5 1 594071 1 0
0 0 0 18235 6 1 590274 1 0
0 1 0 34833 6 2 546690 0 1
0 0 0 29396 7 1 578720 1 0
0 1 0 14114 7 1 535369 1 0
0 1 0 48658 8 2 562465 0 1
0 0 0 3578 8 1 563657 1 0
0 0 0 45891 9 2 586089 0 1
0 1 0 62314 9 2 596257 0 1
0 0 0 47490 10 2 595890 0 1
0 1 0 53568 10 2 590667 0 1
0 0 0 48119 11 2 626272 0 1
0 1 0 27573 11 1 616803 1 0
0 0 0 46761 12 2 616084 0 1
0 1 0 44596 12 2 638159 0 1
0 0 0 47611 13 2 600247 0 1
0 1 0 41617 13 2 621302 0 1
0 1 0 40756 14 2 616813 0 1
0 0 0 33995 14 1 573786 1 0
0 1 0 33040 15 1 594616 1 0
0 0 0 10231 15 1 537169 1 0
0 0 0 33334 0 2 516374 0 1
0 1 0 13460 0 1 560252 1 0
0 1 0 1222 1 1 540349 1 0
0 0 0 55774 1 2 568150 0 1
0 0 0 20078 2 1 575389 1 0
0 1 0 4715 2 1 514607 1 0
0 0 0 17761 3 1 547682 1 0
0 1 0 36827 3 2 530132 0 1
0 0 0 42820 4 2 535131 0 1
0 1 0 58323 4 2 532358 0 1
0 1 0 59293 5 2 574909 0 1
0 0 0 32548 5 1 533622 1 0
0 1 0 47937 6 2 588013 0 1
0 0 0 55664 6 2 571051 0 1
0 0 0 15067 7 1 556722 1 0
0 1 0 63341 7 2 637240 0 1
0 1 0 50903 8 2 639485 0 1
0 0 0 43505 8 2 596649 0 1
0 1 0 36792 9 1 613963 1 0
0 0 0 56917 9 2 607675 0 1
0 1 0 37962 10 2 598357 0 1
0 0 0 50202 10 2 610387 0 1
0 0 0 59244 11 2 621512 0 1
0 1 0 42171 11 2 612955 0 1
0 1 0 50608 12 2 618967 0 1
0 0 0 57137 12 2 631888 0 1
0 0 0 31472 13 1 615749 1 0
0 1 0 41659 13 2 619009 0 1
0 1 0 16807 14 1 595060 1 0
0 0 0 8625 14 1 590379 1 0
0 0 0 40337 15 2 620485 0 1
0 1 0 41652 15 2 603672 0 1
0 1 0 7191 0 1 597403 1 0
0 0 0 63546 0 2 650697 0 1
0 1 0 51161 1 2 647342 0 1
0 0 0 4041 1 1 598964 1 0
0 0 0 37449 2 1 616335 1 0
0 1 0 32985 2 1 675612 1 0
0 0 0 37262 3 1 635836 1 0
0 1 0 27825 3 1 666610 1 0
0 0 0 16595 4 1 609611 1 0
0 1 0 21718 4 1 630005 1 0
0 0 0 7682 5 1 584745 1 0
0 1 0 39010 5 2 609722 0 1
0 1 0 50943 6 2 612728 0 1
0 0 0 54362 6 2 583443 0 1
0 0 0 60541 7 2 628917 0 1
0 1 0 26726 7 1 576113 1 0
0 1 0 14844 8 1 540054 1 0
0 0 0 24608 8 1 610020 1 0
0 1 0 60355 9 2 563617 0 1
0 0 0 15860 9 1 568963 1 0
0 1 0 17583 10 1 543238 1 0
0 0 0 60107 10 2 578868 0 1
0 0 0 31546 11 1 551170 1 0
0 1 0 1736 11 1 502803 1 0
0 0 0 10890 12 1 504923 1 0
0 1 0 47508 12 2 499703 0 1
0 1 0 5901 13 1 463945 1 0
0 0 0 7463 13 1 480914 1 0
0 0 0 39731 14 2 512020 0 1
0 1 0 41398 14 2 488536 0 1
0 1 0 43784 15 2 490668 0 1
0 0 0 39272 15 2 510955 0 1
0 0 0 44888 0 2 492297 0 1
0 1 0 49363 0 2 532840 0 1
0 0 0 64627 1 2 552883 0 1
0 1 0 40217 1 2 521896 0 1
0 0 0 2399 2 1 517833 1 0
0 1 0 22780 2 1 511691 1 0
0 1 0 26320 3 1 510186 1 0
0 0 0 37310 3 2 517881 0 1
0 1 0 45984 4 2 534452 0 1
0 0 0 40469 4 2 541755 0 1
0 1 0 21454 5 1 516896 1 0
0 0 0 42428 5 2 576501 0 1
0 0 0 4236 6 1 526375 1 0
0 1 0 13642 6 1 479595 1 0
0 0 0 9701 7 1 475535 1 0
0 1 0 57557 7 2 510426 0 1
0 1 0 5617 8 1 501199 1 0
0 0 0 3848 8 1 454775 1 0
0 1 0 20137 9 1 460981 1 0
0 0 0 51019 9 2 489934 0 1
0 1 0 46640 10 2 490038 0 1
0 0 0 6010 10 1 435837 1 0
0 0 0 24462 11 1 428753 1 0
0 1 0 25264 11 1 513566 1 0
0 0 0 48467 12 2 466330 0 1
0 1 0 829 12 1 466887 1 0
0 0 0 13845 13 1 472712 1 0
0 1 0 34841 13 2 495827 0 1
0 0 0 17315 14 1 450296 1 0
0 1 0 54755 14 2 509184 0 1
0 1 0 4277 15 1 469677 1 0
0 0 0 15303 15 1 426327 1 0
0 0 0 4941 0 1 386380 1 0
0 1 0 10060 0 1 430374 1 0
0 0 0 10271 1 1 332024 1 0
0 1 0 20504 1 1 410661 1 0
0 0 0 21113 2 1 350738 1 0
0 1 0 15275 2 1 403156 1 0
0 1 0 23948 3 1 400784 1 0
0 0 0 18294 3 1 331722 1 0
0 0 0 34317 4 2 325570 0 1
0 1 0 16707 4 1 371507 1 0
0 0 0 37067 5 2 320209 0 1
0 1 0 24528 5 2 374581 0 1
0 0 0 47731 6 2 363704 0 1
0 1 0 51203 6 2 412142 0 1
0 1 0 11883 7 1 366468 1 0
0 0 0 29477 7 2 383480 0 1
0 1 0 58811 8 2 419662 0 1
0 0 0 24746 8 1 404378 1 0
0 0 0 19095 9 1 372454 1 0
0 1 0 48338 9 2 447863 0 1
0 1 0 39069 10 2 440292 0 1
0 0 0 11761 10 1 378205 1 0
0 1 0 56533 11 2 471561 0 1
0 0 0 34598 11 2 388341 0 1
0 0 0 13443 12 1 353317 1 0
0 1 0 5356 12 1 476088 1 0
0 1 0 54535 13 2 495782 0 1
0 0 0 4246 13 1 343718 1 0
0 1 0 34998 14 2 476025 0 1
0 0 0 38729 14 2 365132 0 1
0 1 0 24883 15 1 496631 1 0
0 0 0 28122 15 2 377951 0 1
0 1 0 55373 0 2 541944 0 1
0 0 0 28776 0 2 401786 0 1
0 1 0 21279 1 1 542719 1 0
0 0 0 60568 1 2 452083 0 1
0 0 0 48216 2 2 479186 0 1
0 1 0 39851 2 2 567295 0 1
0 0 0 41395 3 2 502287 0 1
0 1 0 63220 3 2 606567 0 1
0 1 0 51346 4 2 641206 0 1
0 0 0 61999 4 2 529969 0 1
0 0 0 35897 5 2 528799 0 1
0 1 0 44071 5 2 660749 0 1
0 1 0 46176 6 2 655722 0 1
0 0 0 10710 6 1 491778 1 0
0 0 0 25193 7 1 487494 1 0
0 1 0 43953 7 2 687792 0 1
0 1 0 44956 8 2 673937 0 1
0 0 0 39700 8 2 502448 0 1
0 0 0 19512 9 1 502865 1 0
0 1 0 15590 9 1 641189 1 0
0 0 0 6430 10 1 497534 1 0
0 1 0 45474 10 2 647594 0 1
0 1 0 36397 11 1 627458 1 0
0 0 0 16987 11 1 479923 1 0
0 0 0 42206 12 2 508686 0 1
0 1 0 12441 12 1 634543 1 0
0 0 0 47571 13 2 552011 0 1
0 1 0 56437 13 2 636445 0 1
0 1 0 55606 14 2 657053 0 1
0 0 0 31929 14 1 545211 1 0
0 1 0 32993 15 1 665163 1 0
0 0 0 39638 15 2 556727 0 1
0 1 0 46907 0 2 656697 0 1
0 0 0 12603 0 1 540554 1 0
0 1 0 55510 1 2 690928 0 1
0 0 0 62482 1 2 542468 0 1
0 1 0 21923 2 1 673000 1 0
0 0 0 26157 2 1 520409 1 0
0 0 0 36246 3 2 515260 0 1
0 1 0 15587 3 1 625367 1 0
0 1 0 24619 4 1 598640 1 0
0 0 0 9558 4 1 462819 1 0
0 1 0 34950 5 1 589519 1 0
0 0 0 12102 5 1 439024 1 0
0 0 0 4780 6 1 433094 1 0
0 1 0 45142 6 2 588485 0 1
0 0 0 22330 7 1 430231 1 0
0 1 0 62792 7 2 607324 0 1
0 1 0 20843 8 1 583211 1 0
0 0 0 16898 8 1 407429 1 0
0 1 0 37755 9 1 605376 1 0
0 0 0 38793 9 2 426710 0 1
0 1 0 12697 10 1 572599 1 0
0 0 0 34444 10 2 454724 0 1
0 1 0 17361 11 1 553563 1 0
0 0 0 31679 11 2 469416 0 1
0 0 0 8568 12 1 435778 1 0
0 1 0 55103 12 2 596225 0 1
0 1 0 36866 13 2 576654 0 1
0 0 0 40376 13 2 428583 0 1
0 0 0 39595 14 2 436249 0 1
0 1 0 40901 14 2 561949 0 1
0 1 0 5047 15 1 534003 1 0
0 0 0 64126 15 2 460737 0 1
0 0 0 3973 0 1 452107 1 0
0 1 0 9952 0 1 497048 1 0
0 1 0 13402 1 1 454940 1 0
0 0 0 11413 1 1 401038 1 0
0 0 0 30625 2 2 405506 0 1
0 1 0 28187 2 1 461204 1 0
0 0 0 1863 3 1 371123 1 0
0 1 0 29395 3 1 475012 1 0
0 1 0 35418 4 2 485811 0 1
0 0 0 47971 4 2 409536 0 1
0 1 0 6374 5 1 457235 1 0
0 0 0 4805 5 1 402239 1 0
0 1 0 12237 6 1 424330 1 0
0 0 0 7408 6 1 404867 1 0
0 0 0 40728 7 2 423265 0 1
0 1 0 8267 7 1 369805 1 0
0 0 0 21510 8 1 427877 1 0
0 1 0 27323 8 2 376285 0 1
0 1 0 41320 9 2 379850 0 1
0 0 0 37756 9 2 426840 0 1
0 0 0 17333 10 1 409729 1 0
0 1 0 15151 10 1 382304 1 0
0 0 0 27657 11 2 405707 0 1
0 1 0 14530 11 1 379473 1 0
0 1 0 58552 12 2 382922 0 1
0 0 0 4276 12 1 401415 1 0
0 0 0 1080 13 1 362119 1 0
0 1 0 12297 13 1 358353 1 0
0 0 0 2420 14 1 324944 1 0
0 1 0 17792 14 1 335244 1 0
0 0 0 33829 15 2 294647 0 1
0 1 0 2538 15 1 332735 1 0
0 1 0 31177 0 2 353960 0 1
0 0 0 10241 0 1 300915 1 0
0 1 0 26800 1 2 367358 0 1
0 0 0 27595 1 2 317097 0 1
0 0 0 7226 2 1 293698 1 0
0 1 0 2832 2 1 342003 1 0
0 0 0 39143 3 2 330978 0 1
0 1 0 32385 3 2 344993 0 1
0 0 0 61478 4 2 344485 0 1
0 1 0 31086 4 2 340661 0 1
0 0 0 33523 5 2 373203 0 1
0 1 0 30775 5 2 365062 0 1
0 0 0 4999 6 1 370794 1 0
0 1 0 63282 6 2 416107 0 1
0 1 0 12399 7 1 420239 1 0
0 0 0 37883 7 2 367949 0 1
0 1 0 25348 8 1 418264 1 0
0 0 0 12904 8 1 359343 1 0
0 1 0 49082 9 2 426026 0 1
0 0 0 26263 9 2 347850 0 1
0 1 0 27534 10 2 438409 0 1
0 0 0 60776 10 2 391293 0 1
0 1 0 29343 11 2 453222 0 1
0 0 0 25901 11 2 389537 0 1
0 0 0 4087 12 1 389348 1 0
0 1 0 3070 12 1 397740 1 0
0 1 0 33376 13 2 418819 0 1
0 0 0 41262 13 2 429530 0 1
0 0 0 58705 14 2 485815 0 1
0 1 0 51370 14 2 452397 0 1
0 1 0 32027 15 2 481886 0 1
0 0 0 63207 15 2 515193 0 1
0 0 0 2018 0 1 506970 1 0
0 1 0 14923 0 1 465632 1 0
0 0 0 50457 1 2 529832 0 1
0 1 0 42045 1 2 480877 0 1
0 0 0 3961 2 1 526567 1 0
0 1 0 25290 2 1 503335 1 0
0 1 0 61310 3 2 532260 0 1
0 0 0 59764 3 2 547188 0 1
0 1 0 49292 4 2 550466 0 1
0 0 0 29664 4 1 515374 1 0
0 0 0 27521 5 1 509372 1 0
0 1 0 31697 5 1 551388 1 0
0 0 0 9916 6 1 514289 1 0
0 1 0 39085 6 2 527191 0 1
0 1 0 11372 7 1 526164 1 0
0 0 0 7200 7 1 483606 1 0
0 0 0 8969 8 1 479671 1 0
0 1 0 51653 8 2 552469 0 1
0 1 0 49539 9 2 552926 0 1
0 0 0 14837 9 1 468245 1 0
0 1 0 31245 10 1 556637 1 0
0 0 0 26875 10 1 434344 1 0
0 1 0 22282 11 1 549576 1 0
0 0 0 53463 11 2 461906 0 1
0 1 0 1511 12 1 548017 1 0
0 0 0 36959 12 2 494778 0 1
0 0 0 35634 13 2 489150 0 1
0 1 0 11000 13 1 525641 1 0
0 0 0 62133 14 2 492578 0 1
0 1 0 18207 14 1 492478 1 0
0 0 0 12457 15 1 441828 1 0
0 1 0 23854 15 1 484305 1 0
0 1 0 18566 0 1 487948 1 0
0 0 0 39412 0 2 479222 0 1
0 1 0 28901 1 1 474804 1 0
0 0 0 11962 1 1 440727 1 0
0 1 0 13580 2 1 463094 1 0
0 0 0 11588 2 1 448354 1 0
0 0 0 64372 3 2 452962 0 1
0 1 0 52255 3 2 454039 0 1
0 1 0 13644 4 1 418391 1 0
0 0 0 32749 4 2 456047 0 1
0 1 0 33056 5 2 419750 0 1
0 0 0 64639 5 2 493165 0 1
0 0 0 18916 6 1 502165 1 0
0 1 0 61407 6 2 442072 0 1
0 1 0 43557 7 2 474257 0 1
0 0 0 17571 7 1 512536 1 0
0 0 0 14207 8 1 517774 1 0
0 1 0 54603 8 2 477207 0 1
0 1 0 16414 9 1 444082 1 0
0 0 0 63392 9 2 566329 0 1
0 1 0 14589 10 1 427426 1 0
0 0 0 62531 10 2 601985 0 1
0 1 0 4341 11 1 409485 1 0
0 0 0 16063 11 1 564585 1 0
0 0 0 50778 12 2 578404 0 1
0 1 0 12451 12 1 420425 1 0
0 1 0 14067 13 1 423492 1 0
0 0 0 5957 13 1 548727 1 0
0 0 0 16318 14 1 502912 1 0
0 1 0 48301 14 2 453586 0 1
0 1 0 29781 15 2 459513 0 1
0 0 0 58808 15 2 549263 0 1
0 0 0 40629 0 2 550480 0 1
0 1 0 13376 0 1 454323 1 0
0 1 0 31289 1 2 456711 0 1
0 0 0 28606 1 1 567124 1 0
0 1 0 48636 2 2 491767 0 1
0 0 0 17935 2 1 573471 1 0
0 1 0 52929 3 2 492441 0 1
0 0 0 37621 3 2 546720 0 1
0 1 0 20638 4 1 499435 1 0
0 0 0 54840 4 2 568811 0 1
0 0 0 62232 5 2 566404 0 1
0 1 0 39041 5 2 505420 0 1
0 1 0 52346 6 2 496359 0 1
0 0 0 27287 6 1 574775 1 0
0 1 0 35108 7 2 487910 0 1
0 0 0 48248 7 2 605452 0 1
0 1 0 63140 8 2 496447 0 1
0 0 0 34878 8 1 626123 1 0
0 0 0 22556 9 1 585287 1 0
0 1 0 40222 9 2 520255 0 1
0 0 0 20932 10 1 543688 1 0
0 1 0 9333 10 1 514999 1 0
0 0 0 3728 11 1 531353 1 0
0 1 0 17881 11 1 528539 1 0
0 0 0 45856 12 2 526431 0 1
0 1 0 6387 12 1 522475 1 0
0 1 0 24776 13 1 533184 1 0
0 0 0 31631 13 1 552105 1 0
0 0 0 17381 14 1 553168 1 0
0 1 0 30381 14 1 515264 1 0
0 1 0 37750 15 2 523233 0 1
0 0 0 7645 15 1 502005 1 0
0 0 0 52105 0 2 513481 0 1
0 1 0 59221 0 2 569078 0 1
0 1 0 52084 1 2 589873 0 1
0 0 0 14010 1 1 498885 1 0
0 1 0 51537 2 2 592774 0 1
0 0 0 55185 2 2 536135 0 1
0 1 0 23358 3 1 563203 1 0
0 0 0 2592 3 1 501106 1 0
0 0 0 62240 4 2 508506 0 1
0 1 0 42701 4 2 585266 0 1
0 1 0 10942 5 1 557167 1 0
0 0 0 30696 5 2 476970 0 1
0 0 0 53612 6 2 503295 0 1
0 1 0 56065 6 2 560886 0 1
0 0 0 29742 7 1 484789 1 0
0 1 0 31013 7 1 556791 1 0
0 0 0 12997 8 1 462908 1 0
0 1 0 29113 8 1 522764 1 0
0 1 0 22227 9 1 504769 1 0
0 0 0 61355 9 2 501707 0 1
0 0 0 13157 10 1 493932 1 0
0 1 0 478 10 1 495914 1 0
0 0 0 42097 11 2 532301 0 1
0 1 0 43873 11 2 521906 0 1
0 0 0 33244 12 2 519689 0 1
0 1 0 42684 12 2 558203 0 1
0 1 0 37780 13 2 571207 0 1
0 0 0 62812 13 2 550870 0 1
0 0 0 36862 14 2 570351 0 1
0 1 0 8619 14 1 549445 1 0
0 1 0 18733 15 1 530428 1 0
0 0 0 9492 15 1 572198 1 0
0 0 0 11504 0 1 531597 1 0
0 1 0 3305 0 1 474512 1 0
0 1 0 41983 1 2 464411 0 1
0 0 0 36233 1 2 553820 0 1
0 1 0 37786 2 2 450660 0 1
0 0 0 42085 2 2 540720 0 1
0 0 0 20847 3 1 558975 1 0
0 1 0 23974 3 1 451276 1 0
0 0 0 7661 4 1 504396 1 0
0 1 0 64091 4 2 472666 0 1
0 1 0 46708 5 2 508432 0 1
0 0 0 17021 5 1 490721 1 0
0 1 0 49557 6 2 501924 0 1
0 0 0 16661 6 1 453770 1 0
0 1 0 55174 7 2 526085 0 1
0 0 0 23496 7 1 447524 1 0
0 1 0 48825 8 2 545797 0 1
0 0 0 57129 8 2 491656 0 1
0 1 0 12342 9 1 535912 1 0
0 0 0 27336 9 1 457637 1 0
0 1 0 64078 10 2 599512 0 1
0 0 0 40833 10 2 485313 0 1
0 1 0 53681 11 2 609320 0 1
0 0 0 12700 11 1 455916 1 0
0 1 0 61416 12 2 628052 0 1
0 0 0 21110 12 1 443782 1 0
0 0 0 20509 13 1 401479 1 0
0 1 0 35168 13 1 625440 1 0
0 1 0 36915 14 1 653736 1 0
0 0 0 49344 14 2 413961 0 1
0 0 0 960 15 1 405429 1 0
0 1 0 33293 15 1 668296 1 0
0 1 0 52571 0 2 717562 0 1
0 0 0 5114 0 1 399039 1 0
0 1 0 6967 1 1 682546 1 0
0 0 0 1880 1 1 364686 1 0
0 1 0 54408 2 2 699168 0 1
0 0 0 1652 2 1 324253 1 0
0 0 0 35632 3 2 339038 0 1
0 1 0 45503 3 2 720697 0 1
0 1 0 19948 4 1 676554 1 0
0 0 0 25130 4 2 356507 0 1
0 1 0 31384 5 1 661230 1 0
0 0 0 30499 5 2 369985 0 1
0 0 0 5869 6 1 359193 1 0
0 1 0 64971 6 2 676644 0 1
0 0 0 43444 7 2 379141 0 1
0 1 0 14124 7 1 635594 1 0
0 1 0 58020 8 2 644789 0 1
0 0 0 42729 8 2 364741 0 1
0 0 0 4115 9 1 341520 1 0
0 1 0 43732 9 2 676179 0 1
0 1 0 41474 10 2 653575 0 1
0 0 0 10 10 1 300697 1 0
0 0 0 10524 11 1 298521 1 0
0 1 0 28421 11 1 628315 1 0
0 0 0 59853 12 2 337264 0 1
0 1 0 40914 12 2 607813 0 1
0 1 0 35347 13 1 607992 1 0
0 0 0 64140 13 2 380895 0 1
0 1 0 40094 14 2 611171 0 1
0 0 0 4141 14 1 335692 1 0
0 1 0 1272 15 1 579150 1 0
0 0 0 12769 15 1 347501 1 0
0 0 0 60238 0 2 402625 0 1
0 1 0 29086 0 1 555665 1 0
1 1 1 16545 0 0 16545 0 1
0 0 1 58249 0 0 58249 0 1
0 0 1 1887 1 0 60136 1 0
0 1 1 24290 1 0 40835 0 1
0 1 1 7695 2 0 48530 0 1
0 0 1 39120 2 0 99256 0 1
0 1 1 63840 3 0 112370 0 1
0 0 1 32151 3 0 131407 0 1
0 0 1 4625 4 0 136032 1 0
0 1 1 26011 4 0 138381 0 1
0 0 1 24706 5 0 160738 0 1
0 1 1 29853 5 0 168234 0 1
0 0 1 53649 6 0 214387 0 1
0 1 1 57348 6 0 225582 0 1
0 0 1 62869 7 0 277256 0 1
0 1 1 60072 7 0 285654 0 1
0 0 1 13687 8 0 290943 1 0
0 1 1 17957 8 0 303611 1 0
0 0 1 35905 9 0 326848 0 1
0 1 1 53458 9 0 357069 0 1
0 1 1 35549 10 0 392618 0 1
0 0 1 57164 10 0 384012 0 1
0 1 1 48522 11 0 441140 0 1
0 0 1 30927 11 0 414939 0 1
0 1 1 60785 12 0 501925 0 1
0 0 1 25005 12 0 439944 1 0
0 1 1 33844 13 0 535769 0 1
0 0 1 35861 13 0 475805 0 1
0 0 1 31100 14 0 506905 1 0
0 1 1 60565 14 0 596334 0 1
0 0 1 50585 15 0 557490 0 1
0 1 1 35012 15 0 631346 1 0
0 0 0 60956 0 0 560197 0 1
0 1 0 35989 0 0 650790 1 0
0 0 0 51133 1 0 609443 0 1
0 1 0 43920 1 2 670420 0 1
0 1 0 35592 2 1 698317 1 0
0 0 0 40944 2 0 611267 0 1
0 0 0 54588 3 0 633704 0 1
0 1 0 57150 3 2 691627 0 1
0 1 0 10344 4 1 675960 1 0
0 0 0 1524 4 1 630603 1 0
0 1 0 28940 5 1 675047 1 0
0 0 0 59343 5 2 665240 0 1
0 0 0 59017 6 2 670608 0 1
0 1 0 28832 6 1 646531 1 0
0 1 0 2150 7 1 588609 1 0
0 0 0 859 7 1 608598 1 0
0 1 0 4866 8 1 575518 1 0
0 0 0 52808 8 2 647719 0 1
0 0 0 54111 9 2 665925 0 1
0 1 0 54424 9 2 576484 0 1
0 0 0 65099 10 2 673860 0 1
0 1 0 18639 10 1 559574 1 0
0 1 0 6030 11 1 517082 1 0
0 0 0 44026 11 2 686959 0 1
0 1 0 3971 12 1 460268 1 0
0 0 0 22247 12 1 684201 1 0
0 0 0 16473 13 1 664813 1 0
0 1 0 42036 13 2 468460 0 1
0 0 0 35881 14 1 669594 1 0
0 1 0 26166 14 1 434061 1 0
0 1 0 60444 15 2 459493 0 1
0 0 0 52340 15 2 671349 0 1
0 0 0 8549 0 1 618942 1 0
0 1 0 27192 0 1 450696 1 0
0 1 0 27869 1 2 434645 0 1
0 0 0 35203 1 1 603012 1 0
0 1 0 25986 2 1 425039 1 0
0 0 0 17799 2 1 579867 1 0
0 1 0 40145 3 2 408034 0 1
0 0 0 15995 3 1 541274 1 0
0 0 0 53814 4 2 593564 0 1
0 1 0 21121 4 1 418811 1 0
0 1 0 31533 5 2 421404 0 1
0 0 0 2909 5 1 537130 1 0
0 0 0 58772 6 2 536885 0 1
0 1 0 37547 6 2 430119 0 1
0 0 0 61541 7 2 597567 0 1
0 1 0 27688 7 1 455657 1 0
0 0 0 59316 8 2 604075 0 1
0 1 0 35873 8 2 486664 0 1
0 0 0 36882 9 2 586846 0 1
0 1 0 15652 9 1 447892 1 0
0 1 0 1417 10 1 430670 1 0
0 0 0 24452 10 1 546199 1 0
0 0 0 63996 11 2 566169 0 1
0 1 0 49042 11 2 473682 0 1
0 1 0 12917 12 1 482628 1 0
0 0 0 64160 12 2 608082 0 1
0 1 0 61907 13 2 502499 0 1
0 0 0 53394 13 2 645003 0 1
0 1 0 4062 14 1 480395 1 0
0 0 0 48776 14 2 657898 0 1
0 1 0 55705 15 2 475656 0 1
0 0 0 57734 15 2 663292 0 1
0 1 0 23781 0 1 472245 1 0
0 0 0 53320 0 2 708063 0 1
0 0 0 38671 1 1 711531 1 0
0 1 0 25638 1 1 470014 1 0
0 0 0 3619 2 1 697351 1 0
0 1 0 32184 2 2 476212 0 1
0 0 0 16038 3 1 697394 1 0
0 1 0 62682 3 2 498749 0 1
0 0 0 65030 4 2 708610 0 1
0 1 0 20293 4 1 497921 1 0
0 0 0 15417 5 1 721118 1 0
0 1 0 14895 5 1 481283 1 0
0 0 0 19185 6 1 681531 1 0
0 1 0 26482 6 1 470218 1 0
0 1 0 11884 7 1 454414 1 0
0 0 0 57780 7 2 677770 0 1
0 1 0 1668 8 1 420209 1 0
0 0 0 22207 8 1 640661 1 0
0 1 0 3904 9 1 408461 1 0
0 0 0 59474 9 2 663253 0 1
0 1 0 49466 10 2 456510 0 1
0 0 0 6577 10 1 645378 1 0
0 0 0 35349 11 1 616731 1 0
0 1 0 49115 11 2 456583 0 1
0 1 0 64202 12 2 507868 0 1
0 0 0 28992 12 1 581563 1 0
0 1 0 33402 13 2 479363 0 1
0 0 0 55522 13 2 583691 0 1
0 0 0 57600 14 2 592515 0 1
0 1 0 38270 14 2 513571 0 1
0 1 0 32899 15 2 490765 0 1
0 0 0 32741 15 1 567522 1 0
0 0 0 36685 0 2 550887 0 1
0 1 0 2750 0 1 469734 1 0
0 0 0 59521 1 2 571737 0 1
0 1 0 6700 1 1 450796 1 0
0 1 0 15845 2 1 434457 1 0
0 0 0 43041 2 2 611159 0 1
0 0 0 55519 3 2 650640 0 1
0 1 0 5354 3 1 377129 1 0
0 1 0 4824 4 1 361660 1 0
0 0 0 48058 4 2 633668 0 1
0 0 0 53373 5 2 671624 0 1
0 1 0 28145 5 2 374910 0 1
0 1 0 49605 6 2 398033 0 1
0 0 0 41345 6 1 693784 1 0
0 1 0 10507 7 1 396656 1 0
0 0 0 56849 7 2 692853 0 1
0 0 0 18158 8 1 688804 1 0
0 1 0 12803 8 1 407791 1 0
0 1 0 23843 9 1 427730 1 0
0 0 0 62125 9 2 691455 0 1
0 1 0 4939 10 1 383203 1 0
0 0 0 46402 10 2 731280 0 1
0 1 0 49497 11 2 383585 0 1
0 0 0 21867 11 1 717798 1 0
0 0 0 6696 12 1 695502 1 0
0 1 0 1004 12 1 320387 1 0
0 0 0 3368 13 1 643348 1 0
0 1 0 55240 13 2 342225 0 1
0 0 0 53453 14 2 639201 0 1
0 1 0 28973 14 2 332928 0 1
0 0 0 61947 15 2 668407 0 1
0 1 0 2679 15 1 302708 1 0
0 0 0 9334 0 1 641056 1 0
0 1 0 1271 0 1 301229 1 0
0 0 0 57461 1 2 638996 0 1
0 1 0 7778 1 1 302307 1 0
0 0 0 41045 2 2 637000 0 1
0 1 0 42785 2 2 329247 0 1
0 1 0 29420 3 2 353313 0 1
0 0 0 14730 3 1 596211 1 0
0 1 0 37783 4 2 386272 0 1
0 0 0 5574 4 1 553727 1 0
0 0 0 51091 5 2 551445 0 1
0 1 0 37156 5 2 395283 0 1
0 0 0 6700 6 1 516800 1 0
0 1 0 214 6 1 345892 1 0
0 0 0 19993 7 1 479944 1 0
0 1 0 55480 7 2 390865 0 1
0 1 0 47195 8 2 425257 0 1
0 0 0 10871 8 1 472657 1 0
0 1 0 64877 9 2 466291 0 1
0 0 0 55219 9 2 465751 0 1
0 1 0 16428 10 1 477780 1 0
0 0 0 36672 10 2 456021 0 1
0 1 0 34617 11 2 462900 0 1
0 0 0 36216 11 2 470370 0 1
0 1 0 4778 12 1 466674 1 0
0 0 0 16715 12 1 480389 1 0
0 1 0 35313 13 2 446747 0 1
0 0 0 24506 13 1 501527 1 0
0 0 0 12537 14 1 460611 1 0
0 1 0 22161 14 1 439935 1 0
0 1 0 10256 15 1 447512 1 0
0 0 0 3362 15 1 402026 1 0
0 1 0 19823 0 1 466064 1 0
0 0 0 12190 0 1 404882 1 0
0 1 0 38218 1 2 496504 0 1
0 0 0 13336 1 1 360757 1 0
0 1 0 16856 2 1 470575 1 0
0 0 0 15726 2 1 335438 1 0
0 1 0 41161 3 2 482316 0 1
0 0 0 52843 3 2 373551 0 1
0 1 0 62160 4 2 506693 0 1
0 0 0 55374 4 2 423351 0 1
0 1 0 25575 5 1 495112 1 0
0 0 0 43046 5 2 415306 0 1
0 1 0 29496 6 1 524394 1 0
0 0 0 25465 6 1 434071 1 0
0 1 0 19705 7 1 488619 1 0
0 0 0 38708 7 2 452786 0 1
0 0 0 53406 8 2 495321 0 1
0 1 0 3491 8 1 444915 1 0
0 0 0 18046 9 1 458148 1 0
0 1 0 52678 9 2 432716 0 1
0 1 0 18057 10 1 434345 1 0
0 0 0 10424 10 1 431900 1 0
0 1 0 47961 11 2 447689 0 1
0 0 0 62221 11 2 457905 0 1
0 0 0 24125 12 1 465315 1 0
0 1 0 10279 12 1 453190 1 0
0 0 0 19899 13 1 460708 1 0
0 1 0 29109 13 2 446986 0 1
0 1 0 46899 14 2 471724 0 1
0 0 0 48990 14 2 497161 0 1
0 0 0 18767 15 1 512566 1 0
0 1 0 50498 15 2 511966 0 1
0 0 0 39301 0 2 539677 0 1
0 1 0 58076 0 2 550219 0 1
0 0 0 65048 1 2 591389 0 1
0 1 0 42554 1 2 554555 0 1
0 1 0 16586 2 1 554285 1 0
0 0 0 53057 2 2 628720 0 1
0 0 0 64712 3 2 640589 0 1
0 1 0 20969 3 1 534093 1 0
0 1 0 61874 4 2 533807 0 1
0 0 0 1730 4 1 586945 1 0
0 0 0 2115 5 1 546014 1 0
0 1 0 145 5 1 508377 1 0
0 1 0 39581 6 2 518462 0 1
0 0 0 25202 6 1 545751 1 0
0 0 0 24345 7 1 531388 1 0
0 1 0 30777 7 1 529534 1 0
0 1 0 18964 8 1 545007 1 0
0 0 0 12711 8 1 490693 1 0
0 0 0 9834 9 1 482481 1 0
0 1 0 51821 9 2 544150 0 1
0 1 0 23175 10 1 549268 1 0
0 0 0 1592 10 1 473649 1 0
0 0 0 48264 11 2 459692 0 1
0 1 0 4995 11 1 506302 1 0
0 1 0 43722 12 2 539745 0 1
0 0 0 25525 12 1 461092 1 0
0 0 0 51215 13 2 492408 0 1
0 1 0 39955 13 2 550591 0 1
0 1 0 34276 14 2 537968 0 1
0 0 0 1506 14 1 444924 1 0
0 1 0 46402 15 2 533872 0 1
0 0 0 43833 15 2 469990 0 1
0 0 0 30442 0 2 461131 0 1
0 1 0 28512 0 1 504308 1 0
0 0 0 31013 1 2 427096 0 1
0 1 0 7294 1 1 469048 1 0
0 0 0 28677 2 2 402716 0 1
0 1 0 44156 2 2 496618 0 1
0 0 0 54079 3 2 392083 0 1
0 1 0 3168 3 1 478817 1 0
0 1 0 26023 4 1 442966 1 0
0 0 0 22883 4 1 413236 1 0
0 0 0 28548 5 2 439669 0 1
0 1 0 48974 5 2 491795 0 1
0 1 0 19213 6 1 471427 1 0
0 0 0 181 6 1 414648 1 0
0 0 0 534 7 1 390837 1 0
0 1 0 12061 7 1 452711 1 0
0 1 0 46281 8 2 480028 0 1
0 0 0 9952 8 1 388078 1 0
0 1 0 64961 9 2 493168 0 1
0 0 0 53467 9 2 431711 0 1
0 0 0 5809 10 1 435928 1 0
0 1 0 7756 10 1 477749 1 0
0 0 0 23892 11 1 411556 1 0
0 1 0 60 11 1 472814 1 0
0 0 0 3308 12 1 389339 1 0
0 1 0 32426 12 2 461518 0 1
0 0 0 17579 13 1 355703 1 0
0 1 0 50779 13 2 472342 0 1
0 1 0 62629 14 2 500695 0 1
0 0 0 64673 14 2 418870 0 1
0 1 0 55986 15 2 510279 0 1
0 0 0 35497 15 2 410534 0 1
0 0 0 25797 0 2 405889 0 1
0 1 0 64377 0 2 546144 0 1
0 0 0 34345 1 2 409221 0 1
0 1 0 34048 1 1 572898 1 0
0 1 0 56802 2 2 585544 0 1
0 0 0 20226 2 1 400770 1 0
0 1 0 23825 3 1 606201 1 0
0 0 0 53206 3 2 399897 0 1
0 0 0 20618 4 1 397632 1 0
0 1 0 18640 4 1 598818 1 0
0 0 0 44365 5 2 413449 0 1
0 1 0 33374 5 1 583218 1 0
0 1 0 59783 6 2 623788 0 1
0 0 0 12181 6 1 425449 1 0
0 1 0 6605 7 1 618332 1 0
0 0 0 34439 7 2 459354 0 1
0 0 0 23623 8 1 473025 1 0
0 1 0 60776 8 2 632827 0 1
0 1 0 15991 9 1 583857 1 0
0 0 0 41525 9 2 461083 0 1
0 1 0 59785 10 2 635886 0 1
0 0 0 20510 10 1 475784 1 0
0 0 0 9108 11 1 461000 1 0
0 1 0 44250 11 2 680076 0 1
0 0 0 653 12 1 458345 1 0
0 1 0 8865 12 1 656515 1 0
0 1 0 24464 13 1 630200 1 0
0 0 0 60692 13 2 501458 0 1
0 1 0 32725 14 1 600296 1 0
0 0 0 22224 14 1 459009 1 0
0 0 0 51582 15 2 475094 0 1
0 1 0 15711 15 1 560021 1 0
0 0 0 49600 0 2 498897 0 1
0 1 0 59633 0 2 555277 0 1
0 1 0 10998 1 1 532227 1 0
0 0 0 19437 1 1 483989 1 0
0 0 0 63444 2 2 527207 0 1
0 1 0 2376 2 1 477801 1 0
0 1 0 40306 3 2 494282 0 1
0 0 0 149 3 1 474150 1 0
0 1 0 39855 4 2 515497 0 1
0 0 0 62687 4 2 516219 0 1
0 1 0 43605 5 2 525728 0 1
0 0 0 48363 5 2 520217 0 1
0 0 0 36722 6 2 544758 0 1
0 1 0 40011 6 2 505956 0 1
0 1 0 6790 7 1 506141 1 0
0 0 0 12943 7 1 523262 1 0
0 1 0 28977 8 1 474342 1 0
0 0 0 63688 8 2 563327 0 1
0 1 0 9155 9 1 467506 1 0
0 0 0 48738 9 2 570540 0 1
0 1 0 58994 10 2 466715 0 1
0 0 0 51592 10 2 601622 0 1
0 1 0 59915 11 2 482380 0 1
0 0 0 35810 11 1 628324 1 0
0 0 0 30132 12 1 657803 1 0
0 1 0 596 12 1 474111 1 0
0 1 0 50505 13 2 500152 0 1
0 0 0 15729 13 1 612840 1 0
0 0 0 28625 14 1 619241 1 0
0 1 0 25559 14 1 492986 1 0
0 0 0 21127 15 1 588786 1 0
0 1 0 2339 15 1 479614 1 0
0 0 0 42663 0 2 581849 0 1
0 1 0 42220 0 2 462201 0 1
0 1 0 51002 1 2 502205 0 1
0 0 0 58369 1 2 620781 0 1
0 1 0 25350 2 1 525179 1 0
0 0 0 9163 2 1 566500 1 0
0 1 0 52200 3 2 537073 0 1
0 0 0 14338 3 1 580689 1 0
0 1 0 24677 4 1 521895 1 0
0 0 0 755 4 1 518757 1 0
0 0 0 12933 5 1 483327 1 0
0 1 0 23303 5 1 501593 1 0
0 1 0 14173 6 1 475755 1 0
0 0 0 17162 6 1 463767 1 0
0 0 0 62836 7 2 513660 0 1
0 1 0 7602 7 1 476567 1 0
0 1 0 15517 8 1 463107 1 0
0 0 0 15169 8 1 465141 1 0
0 0 0 44016 9 2 460419 0 1
0 1 0 4811 9 1 458763 1 0
0 0 0 5287 10 1 414114 1 0
0 1 0 42307 10 2 442076 0 1
0 1 0 5022 11 1 387183 1 0
0 0 0 55567 11 2 433871 0 1
0 1 0 52995 12 2 439582 0 1
0 0 0 34818 12 2 438557 0 1
0 1 0 62627 13 2 451704 0 1
0 0 0 32115 13 2 454943 0 1
0 0 0 2504 14 1 428822 1 0
0 1 0 11086 14 1 437231 1 0
0 0 0 57612 15 2 465307 0 1
0 1 0 62082 15 2 496974 0 1
0 1 0 53504 0 2 508258 0 1
0 0 0 54445 0 2 477089 0 1
0 1 0 18393 1 1 475649 1 0
0 0 0 40621 1 2 459341 0 1
0 0 0 51433 2 2 501611 0 1
0 1 0 20353 2 1 470652 1 0
0 0 0 4123 3 1 491396 1 0
0 1 0 64573 3 2 483025 0 1
0 1 0 32037 4 2 490385 0 1
0 0 0 4355 4 1 494996 1 0
0 1 0 45206 5 2 512288 0 1
0 0 0 20657 5 1 502720 1 0
0 0 0 12305 6 1 497863 1 0
0 1 0 22610 6 1 520725 1 0
0 0 0 14231 7 1 449258 1 0
0 1 0 20340 7 1 533463 1 0
0 1 0 49937 8 2 567883 0 1
0 0 0 2096 8 1 436185 1 0
0 0 0 35753 9 2 427922 0 1
0 1 0 35930 9 1 599002 1 0
0 1 0 50363 10 2 607058 0 1
0 0 0 40738 10 2 463373 0 1
0 1 0 49551 11 2 651587 0 1
0 0 0 52064 11 2 459870 0 1
0 0 0 27543 12 1 452595 1 0
0 1 0 26916 12 1 625508 1 0
0 0 0 34647 13 2 455127 0 1
0 1 0 46880 13 2 609761 0 1
0 0 0 20036 14 1 472659 1 0
0 1 0 42266 14 2 640941 0 1
0 0 0 56281 15 2 471328 0 1
0 1 0 23787 15 1 602646 1 0
0 1 0 46057 0 2 595199 0 1
0 0 0 14945 0 1 431828 1 0
0 1 0 59991 1 2 636797 0 1
0 0 0 30869 1 2 422076 0 1
0 0 0 1744 2 1 372387 1 0
0 1 0 15478 2 1 631922 1 0
0 1 0 15309 3 1 582658 1 0
0 0 0 48395 3 2 416659 0 1
0 1 0 7343 4 1 557964 1 0
0 0 0 31351 4 2 443655 0 1
0 1 0 6421 5 1 519179 1 0
0 0 0 34717 5 2 457715 0 1
0 0 0 37337 6 2 482747 0 1
0 1 0 30078 6 1 526647 1 0
0 1 0 1930 7 1 508237 1 0
0 0 0 21256 7 1 489772 1 0
0 1 0 6067 8 1 464367 1 0
0 0 0 16087 8 1 503763 1 0
0 1 0 23143 9 1 451580 1 0
0 0 0 59614 9 2 527624 0 1
0 1 0 10976 10 1 412193 1 0
0 0 0 8218 10 1 495104 1 0
0 0 0 158 11 1 443198 1 0
0 1 0 49515 11 2 412157 0 1
0 0 0 49188 12 2 464843 0 1
0 1 0 63572 12 2 448813 0 1
0 0 0 28797 13 2 458993 0 1
0 1 0 19933 13 1 421866 1 0
0 0 0 53437 14 2 492394 0 1
0 1 0 1816 14 1 381416 1 0
0 1 0 18523 15 1 376152 1 0
0 0 0 42408 15 2 478521 0 1
0 0 0 35969 0 2 499545 0 1
0 1 0 11664 0 1 341759 1 0
0 1 0 63367 1 2 345135 0 1
0 0 0 22461 1 1 491137 1 0
0 1 0 22259 2 2 351916 0 1
0 0 0 60369 2 2 549762 0 1
0 1 0 47421 3 2 384028 0 1
0 0 0 19020 3 1 520387 1 0
0 0 0 29836 4 1 518872 1 0
0 1 0 26451 4 2 403136 0 1
0 0 0 64914 5 2 549069 0 1
0 1 0 64561 5 2 461276 0 1
0 1 0 17563 6 1 448761 1 0
0 0 0 26311 6 1 538043 1 0
0 1 0 39978 7 2 486809 0 1
0 0 0 89 7 1 516876 1 0
0 0 0 8624 8 1 509413 1 0
0 1 0 59058 8 2 539800 0 1
0 1 0 61178 9 2 577835 0 1
0 0 0 51976 9 2 501775 0 1
0 1 0 15460 10 1 582319 1 0
0 0 0 12885 10 1 506442 1 0
0 0 0 819 11 1 507103 1 0
0 1 0 5646 11 1 538450 1 0
0 0 0 32482 12 2 490397 0 1
0 1 0 43501 12 2 518379 0 1
0 0 0 34447 13 2 496047 0 1
0 1 0 11627 13 1 510073 1 0
0 1 0 59617 14 2 567874 0 1
0 0 0 43015 14 2 485625 0 1
0 0 0 54149 15 2 497366 0 1
0 1 0 24127 15 1 573478 1 0
0 0 0 57818 0 2 519215 0 1
0 1 0 21461 0 1 583275 1 0
0 0 0 41770 1 2 538524 0 1
0 1 0 31231 1 1 551139 1 0
0 1 0 47794 2 2 576674 0 1
0 0 0 29145 2 1 507300 1 0
0 0 0 4752 3 1 493032 1 0
0 1 0 45418 3 2 574671 0 1
0 1 0 810 4 1 549030 1 0
0 0 0 12868 4 1 476064 1 0
0 0 0 57609 5 2 468759 0 1
0 1 0 6643 5 1 491112 1 0
0 1 0 15525 6 1 489074 1 0
0 0 0 18328 6 1 460776 1 0
0 1 0 4212 7 1 453308 1 0
0 0 0 25471 7 1 486158 1 0
0 1 0 48020 8 2 442270 0 1
0 0 0 58842 8 2 536376 0 1
0 1 0 34832 9 2 415924 0 1
0 0 0 46757 9 2 531157 0 1
0 1 0 1546 10 1 402010 1 0
0 0 0 21735 10 1 540007 1 0
0 1 0 58517 11 2 454881 0 1
0 0 0 46491 11 2 585679 0 1
0 0 0 64331 12 2 617528 0 1
0 1 0 9395 12 1 420775 1 0
0 1 0 50433 13 2 459581 0 1
0 0 0 9320 13 1 592401 1 0
0 1 0 52736 14 2 452700 0 1
0 0 0 37865 14 2 587251 0 1
0 1 0 15442 15 1 444015 1 0
0 0 0 7863 15 1 540965 1 0
0 1 0 7981 0 1 430535 1 0
0 0 0 21647 0 1 504794 1 0
1 1 1 33651 0 0 33651 0 1
0 0 1 9487 0 0 9487 0 1
0 1 1 17476 1 0 51127 0 1
0 0 1 22879 1 0 32366 0 1
0 0 1 29483 2 0 61849 0 1
0 1 1 28468 2 0 79595 0 1
0 1 1 47467 3 0 127062 0 1
0 0 1 9802 3 0 71651 0 1
0 1 1 10510 4 0 137572 0 1
0 0 1 55471 4 0 127122 0 1
0 1 1 874 5 0 138446 1 0
0 0 1 2705 5 0 129827 1 0
0 0 1 39240 6 0 169067 0 1
0 1 1 28264 6 0 166710 0 1
0 1 1 53411 7 0 220121 0 1
0 0 1 6552 7 0 175619 1 0
0 1 1 17496 8 0 237617 0 1
0 0 1 9724 8 0 185343 1 0
0 1 1 12869 9 0 250486 1 0
0 0 1 29138 9 0 214481 0 1
0 0 1 12953 10 0 227434 1 0
0 1 1 45829 10 0 296315 0 1
0 1 1 58794 11 0 355109 0 1
0 0 1 27825 11 0 255259 0 1
0 0 1 45288 12 0 300547 0 1
0 1 1 18930 12 0 374039 1 0
0 0 1 48771 13 0 349318 0 1
0 1 1 30862 13 0 404901 0 1
0 1 1 37460 14 0 442361 0 1
0 0 1 37378 14 0 386696 0 1
0 0 1 49124 15 0 435820 0 1
0 1 1 43612 15 0 485973 0 1
0 1 0 14558 0 1 466880 1 0
0 0 0 30380 0 0 456713 0 1
0 0 0 59215 1 0 493049 0 1
0 1 0 22983 1 1 472387 1 0
0 0 0 18465 2 1 482031 1 0
0 1 0 56016 2 2 499935 0 1
0 0 0 32751 3 2 504980 0 1
0 1 0 28881 3 1 481349 1 0
0 1 0 7982 4 1 478821 1 0
0 0 0 39570 4 2 489079 0 1
0 1 0 18473 5 1 496420 1 0
0 0 0 59770 5 2 546144 0 1
0 0 0 48076 6 2 554980 0 1
0 1 0 54084 6 2 522240 0 1
0 0 0 11045 7 1 559473 1 0
0 1 0 11824 7 1 480653 1 0
0 0 0 62841 8 2 612590 0 1
0 1 0 14258 8 1 477415 1 0
0 0 0 23573 9 1 607025 1 0
0 1 0 14893 9 1 479439 1 0
0 1 0 54837 10 2 488447 0 1
0 0 0 56676 10 2 650748 0 1
0 1 0 36999 11 2 466652 0 1
0 0 0 21676 11 1 644599 1 0
0 0 0 45649 12 2 644960 0 1
0 1 0 40862 12 2 488584 0 1
0 0 0 13768 13 1 609957 1 0
0 1 0 44028 13 2 501750 0 1
0 1 0 62593 14 2 526883 0 1
0 0 0 64972 14 2 637551 0 1
0 0 0 62614 15 2 651041 0 1
0 1 0 30005 15 1 513276 1 0
0 0 0 52831 0 2 673492 0 1
0 1 0 40817 0 2 539535 0 1
0 0 0 43133 1 2 657410 0 1
0 1 0 8509 1 1 525061 1 0
0 0 0 14347 2 1 653292 1 0
0 1 0 38809 2 2 507854 0 1
0 0 0 3378 3 1 623919 1 0
0 1 0 19053 3 1 498026 1 0
0 1 0 52182 4 2 542226 0 1
0 0 0 39615 4 2 623964 0 1
0 1 0 57715 5 2 581468 0 1
0 0 0 15569 5 1 579763 1 0
0 1 0 5094 6 1 532478 1 0
0 0 0 56589 6 2 588276 0 1
0 0 0 45057 7 2 622288 0 1
0 1 0 12161 7 1 532815 1 0
0 1 0 47508 8 2 566065 0 1
0 0 0 17678 8 1 577125 1 0
0 0 0 49167 9 2 602719 0 1
0 1 0 3524 9 1 554696 1 0
0 0 0 43367 10 2 589410 0 1
0 1 0 1137 10 1 500996 1 0
0 0 0 51678 11 2 619412 0 1
0 1 0 47266 11 2 511263 0 1
0 0 0 14420 12 1 588183 1 0
0 1 0 31184 12 1 501585 1 0
0 0 0 23321 13 1 597736 1 0
0 1 0 5050 13 1 462607 1 0
0 1 0 20426 14 1 420440 1 0
0 0 0 31178 14 1 563942 1 0
0 1 0 38701 15 2 429136 0 1
0 0 0 51759 15 2 553087 0 1
0 0 0 27105 0 1 527361 1 0
0 1 0 20581 0 1 408900 1 0
0 1 0 58114 1 2 458505 0 1
0 0 0 39316 1 2 523544 0 1
0 1 0 44917 2 2 464613 0 1
0 0 0 57222 2 2 566419 0 1
0 1 0 29892 3 2 475452 0 1
0 0 0 50471 3 2 613512 0 1
0 1 0 10640 4 1 433910 1 0
0 0 0 32629 4 1 606526 1 0
0 1 0 1303 5 1 377498 1 0
0 0 0 31533 5 1 622490 1 0
0 0 0 7906 6 1 573807 1 0
0 1 0 3046 6 1 375450 1 0
0 1 0 13743 7 1 377032 1 0
0 0 0 42802 7 2 571552 0 1
0 1 0 4586 8 1 334110 1 0
0 0 0 19278 8 1 573152 1 0
0 1 0 45187 9 2 375773 0 1
0 0 0 23714 9 1 547699 1 0
0 0 0 18892 10 1 523224 1 0
0 1 0 61162 10 2 435798 0 1
0 1 0 53186 11 2 441718 0 1
0 0 0 57290 11 2 528836 0 1
0 1 0 52849 12 2 463383 0 1
0 0 0 4664 12 1 519080 1 0
0 0 0 22990 13 1 518749 1 0
0 1 0 20739 13 1 479072 1 0
0 1 0 2634 14 1 461280 1 0
0 0 0 41030 14 2 528601 0 1
0 0 0 46522 15 2 523364 0 1
0 1 0 4610 15 1 427189 1 0
0 1 0 38841 0 2 445449 0 1
0 0 0 50027 0 2 546286 0 1
0 0 0 49972 1 2 556942 0 1
0 1 0 1488 1 1 388823 1 0
0 1 0 57590 2 2 401496 0 1
0 0 0 26855 2 1 526575 1 0
0 1 0 21797 3 1 393401 1 0
0 0 0 57025 3 2 533129 0 1
0 1 0 37617 4 2 420378 0 1
0 0 0 41577 4 2 542077 0 1
0 1 0 59358 5 2 478433 0 1
0 0 0 50624 5 2 561168 0 1
0 0 0 5184 6 1 558446 1 0
0 1 0 26618 6 1 502005 1 0
0 1 0 691 7 1 488953 1 0
0 0 0 41481 7 2 557125 0 1
0 0 0 6440 8 1 544287 1 0
0 1 0 41315 8 2 525682 0 1
0 1 0 21660 9 1 502155 1 0
0 0 0 37234 9 2 557807 0 1
0 1 0 6232 10 1 447225 1 0
0 0 0 65402 10 2 604317 0 1
0 1 0 64133 11 2 458172 0 1
0 0 0 8549 11 1 555576 1 0
0 0 0 43803 12 2 594715 0 1
0 1 0 2402 12 1 407725 1 0
0 0 0 16981 13 1 588706 1 0
0 1 0 63362 13 2 450348 0 1
0 1 0 37949 14 2 485663 0 1
0 0 0 44648 14 2 592324 0 1
0 0 0 10415 15 1 556217 1 0
0 1 0 38543 15 2 519596 0 1
0 1 0 61850 0 2 542605 0 1
0 0 0 10071 0 1 516261 1 0
0 1 0 24911 1 1 566028 1 0
0 0 0 11321 1 1 477610 1 0
0 0 0 24295 2 1 475050 1 0
0 1 0 20315 2 1 528753 1 0
0 0 0 54179 3 2 472204 0 1
0 1 0 33792 3 1 540748 1 0
0 0 0 10127 4 1 440754 1 0
0 1 0 41861 4 2 544992 0 1
0 0 0 42224 5 2 432354 0 1
0 1 0 59881 5 2 545515 0 1
0 1 0 4719 6 1 523616 1 0
0 0 0 53298 6 2 480468 0 1
0 0 0 4596 7 1 443583 1 0
0 1 0 8430 7 1 531355 1 0
0 0 0 14026 8 1 451169 1 0
0 1 0 3420 8 1 493460 1 0
0 1 0 18701 9 1 490501 1 0
0 0 0 5912 9 1 419847 1 0
0 1 0 16281 10 1 500550 1 0
0 0 0 54058 10 2 408503 0 1
0 1 0 38756 11 2 475173 0 1
0 0 0 128 11 1 400082 1 0
0 1 0 56780 12 2 529551 0 1
0 0 0 35381 12 2 391660 0 1
0 1 0 33271 13 2 499460 0 1
0 0 0 9053 13 1 383732 1 0
0 1 0 49823 14 2 511334 0 1
0 0 0 58149 14 2 397233 0 1
0 0 0 32718 15 2 419536 0 1
0 1 0 37625 15 2 510416 0 1
0 1 0 16203 0 1 464769 1 0
0 0 0 6682 0 1 416147 1 0
0 0 0 40213 1 2 445039 0 1
0 1 0 24590 1 1 464448 1 0
0 0 0 48655 2 2 469399 0 1
0 1 0 55210 2 2 499343 0 1
0 1 0 36110 3 2 501661 0 1
0 0 0 51660 3 2 466880 0 1
0 0 0 58124 4 2 514877 0 1
0 1 0 49820 4 2 509620 0 1
0 0 0 52065 5 2 524718 0 1
0 1 0 8439 5 1 458178 1 0
0 0 0 35955 6 2 507375 0 1
0 1 0 9403 6 1 462862 1 0
0 1 0 47963 7 2 502395 0 1
0 0 0 47448 7 2 550227 0 1
0 1 0 27130 8 1 526105 1 0
0 0 0 3245 8 1 539446 1 0
0 0 0 8267 9 1 541801 1 0
0 1 0 22355 9 1 529759 1 0
0 1 0 27184 10 1 540662 1 0
0 0 0 9103 10 1 496846 1 0
0 0 0 45171 11 2 541889 0 1
0 1 0 26528 11 1 528434 1 0
0 0 0 60684 12 2 567192 0 1
0 1 0 12272 12 1 483926 1 0
0 1 0 64153 13 2 514808 0 1
0 0 0 27753 13 1 585892 1 0
0 0 0 40427 14 2 568170 0 1
0 1 0 46178 14 2 511163 0 1
0 1 0 16267 15 1 489805 1 0
0 0 0 23724 15 1 559176 1 0
0 0 0 32011 0 1 584505 1 0
0 1 0 27412 0 1 501014 1 0
0 0 0 24499 1 1 568791 1 0
0 1 0 44081 1 2 520505 0 1
0 0 0 30988 2 1 551124 1 0
0 1 0 32347 2 2 497642 0 1
0 0 0 2306 3 1 501770 1 0
0 1 0 29047 3 1 490579 1 0
0 1 0 43126 4 2 483885 0 1
0 0 0 7628 4 1 451274 1 0
0 0 0 46806 5 2 446015 0 1
0 1 0 14476 5 1 489922 1 0
0 1 0 44043 6 2 524562 0 1
0 0 0 22199 6 1 432259 1 0
0 1 0 34131 7 2 510730 0 1
0 0 0 63982 7 2 448793 0 1
0 1 0 51335 8 2 534935 0 1
0 0 0 54231 8 2 499779 0 1
0 1 0 55573 9 2 568153 0 1
0 0 0 58773 9 2 550285 0 1
0 0 0 62064 10 2 603246 0 1
0 1 0 34405 10 1 575374 1 0
0 1 0 24648 11 1 573494 1 0
0 0 0 62173 11 2 620248 0 1
0 0 0 60416 12 2 619980 0 1
0 1 0 26369 12 1 587591 1 0
0 1 0 37365 13 2 560803 0 1
0 0 0 51247 13 2 643474 0 1
0 1 0 59889 14 2 574514 0 1
0 0 0 57770 14 2 660817 0 1
0 0 0 25849 15 1 662942 1 0
0 1 0 40495 15 2 598742 0 1
0 1 0 36867 0 1 608197 1 0
0 0 0 3264 0 1 634195 1 0
0 0 0 62655 1 2 672351 0 1
0 1 0 26509 1 1 590625 1 0
0 1 0 60366 2 2 618644 0 1
0 0 0 1245 2 1 642608 1 0
0 1 0 30090 3 1 619687 1 0
0 0 0 60419 3 2 700721 0 1
0 1 0 46165 4 2 622726 0 1
0 0 0 36854 4 1 729947 1 0
0 0 0 21943 5 1 705084 1 0
0 1 0 22274 5 1 630524 1 0
0 1 0 35779 6 1 622260 1 0
0 0 0 13028 6 1 695913 1 0
0 0 0 16240 7 1 648171 1 0
0 1 0 40791 7 2 628920 0 1
0 0 0 36507 8 1 630447 1 0
0 1 0 11185 8 1 588770 1 0
0 0 0 31875 9 1 603549 1 0
0 1 0 51310 9 2 584507 0 1
0 1 0 28244 10 1 578346 1 0
0 0 0 12292 10 1 553777 1 0
0 0 0 20007 11 1 511611 1 0
0 1 0 4901 11 1 558599 1 0
0 0 0 58779 12 2 509974 0 1
0 1 0 1541 12 1 533771 1 0
0 1 0 44124 13 2 540530 0 1
0 0 0 5978 13 1 464705 1 0
0 0 0 3135 14 1 410070 1 0
0 1 0 43167 14 2 523808 0 1
0 0 0 50109 15 2 434330 0 1
0 1 0 48737 15 2 532050 0 1
0 1 0 30750 0 1 525933 1 0
0 0 0 38464 0 2 469530 0 1
0 0 0 50496 1 2 457371 0 1
0 1 0 50879 1 2 550303 0 1
0 0 0 46157 2 2 502283 0 1
0 1 0 13547 2 1 503484 1 0
0 0 0 54657 3 2 496521 0 1
0 1 0 6137 3 1 479531 1 0
0 0 0 60579 4 2 520246 0 1
0 1 0 33077 4 2 466443 0 1
0 0 0 3428 5 1 501731 1 0
0 1 0 29674 5 2 473843 0 1
0 1 0 6009 6 1 444073 1 0
0 0 0 57405 6 2 546108 0 1
0 0 0 60928 7 2 590796 0 1
0 1 0 3184 7 1 406466 1 0
0 1 0 56624 8 2 451905 0 1
0 0 0 22774 8 1 577063 1 0
0 0 0 61394 9 2 606582 0 1
0 1 0 24387 9 1 424982 1 0
0 1 0 13 10 1 396751 1 0
0 0 0 64026 10 2 658316 0 1
0 0 0 48222 11 2 686531 0 1
0 1 0 31356 11 2 423206 0 1
0 1 0 12931 12 1 434596 1 0
0 0 0 56612 12 2 684364 0 1
0 0 0 28624 13 1 707010 1 0
0 1 0 49581 13 2 440053 0 1
0 0 0 12733 14 1 716608 1 0
0 1 0 61380 14 2 458266 0 1
0 0 0 6066 15 1 672565 1 0
0 1 0 41985 15 2 451514 0 1
0 0 0 26546 0 1 660647 1 0
0 1 0 1325 0 1 422089 1 0
0 1 0 31058 1 2 402268 0 1
0 0 0 19851 1 1 630002 1 0
0 1 0 49363 2 2 438084 0 1
0 0 0 43391 2 2 627236 0 1
0 1 0 58344 3 2 490291 0 1
0 0 0 42981 3 2 615560 0 1
0 0 0 5167 4 1 560148 1 0
0 1 0 62189 4 2 519403 0 1
0 1 0 42970 5 2 532699 0 1
0 0 0 37475 5 2 594195 0 1
0 1 0 26890 6 1 553580 1 0
0 0 0 31494 6 1 568284 1 0
0 1 0 11684 7 1 562080 1 0
0 0 0 45623 7 2 552979 0 1
0 0 0 65126 8 2 595331 0 1
0 1 0 13779 8 1 519235 1 0
0 0 0 10158 9 1 544095 1 0
0 1 0 30167 9 1 525015 1 0
0 0 0 33262 10 2 513331 0 1
0 1 0 55098 10 2 580100 0 1
0 0 0 53636 11 2 518745 0 1
0 1 0 56352 11 2 605096 0 1
0 0 0 36283 12 2 498416 0 1
0 1 0 17276 12 1 609441 1 0
0 1 0 60606 13 2 620466 0 1
0 0 0 56834 13 2 526626 0 1
0 1 0 15933 14 1 575019 1 0
0 0 0 46854 14 2 560747 0 1
0 1 0 30453 15 1 563487 1 0
0 0 0 21098 15 1 575779 1 0
0 1 0 853 0 1 563015 1 0
0 0 0 53525 0 2 602758 0 1
0 0 0 12199 1 1 595106 1 0
0 1 0 22811 1 1 554768 1 0
0 0 0 13170 2 1 564885 1 0
0 1 0 15340 2 1 520745 1 0
0 0 0 14869 3 1 536773 1 0
0 1 0 10497 3 1 472898 1 0
0 0 0 52258 4 2 583864 0 1
0 1 0 48192 4 2 458901 0 1
0 0 0 38694 5 2 585083 0 1
0 1 0 42218 5 2 458149 0 1
0 0 0 24227 6 1 577816 1 0
0 1 0 32745 6 2 464004 0 1
0 1 0 18541 7 1 470861 1 0
0 0 0 51939 7 2 584132 0 1
0 1 0 51122 8 2 508204 0 1
0 0 0 18492 8 1 537498 1 0
0 0 0 4920 9 1 532260 1 0
0 1 0 22583 9 1 500620 1 0
0 0 0 3573 10 1 502571 1 0
0 1 0 44616 10 2 490138 0 1
0 1 0 61653 11 2 495439 0 1
0 0 0 57621 11 2 506556 0 1
0 0 0 31983 12 2 502256 0 1
0 1 0 32839 12 2 511002 0 1
0 0 0 24597 13 1 470019 1 0
0 1 0 1715 13 1 452111 1 0
0 1 0 21553 14 1 457731 1 0
0 0 0 58470 14 2 481635 0 1
0 0 0 65152 15 2 525689 0 1
0 1 0 8294 15 1 435572 1 0
0 1 0 5146 0 1 439865 1 0
0 0 0 7382 0 1 479546 1 0
0 0 0 45894 1 2 513241 0 1
0 1 0 22768 1 1 439822 1 0
0 0 0 24650 2 1 524721 1 0
0 1 0 3073 2 1 427555 1 0
0 0 0 62183 3 2 572035 0 1
0 1 0 29085 3 2 446143 0 1
0 1 0 45867 4 2 443818 0 1
0 0 0 62491 4 2 582268 0 1
0 0 0 62814 5 2 606388 0 1
0 1 0 46671 5 2 448271 0 1
0 1 0 61975 6 2 477501 0 1
0 0 0 10723 6 1 592884 1 0
0 0 0 35979 7 1 576924 1 0
0 1 0 12468 7 1 471428 1 0
0 1 0 18995 8 1 439301 1 0
0 0 0 59003 8 2 617435 0 1
0 1 0 52801 9 2 469519 0 1
0 0 0 27338 9 1 639853 1 0
0 1 0 41763 10 2 466666 0 1
0 0 0 28585 10 1 664865 1 0
0 0 0 16738 11 1 623982 1 0
0 1 0 36304 11 2 441317 0 1
0 1 0 2634 12 1 411112 1 0
0 0 0 35542 12 1 627541 1 0
0 1 0 60817 13 2 470214 0 1
0 0 0 15774 13 1 618718 1 0
0 0 0 40834 14 2 601082 0 1
0 1 0 13538 14 1 462199 1 0
0 1 0 54372 15 2 508277 0 1
0 0 0 4415 15 1 540345 1 0
0 1 0 16880 0 1 520011 1 0
0 0 0 48654 0 2 581617 0 1
0 0 0 28978 1 1 564701 1 0
0 1 0 54493 1 2 551736 0 1
0 1 0 54427 2 2 603090 0 1
0 0 0 35051 2 1 575102 1 0
0 1 0 15526 3 1 589531 1 0
0 0 0 39520 3 2 552439 0 1
0 0 0 32734 4 2 522682 0 1
0 1 0 22719 4 1 566383 1 0
0 1 0 21976 5 1 541688 1 0
0 0 0 4671 5 1 464539 1 0
0 1 0 60408 6 2 540121 0 1
0 0 0 58292 6 2 512108 0 1
0 0 0 40710 7 2 516839 0 1
0 1 0 20319 7 1 547972 1 0
0 1 0 57237 8 2 586214 0 1
0 0 0 60169 8 2 518005 0 1
0 0 0 38731 9 2 529398 0 1
0 1 0 31928 9 1 565341 1 0
0 0 0 59717 10 2 560530 0 1
0 1 0 40285 10 2 563863 0 1
0 1 0 15713 11 1 543272 1 0
0 0 0 4049 11 1 547841 1 0
0 1 0 32213 12 1 572851 1 0
0 0 0 2813 12 1 515112 1 0
0 0 0 27800 13 1 527138 1 0
0 1 0 42887 13 2 554921 0 1
0 1 0 59705 14 2 601088 0 1
0 0 0 10487 14 1 496791 1 0
0 0 0 7201 15 1 499577 1 0
0 1 0 38926 15 2 585642 0 1
0 1 0 17328 0 1 586090 1 0
0 0 0 33784 0 2 484707 0 1
0 1 0 31131 1 1 562728 1 0
0 0 0 27078 1 1 482807 1 0
0 0 0 3338 2 1 451094 1 0
0 1 0 62299 2 2 570600 0 1
0 1 0 62813 3 2 617887 0 1
0 0 0 65008 3 2 476582 0 1
0 1 0 45255 4 2 640423 0 1
0 0 0 63640 4 2 507488 0 1
0 1 0 33100 5 1 651547 1 0
0 0 0 28514 5 1 531331 1 0
0 0 0 65518 6 2 538557 0 1
0 1 0 60359 6 2 651498 0 1
0 0 0 4966 7 1 502813 1 0
0 1 0 11693 7 1 642872 1 0
0 1 0 47416 8 2 633051 0 1
0 0 0 2060 8 1 444704 1 0
0 1 0 42462 9 2 643585 0 1
0 0 0 20919 9 1 426892 1 0
0 0 0 39296 10 2 406471 0 1
0 1 0 52491 10 2 655791 0 1
0 1 0 26300 11 1 666378 1 0
0 0 0 9188 11 1 411610 1 0
0 1 0 14042 12 1 648207 1 0
0 0 0 2623 12 1 411420 1 0
0 1 0 46458 13 2 651778 0 1
0 0 0 2791 13 1 386411 1 0
0 0 0 9056 14 1 384980 1 0
0 1 0 48197 14 2 640270 0 1
0 0 0 54481 15 2 432260 0 1
0 1 0 63968 15 2 665312 0 1
0 0 0 47874 0 2 446350 0 1
0 1 0 57013 0 2 704997 0 1
0 1 0 16635 1 1 690501 1 0
0 0 0 2397 1 1 421669 1 0
0 0 0 11278 2 1 429609 1 0
0 1 0 32273 2 1 660475 1 0
0 0 0 34749 3 2 399350 0 1
0 1 0 53313 3 2 650975 0 1
0 0 0 697 4 1 336407 1 0
0 1 0 62230 4 2 667950 0 1
0 1 0 11506 5 1 646356 1 0
0 0 0 24752 5 2 332645 0 1
0 1 0 39052 6 1 625049 1 0
0 0 0 55061 6 2 322188 0 1
0 0 0 36127 7 2 353349 0 1
0 1 0 31199 7 1 644555 1 0
0 0 0 7323 8 1 358612 1 0
0 1 0 41639 8 2 638778 0 1
0 0 0 62606 9 2 400299 0 1
0 1 0 22757 9 1 619073 1 0
0 1 0 36393 10 1 602975 1 0
0 0 0 60705 10 2 421708 0 1
0 1 0 52068 11 2 628743 0 1
0 0 0 64699 11 2 477219 0 1
0 1 0 62439 12 2 677140 0 1
0 0 0 8688 12 1 483284 1 0
0 0 0 41195 13 2 521688 0 1
0 1 0 8833 13 1 639515 1 0
0 1 0 16729 14 1 608047 1 0
0 0 0 3319 14 1 515951 1 0
0 1 0 47472 15 2 591551 0 1
0 0 0 29173 15 1 490643 1 0
0 1 0 34223 0 1 568761 1 0
0 0 0 25263 0 1 468032 1 0
1 0 1 30822 0 0 30822 0 1
0 1 1 63592 0 0 63592 0 1
0 1 1 31757 1 0 95349 0 1
0 0 1 14396 1 0 45218 0 1
0 0 1 56207 2 0 101425 0 1
0 1 1 63842 2 0 159191 0 1
0 0 1 61410 3 0 162835 0 1
0 1 1 26239 3 0 185430 0 1
0 1 1 22412 4 0 207842 0 1
0 0 1 13105 4 0 175940 0 1
0 1 1 39063 5 0 246905 0 1
0 0 1 28949 5 0 204889 0 1
0 1 1 4458 6 0 251363 1 0
0 0 1 63292 6 0 268181 0 1
0 1 1 25698 7 0 277061 0 1
0 0 1 46199 7 0 314380 0 1
0 0 1 10233 8 0 324613 1 0
0 1 1 43540 8 0 320601 0 1
0 0 1 20754 9 0 345367 1 0
0 1 1 56213 9 0 376814 0 1
0 0 1 22341 10 0 367708 1 0
0 1 1 6121 10 0 382935 1 0
0 1 1 14747 11 0 397682 1 0
0 0 1 52070 11 0 419778 0 1
0 0 1 50331 12 0 470109 0 1
0 1 1 45467 12 0 443149 0 1
0 0 1 42500 13 0 512609 0 1
0 1 1 38057 13 0 481206 0 1
0 1 1 28655 14 0 509861 1 0
0 0 1 45173 14 0 557782 0 1
0 1 1 33778 15 0 543639 1 0
0 0 1 3531 15 0 561313 1 0
0 1 0 63168 0 2 543215 0 1
0 0 0 47270 0 2 577761 0 1
0 1 0 33913 1 1 545371 1 0
0 0 0 15624 1 1 578989 1 0
0 0 0 36502 2 2 559284 0 1
0 1 0 33255 2 2 514784 0 1
0 0 0 39460 3 2 537334 0 1
0 1 0 14338 3 1 502883 1 0
0 1 0 55521 4 2 535992 0 1
0 0 0 29448 4 1 553677 1 0
0 1 0 46606 5 2 543535 0 1
0 0 0 13747 5 1 538475 1 0
0 0 0 27710 6 1 502893 1 0
0 1 0 49502 6 2 588579 0 1
0 0 0 44322 7 2 501016 0 1
0 1 0 41487 7 2 604368 0 1
0 1 0 32 8 1 560860 1 0
0 0 0 28107 8 1 518890 1 0
0 0 0 7956 9 1 506092 1 0
0 1 0 41043 9 2 545690 0 1
0 1 0 17841 10 1 557410 1 0
0 0 0 13387 10 1 497138 1 0
0 1 0 12353 11 1 555016 1 0
0 0 0 1813 11 1 446881 1 0
0 1 0 61607 12 2 571156 0 1
0 0 0 9558 12 1 406108 1 0
0 0 0 59570 13 2 423178 0 1
0 1 0 20107 13 1 553206 1 0
0 1 0 62195 14 2 586746 0 1
0 0 0 14990 14 1 392995 1 0
0 0 0 58666 15 2 448130 0 1
0 1 0 34409 15 1 587377 1 0
0 1 0 53387 0 2 577596 0 1
0 0 0 23904 0 1 424764 1 0
0 0 0 60858 1 2 469998 0 1
0 1 0 11053 1 1 554736 1 0
0 1 0 47873 2 2 569354 0 1
0 0 0 9525 2 1 443021 1 0
0 0 0 11462 3 1 415023 1 0
0 1 0 36810 3 1 591826 1 0
0 0 0 42728 4 2 428303 0 1
0 1 0 4857 4 1 541162 1 0
0 1 0 56586 5 2 551142 0 1
0 0 0 64553 5 2 479109 0 1
0 0 0 31647 6 2 483046 0 1
0 1 0 58904 6 2 560544 0 1
0 1 0 10886 7 1 529943 1 0
0 0 0 33283 7 2 472007 0 1
0 1 0 7868 8 1 537779 1 0
0 0 0 50633 8 2 494533 0 1
0 1 0 23715 9 1 520451 1 0
0 0 0 1984 9 1 488561 1 0
0 0 0 4689 10 1 479863 1 0
0 1 0 54015 10 2 556625 0 1
0 1 0 31977 11 1 576249 1 0
0 0 0 14650 11 1 492700 1 0
0 1 0 44767 12 2 559409 0 1
0 0 0 36764 12 2 519906 0 1
0 0 0 37944 13 2 498280 0 1
0 1 0 49756 13 2 589058 0 1
0 1 0 14227 14 1 541090 1 0
0 0 0 26507 14 1 509797 1 0
0 1 0 16882 15 1 523563 1 0
0 0 0 48844 15 2 499975 0 1
0 0 0 17246 0 1 493317 1 0
0 1 0 20267 0 1 490443 1 0
0 0 0 14774 1 1 447233 1 0
0 1 0 15093 1 1 494483 1 0
0 0 0 35975 2 2 473683 0 1
0 1 0 19972 2 1 466582 1 0
0 1 0 25564 3 1 455336 1 0
0 0 0 16455 3 1 478676 1 0
0 1 0 2129 4 1 452608 1 0
0 0 0 26484 4 1 462432 1 0
0 0 0 17041 5 1 414920 1 0
0 1 0 60122 5 2 456144 0 1
0 0 0 4038 6 1 387311 1 0
0 1 0 53817 6 2 451057 0 1
0 0 0 4227 7 1 358255 1 0
0 1 0 58254 7 2 498425 0 1
0 0 0 45934 8 2 353556 0 1
0 1 0 46626 8 2 537183 0 1
0 1 0 58111 9 2 571579 0 1
0 0 0 21331 9 1 372903 1 0
0 1 0 62184 10 2 579748 0 1
0 0 0 58154 10 2 426368 0 1
0 0 0 53818 11 2 465536 0 1
0 1 0 56352 11 2 604123 0 1
0 0 0 5161 12 1 433933 1 0
0 1 0 31542 12 1 590898 1 0
0 1 0 33265 13 1 574407 1 0
0 0 0 13070 13 1 409059 1 0
0 1 0 5574 14 1 565754 1 0
0 0 0 39219 14 2 421771 0 1
0 0 0 8685 15 1 381612 1 0
0 1 0 21153 15 1 570025 1 0
0 1 0 16643 0 1 566401 1 0
0 0 0 5526 0 1 369892 1 0
0 1 0 22214 1 1 573522 1 0
0 0 0 41326 1 2 396444 0 1
0 1 0 8612 2 1 562162 1 0
0 0 0 12789 2 1 373258 1 0
0 0 0 47139 3 2 403942 0 1
0 1 0 53340 3 2 589938 0 1
0 1 0 10491 4 1 598300 1 0
0 0 0 6110 4 1 383568 1 0
0 1 0 8442 5 1 546620 1 0
0 0 0 8888 5 1 375415 1 0
0 1 0 57706 6 2 550509 0 1
0 0 0 27098 6 2 398475 0 1
0 0 0 13023 7 1 407271 1 0
0 1 0 48653 7 2 540908 0 1
0 1 0 42947 8 2 537229 0 1
0 0 0 30004 8 2 391341 0 1
0 1 0 9451 9 1 488569 1 0
0 0 0 35063 9 2 405073 0 1
0 0 0 34631 10 2 381550 0 1
0 1 0 29330 10 2 455715 0 1
0 1 0 20672 11 1 420035 1 0
0 0 0 44104 11 2 371836 0 1
0 1 0 7809 12 1 396302 1 0
0 0 0 4833 12 1 371508 1 0
0 1 0 5924 13 1 368961 1 0
0 0 0 58174 13 2 416612 0 1
0 0 0 5852 14 1 383245 1 0
0 1 0 50479 14 2 413866 0 1
0 1 0 9894 15 1 402607 1 0
0 0 0 58721 15 2 433281 0 1
0 1 0 17431 0 1 403395 1 0
0 0 0 14962 0 1 442717 1 0
0 0 0 4593 1 1 405984 1 0
0 1 0 12612 1 1 393793 1 0
0 0 0 2091 2 1 395286 1 0
0 1 0 44014 2 2 429195 0 1
0 0 0 50957 3 2 399104 0 1
0 1 0 39640 3 2 415495 0 1
0 0 0 50947 4 2 443941 0 1
0 1 0 3491 4 1 408495 1 0
0 1 0 58529 5 2 458582 0 1
0 0 0 41463 5 2 476516 0 1
0 1 0 44358 6 2 445234 0 1
0 0 0 58901 6 2 508319 0 1
0 1 0 25346 7 1 421927 1 0
0 0 0 1396 7 1 496692 1 0
0 0 0 55681 8 2 522369 0 1
0 1 0 11801 8 1 390781 1 0
0 1 0 50091 9 2 431421 0 1
0 0 0 63017 9 2 550323 0 1
0 1 0 41093 10 2 443184 0 1
0 0 0 53317 10 2 569009 0 1
0 1 0 63685 11 2 486197 0 1
0 0 0 7842 11 1 532747 1 0
0 1 0 47041 12 2 525429 0 1
0 0 0 5794 12 1 533708 1 0
0 0 0 30460 13 1 505994 1 0
0 1 0 33670 13 1 553175 1 0
0 0 0 55736 14 2 555878 0 1
0 1 0 18017 14 1 520713 1 0
0 0 0 14994 15 1 512151 1 0
0 1 0 36093 15 2 546912 0 1
0 1 0 11863 0 1 541344 1 0
0 0 0 18907 0 1 516096 1 0
0 1 0 65491 1 2 594223 0 1
0 0 0 16640 1 1 528143 1 0
0 0 0 38173 2 2 564225 0 1
0 1 0 55528 2 2 605737 0 1
0 0 0 22899 3 1 536167 1 0
0 1 0 9903 3 1 576000 1 0
0 1 0 21717 4 1 594226 1 0
0 0 0 65312 4 2 550532 0 1
0 0 0 36221 5 2 545290 0 1
0 1 0 7525 5 1 543222 1 0
0 0 0 11832 6 1 498221 1 0
0 1 0 21520 6 1 520384 1 0
0 0 0 24658 7 1 521483 1 0
0 1 0 48900 7 2 543938 0 1
0 0 0 44605 8 2 510407 0 1
0 1 0 23981 8 1 556118 1 0
0 0 0 36226 9 2 483616 0 1
0 1 0 59179 9 2 565206 0 1
0 1 0 6524 10 1 530637 1 0
0 0 0 64787 10 2 495086 0 1
0 1 0 50429 11 2 517381 0 1
0 0 0 2475 11 1 489719 1 0
0 0 0 52468 12 2 536393 0 1
0 1 0 40348 12 2 510688 0 1
0 1 0 33020 13 2 510038 0 1
0 0 0 16693 13 1 522626 1 0
0 1 0 4520 14 1 496541 1 0
0 0 0 44757 14 2 511647 0 1
0 1 0 56187 15 2 516635 0 1
0 0 0 15416 15 1 512069 1 0
0 1 0 46971 0 2 551743 0 1
0 0 0 6856 0 1 500018 1 0
0 0 0 8794 1 1 492172 1 0
0 1 0 53190 1 2 539442 0 1
0 1 0 36286 2 2 520200 0 1
0 0 0 16862 2 1 470861 1 0
0 0 0 23253 3 1 471215 1 0
0 1 0 4399 3 1 514696 1 0
0 1 0 10743 4 1 503722 1 0
0 0 0 31202 4 2 437105 0 1
0 1 0 14268 5 1 510465 1 0
0 0 0 53392 5 2 454276 0 1
0 0 0 13658 6 1 456102 1 0
0 1 0 65443 6 2 554388 0 1
0 0 0 5418 7 1 436862 1 0
0 1 0 57048 7 2 562536 0 1
0 0 0 19788 8 1 412045 1 0
0 1 0 55315 8 2 593870 0 1
0 0 0 39446 9 2 415265 0 1
0 1 0 61094 9 2 595785 0 1
0 1 0 9452 10 1 598713 1 0
0 0 0 36299 10 2 386777 0 1
0 1 0 60939 11 2 609223 0 1
0 0 0 25041 11 1 409343 1 0
0 1 0 55074 12 2 623949 0 1
0 0 0 53203 12 2 410078 0 1
0 1 0 19282 13 1 610211 1 0
0 0 0 49198 13 2 442583 0 1
0 0 0 28353 14 2 426179 0 1
0 1 0 63526 14 2 669217 0 1
0 1 0 16442 15 1 629472 1 0
0 0 0 45349 15 2 456112 0 1
0 1 0 25298 0 1 607799 1 0
0 0 0 3867 0 1 453123 1 0
0 0 0 39475 1 2 483804 0 1
0 1 0 51340 1 2 605949 0 1
0 1 0 53985 2 2 623648 0 1
0 0 0 24801 2 1 491743 1 0
0 0 0 27089 3 1 495579 1 0
0 1 0 25437 3 1 644686 1 0
0 1 0 36931 4 1 670874 1 0
0 0 0 10493 4 1 474870 1 0
0 1 0 31049 5 1 687655 1 0
0 0 0 25842 5 1 447320 1 0
0 0 0 64696 6 2 498358 0 1
0 1 0 49046 6 2 671258 0 1
0 0 0 32875 7 2 525815 0 1
0 1 0 24169 7 1 638379 1 0
0 0 0 3304 8 1 509331 1 0
0 1 0 2336 8 1 585400 1 0
0 0 0 4349 9 1 474234 1 0
0 1 0 56617 9 2 580923 0 1
0 1 0 3986 10 1 575457 1 0
0 0 0 18419 10 1 456354 1 0
0 1 0 45553 11 2 560071 0 1
0 0 0 48113 11 2 479426 0 1
0 0 0 5804 12 1 432027 1 0
0 1 0 45531 12 2 550528 0 1
0 1 0 59154 13 2 590400 0 1
0 0 0 51927 13 2 434756 0 1
0 0 0 23310 14 1 429713 1 0
0 1 0 43996 14 2 570870 0 1
0 1 0 57786 15 2 612214 0 1
0 0 0 59114 15 2 443478 0 1
0 0 0 17577 0 1 457188 1 0
0 1 0 25021 0 1 611937 1 0
0 0 0 18892 1 1 436605 1 0
0 1 0 4171 1 1 564768 1 0
0 1 0 65150 2 2 575933 0 1
0 0 0 41679 2 2 453483 0 1
0 1 0 22323 3 1 572819 1 0
0 0 0 43993 3 2 470387 0 1
0 0 0 56508 4 2 516402 0 1
0 1 0 53187 4 2 589075 0 1
0 1 0 34482 5 1 592508 1 0
0 0 0 25569 5 1 516129 1 0
0 0 0 56533 6 2 507966 0 1
0 1 0 40923 6 2 584385 0 1
0 0 0 5764 7 1 480855 1 0
0 1 0 55830 7 2 616046 0 1
0 1 0 65346 8 2 679056 0 1
0 0 0 46387 8 2 523938 0 1
0 0 0 27933 9 1 547522 1 0
0 1 0 40802 9 1 663241 1 0
0 1 0 29078 10 1 688333 1 0
0 0 0 54609 10 2 583712 0 1
0 0 0 38651 11 2 574250 0 1
0 1 0 23490 11 1 666270 1 0
0 1 0 63159 12 2 683898 0 1
0 0 0 30859 12 1 599305 1 0
0 1 0 26211 13 1 650955 1 0
0 0 0 35014 13 1 582392 1 0
0 0 0 28837 14 1 587919 1 0
0 1 0 2711 14 1 609670 1 0
0 0 0 8333 15 1 537138 1 0
0 1 0 38434 15 2 590318 0 1
0 1 0 42595 0 2 607892 0 1
0 0 0 15621 0 1 535182 1 0
0 1 0 52306 1 2 656027 0 1
0 0 0 49792 1 2 566082 0 1
0 0 0 5296 2 1 529699 1 0
0 1 0 39671 2 2 630548 0 1
0 1 0 24665 3 1 632890 1 0
0 0 0 54042 3 2 539748 0 1
0 1 0 56787 4 2 636490 0 1
0 0 0 64147 4 2 547387 0 1
0 0 0 40113 5 2 561931 0 1
0 1 0 40303 5 2 642311 0 1
0 1 0 65007 6 2 666395 0 1
0 0 0 23081 6 1 528479 1 0
0 1 0 28796 7 1 639361 1 0
0 0 0 13580 7 1 536295 1 0
0 0 0 58535 8 2 548443 0 1
0 1 0 23528 8 1 597543 1 0
0 0 0 22947 9 1 543457 1 0
0 1 0 8332 9 1 565073 1 0
0 0 0 46913 10 2 535761 0 1
0 1 0 41380 10 2 577375 0 1
0 1 0 40830 11 2 594715 0 1
0 0 0 3203 11 1 500313 1 0
0 0 0 53578 12 2 523032 0 1
0 1 0 24241 12 1 555797 1 0
0 0 0 40548 13 2 528566 0 1
0 1 0 13888 13 1 543474 1 0
0 0 0 13847 14 1 513576 1 0
0 1 0 12773 14 1 553536 1 0
0 0 0 63278 15 2 568521 0 1
0 1 0 5216 15 1 520318 1 0
0 1 0 9579 0 1 487302 1 0
0 0 0 29576 0 1 582476 1 0
0 0 0 8977 1 1 541661 1 0
0 1 0 30721 1 2 465717 0 1
0 1 0 55974 2 2 482020 0 1
0 0 0 59298 2 2 595663 0 1
0 1 0 59568 3 2 516923 0 1
0 0 0 2041 3 1 543662 1 0
0 0 0 31979 4 2 511494 0 1
0 1 0 59625 4 2 519761 0 1
0 0 0 32424 5 2 503805 0 1
0 1 0 48550 5 2 528008 0 1
0 1 0 65125 6 2 528126 0 1
0 0 0 43056 6 2 523780 0 1
0 0 0 27473 7 1 537673 1 0
0 1 0 49027 7 2 548357 0 1
0 0 0 55533 8 2 534671 0 1
0 1 0 63850 8 2 588679 0 1
0 1 0 37496 9 1 617843 1 0
0 0 0 38579 9 2 550303 0 1
0 0 0 1655 10 1 505045 1 0
0 1 0 56872 10 2 633335 0 1
0 1 0 20209 11 1 612714 1 0
0 0 0 46623 11 2 548465 0 1
0 1 0 31419 12 1 619892 1 0
0 0 0 31440 12 1 526327 1 0
0 0 0 56219 13 2 541998 0 1
0 1 0 49951 13 2 655955 0 1
0 0 0 30627 14 1 558778 1 0
0 1 0 63721 14 2 706903 0 1
0 1 0 21426 15 1 723113 1 0
0 0 0 56847 15 2 552347 0 1
0 0 0 26107 0 1 548878 1 0
0 1 0 62937 0 2 776471 0 1
0 1 0 2305 1 1 748055 1 0
0 0 0 52307 1 2 592208 0 1
0 1 0 23515 2 1 715596 1 0
0 0 0 47485 2 2 580395 0 1
0 1 0 10122 3 1 666150 1 0
0 0 0 8556 3 1 586910 1 0
0 1 0 45828 4 2 652353 0 1
0 0 0 63054 4 2 617985 0 1
0 0 0 48148 5 2 633709 0 1
0 1 0 38935 5 1 642738 1 0
0 0 0 50317 6 2 640970 0 1
0 1 0 21144 6 1 598757 1 0
0 1 0 61665 7 2 611395 0 1
0 0 0 3743 7 1 617240 1 0
0 1 0 60956 8 2 608501 0 1
0 0 0 4023 8 1 565730 1 0
0 0 0 27436 9 1 554587 1 0
0 1 0 51533 9 2 622538 0 1
0 1 0 45200 10 2 610866 0 1
0 0 0 16729 10 1 569661 1 0
0 0 0 161 11 1 523199 1 0
0 1 0 9253 11 1 599910 1 0
0 1 0 40410 12 2 608901 0 1
0 0 0 4374 12 1 496133 1 0
0 1 0 617 13 1 559567 1 0
0 0 0 53037 13 2 492951 0 1
0 0 0 33379 14 2 495703 0 1
0 1 0 61981 14 2 557827 0 1
0 1 0 47819 15 2 584220 0 1
0 0 0 48886 15 2 487742 0 1
0 1 0 36756 0 2 558039 0 1
0 0 0 52178 0 2 513813 0 1
0 0 0 350 1 1 461856 1 0
0 1 0 14127 1 1 569861 1 0
0 0 0 44550 2 2 458921 0 1
0 1 0 49335 2 2 595681 0 1
0 0 0 61070 3 2 511435 0 1
0 1 0 30924 3 1 616483 1 0
0 1 0 46627 4 2 617282 0 1
0 0 0 221 4 1 448602 1 0
0 1 0 8728 5 1 587075 1 0
0 0 0 58565 5 2 459019 0 1
0 0 0 5094 6 1 413796 1 0
0 1 0 5956 6 1 571887 1 0
0 1 0 26375 7 1 536597 1 0
0 0 0 49993 7 2 460046 0 1
0 0 0 34126 8 2 490149 0 1
0 1 0 606 8 1 476247 1 0
0 0 0 2624 9 1 465337 1 0
0 1 0 28372 9 2 453086 0 1
0 0 0 56154 10 2 504762 0 1
0 1 0 37764 10 2 445650 0 1
0 1 0 30873 11 2 467270 0 1
0 0 0 4475 11 1 509076 1 0
0 1 0 17672 12 1 444532 1 0
0 0 0 26938 12 1 531640 1 0
0 1 0 59865 13 2 503780 0 1
0 0 0 25821 13 1 504424 1 0
0 0 0 41236 14 2 512281 0 1
0 1 0 10726 14 1 452525 1 0
0 0 0 54558 15 2 517953 0 1
0 1 0 52620 15 2 457326 0 1
0 0 0 37831 0 2 503606 0 1
0 1 0 13706 0 1 434276 1 0
0 1 0 37090 1 2 457239 0 1
0 0 0 5735 1 1 508991 1 0
0 0 0 55284 2 2 519725 0 1
0 1 0 13471 2 1 421375 1 0
0 0 0 29759 3 1 488414 1 0
0 1 0 54695 3 2 445146 0 1
0 0 0 58550 4 2 546743 0 1
0 1 0 30464 4 2 428983 0 1
0 0 0 61456 5 2 549634 0 1
0 1 0 33838 5 2 454093 0 1
0 1 0 62978 6 2 511115 0 1
0 0 0 60412 6 2 604952 0 1
0 1 0 63305 7 2 548045 0 1
0 0 0 8404 7 1 563363 1 0
0 0 0 37622 8 2 566859 0 1
0 1 0 27599 8 1 575038 1 0
0 0 0 45370 9 2 609605 0 1
0 1 0 7334 9 1 554000 1 0
0 1 0 33774 10 1 550010 1 0
0 0 0 58604 10 2 612055 0 1
0 1 0 33881 11 1 553018 1 0
0 0 0 18542 11 1 626122 1 0
0 0 0 49781 12 2 648965 0 1
0 1 0 11741 12 1 547087 1 0
0 1 0 59277 13 2 546499 0 1
0 0 0 13888 13 1 637032 1 0
0 0 0 5385 14 1 601181 1 0
0 1 0 11270 14 1 547043 1 0
0 1 0 62411 15 2 556834 0 1
0 0 0 15176 15 1 561799 1 0
0 0 0 40181 0 2 564149 0 1
0 1 0 1772 0 1 544900 1 0
0 1 0 15170 1 1 522980 1 0
0 0 0 23238 1 1 581652 1 0
0 1 0 50623 2 2 560132 0 1
0 0 0 17844 2 1 544212 1 0
0 1 0 59241 3 2 564678 0 1
0 0 0 13631 3 1 528084 1 0
0 0 0 41831 4 2 511365 0 1
0 1 0 6474 4 1 540688 1 0
0 1 0 55689 5 2 562539 0 1
0 0 0 19309 5 1 469218 1 0
0 0 0 11588 6 1 420394 1 0
0 1 0 16401 6 1 515962 1 0
0 1 0 21681 7 1 474338 1 0
0 0 0 3468 7 1 415458 1 0
0 1 0 43799 8 2 490538 0 1
0 0 0 45601 8 2 423437 0 1
0 0 0 7992 9 1 386059 1 0
0 1 0 60377 9 2 543581 0 1
0 0 0 8172 10 1 335627 1 0
0 1 0 13313 10 1 523120 1 0
0 0 0 37532 11 2 354617 0 1
0 1 0 24423 11 1 513662 1 0
0 1 0 2314 12 1 504235 1 0
0 0 0 20914 12 2 325750 0 1
0 0 0 1349 13 1 313211 1 0
0 1 0 57905 13 2 502863 0 1
0 1 0 23985 14 1 515578 1 0
0 0 0 42438 14 2 350264 0 1
0 0 0 3704 15 1 338792 1 0
0 1 0 61548 15 2 514715 0 1
0 0 0 31009 0 2 329620 0 1
0 1 0 21889 0 1 534832 1 0
1 1 1 56875 0 0 56875 0 1
0 0 1 47332 0 0 47332 0 1
0 0 1 27433 1 0 74765 0 1
0 1 1 62812 1 0 119687 0 1
0 1 1 7338 2 0 127025 1 0
0 0 1 15711 2 0 90476 0 1
0 1 1 1293 3 0 128318 1 0
0 0 1 42122 3 0 132598 0 1
0 1 1 3337 4 0 131655 1 0
0 0 1 2577 4 0 135175 1 0
0 1 1 5717 5 0 137372 1 0
0 0 1 14724 5 0 149899 0 1
0 0 1 1720 6 0 151619 1 0
0 1 1 13663 6 0 151035 0 1
0 1 1 59454 7 0 210489 0 1
0 0 1 39960 7 0 191579 0 1
0 1 1 45928 8 0 256417 0 1
0 0 1 62124 8 0 253703 0 1
0 1 1 34648 9 0 291065 0 1
0 0 1 3132 9 0 256835 1 0
0 0 1 43967 10 0 300802 0 1
0 1 1 58861 10 0 349926 0 1
0 1 1 63477 11 0 413403 0 1
0 0 1 25799 11 0 326601 0 1
0 0 1 54232 12 0 380833 0 1
0 1 1 9170 12 0 422573 1 0
0 1 1 32493 13 0 455066 0 1
0 0 1 23688 13 0 404521 1 0
0 0 1 10598 14 0 415119 1 0
0 1 1 57066 14 0 512132 0 1
0 1 1 35534 15 0 547666 0 1
0 0 1 45126 15 0 460245 0 1
0 0 0 33560 0 0 446473 0 1
0 1 0 1392 0 1 492183 1 0
0 1 0 28726 1 2 458097 0 1
0 0 0 28491 1 0 447531 0 1
0 0 0 44236 2 0 476056 0 1
0 1 0 56563 2 2 507322 0 1
0 1 0 60248 3 2 566277 0 1
0 0 0 12703 3 1 446637 1 0
0 0 0 7420 4 1 451480 1 0
0 1 0 64101 4 2 627041 0 1
0 0 0 5261 5 1 442017 1 0
0 1 0 28662 5 1 649986 1 0
0 1 0 44492 6 2 680815 0 1
0 0 0 34972 6 2 475269 0 1
0 0 0 40666 7 2 475975 0 1
0 1 0 10429 7 1 631790 1 0
0 0 0 323 8 1 414174 1 0
0 1 0 32372 8 1 618234 1 0
0 0 0 45144 9 2 456186 0 1
0 1 0 60415 9 2 644001 0 1
0 1 0 12560 10 1 597700 1 0
0 0 0 971 10 1 413190 1 0
0 1 0 20579 11 1 554802 1 0
0 0 0 20334 11 1 407725 1 0
0 1 0 33062 12 1 578694 1 0
0 0 0 52156 12 2 405649 0 1
0 1 0 14354 13 1 560555 1 0
0 0 0 39200 13 2 421161 0 1
0 1 0 22268 14 1 525757 1 0
0 0 0 7457 14 1 418020 1 0
0 0 0 54497 15 2 427391 0 1
0 1 0 33790 15 2 524013 0 1
0 0 0 63873 0 2 457704 0 1
0 1 0 15864 0 1 538485 1 0
0 0 0 5347 1 1 434560 1 0
0 1 0 47189 1 2 556948 0 1
0 1 0 59410 2 2 559795 0 1
0 0 0 19287 2 1 409611 1 0
0 0 0 30686 3 2 427594 0 1
0 1 0 38087 3 2 537634 0 1
0 0 0 51213 4 2 471387 0 1
0 1 0 64438 4 2 537971 0 1
0 1 0 21989 5 1 531298 1 0
0 0 0 2810 5 1 468936 1 0
0 1 0 12 6 1 486818 1 0
0 0 0 32147 6 2 466111 0 1
0 0 0 34677 7 2 460122 0 1
0 1 0 23958 7 1 500347 1 0
0 0 0 24320 8 1 484119 1 0
0 1 0 16098 8 1 484073 1 0
0 0 0 10897 9 1 449872 1 0
0 1 0 13559 9 1 437217 1 0
0 1 0 31866 10 2 456523 0 1
0 0 0 39631 10 2 488532 0 1
0 1 0 60337 11 2 496281 0 1
0 0 0 1994 11 1 470192 1 0
0 1 0 41319 12 2 504538 0 1
0 0 0 41100 12 2 459136 0 1
0 0 0 50503 13 2 470439 0 1
0 1 0 3025 13 1 493209 1 0
0 0 0 52095 14 2 515077 0 1
0 1 0 13009 14 1 483950 1 0
0 1 0 47370 15 2 497530 0 1
0 0 0 48802 15 2 509382 0 1
0 0 0 48060 0 2 493569 0 1
0 1 0 45605 0 2 527271 0 1
0 0 0 41416 1 2 529638 0 1
0 1 0 26594 1 1 506676 1 0
0 1 0 52557 2 2 499823 0 1
0 0 0 19734 2 1 530085 1 0
0 1 0 22786 3 1 484522 1 0
0 0 0 59609 3 2 559008 0 1
0 1 0 60279 4 2 480363 0 1
0 0 0 628 4 1 508423 1 0
0 0 0 47936 5 2 553549 0 1
0 1 0 30990 5 2 489364 0 1
0 0 0 42426 6 2 563828 0 1
0 1 0 17151 6 1 506503 1 0
0 1 0 56637 7 2 539182 0 1
0 0 0 23398 7 1 552549 1 0
0 1 0 21982 8 1 545066 1 0
0 0 0 24623 8 1 552852 1 0
0 1 0 18186 9 1 549693 1 0
0 0 0 5618 9 1 547573 1 0
0 1 0 12028 10 1 529855 1 0
0 0 0 61374 10 2 569316 0 1
0 1 0 63578 11 2 533096 0 1
0 0 0 29125 11 1 596447 1 0
0 1 0 55331 12 2 547108 0 1
0 0 0 8099 12 1 563446 1 0
0 1 0 31935 13 1 576018 1 0
0 0 0 9702 13 1 522645 1 0
0 0 0 59493 14 2 530043 0 1
0 1 0 62536 14 2 625545 0 1
0 1 0 52249 15 2 630424 0 1
0 0 0 3535 15 1 484776 1 0
0 1 0 28900 0 1 613719 1 0
0 0 0 56466 0 2 493182 0 1
0 0 0 64058 1 2 515824 0 1
0 1 0 2705 1 1 589830 1 0
0 1 0 63547 2 2 600820 0 1
0 0 0 64875 2 2 560965 0 1
0 1 0 45705 3 2 623739 0 1
0 0 0 42098 3 2 543454 0 1
0 0 0 52814 4 2 595640 0 1
0 1 0 44671 4 2 608131 0 1
0 0 0 55735 5 2 603439 0 1
0 1 0 31465 5 1 608606 1 0
0 1 0 32582 6 1 624037 1 0
0 0 0 2796 6 1 563809 1 0
0 0 0 64185 7 2 604596 0 1
0 1 0 21731 7 1 589131 1 0
0 1 0 62912 8 2 630061 0 1
0 0 0 65383 8 2 645356 0 1
0 0 0 54518 9 2 694256 0 1
0 1 0 64522 9 2 676397 0 1
0 1 0 48235 10 2 712604 0 1
0 0 0 10014 10 1 642896 1 0
0 1 0 13454 11 1 662480 1 0
0 0 0 54285 11 2 668056 0 1
0 1 0 36031 12 1 643180 1 0
0 0 0 57953 12 2 717910 0 1
0 0 0 41774 13 1 749982 1 0
0 1 0 29920 13 1 641165 1 0
0 0 0 55135 14 2 745624 0 1
0 1 0 2586 14 1 581215 1 0
0 1 0 50354 15 2 579320 0 1
0 0 0 41981 15 1 784070 1 0
0 0 0 46023 0 1 773627 1 0
0 1 0 41653 0 2 592073 0 1
0 1 0 2584 1 1 591952 1 0
0 0 0 41645 1 1 751214 1 0
0 0 0 1725 2 1 688064 1 0
0 1 0 53690 2 2 582095 0 1
0 0 0 6707 3 1 652673 1 0
0 1 0 50553 3 2 586943 0 1
0 1 0 20053 4 1 562325 1 0
0 0 0 17361 4 1 617220 1 0
0 0 0 17843 5 1 579328 1 0
0 1 0 51244 5 2 582104 0 1
0 1 0 17041 6 1 566563 1 0
0 0 0 58315 6 2 634847 0 1
0 1 0 40937 7 2 585769 0 1
0 0 0 14931 7 1 585593 1 0
0 1 0 44970 8 2 567827 0 1
0 0 0 18817 8 1 539027 1 0
0 0 0 2905 9 1 487414 1 0
0 1 0 30003 9 1 533308 1 0
0 0 0 20108 10 1 497508 1 0
0 1 0 30269 10 1 515342 1 0
0 1 0 11224 11 1 513112 1 0
0 0 0 52733 11 2 495956 0 1
0 1 0 49690 12 2 526771 0 1
0 0 0 41851 12 2 479854 0 1
0 1 0 33439 13 2 530290 0 1
0 0 0 27248 13 1 465328 1 0
0 1 0 5313 14 1 533017 1 0
0 0 0 5716 14 1 415909 1 0
0 1 0 26233 15 1 508896 1 0
0 0 0 57589 15 2 431517 0 1
0 0 0 4742 0 1 390236 1 0
0 1 0 4536 0 1 471779 1 0
0 0 0 14954 1 1 363545 1 0
0 1 0 50272 1 2 519467 0 1
0 1 0 43689 2 2 509466 0 1
0 0 0 18263 2 1 380083 1 0
0 0 0 49461 3 2 422837 0 1
0 1 0 46667 3 2 505580 0 1
0 0 0 31420 4 2 436896 0 1
0 1 0 8348 4 1 493875 1 0
0 1 0 7277 5 1 449908 1 0
0 0 0 11118 5 1 430171 1 0
0 0 0 9648 6 1 381504 1 0
0 1 0 1698 6 1 434565 1 0
0 1 0 59579 7 2 453207 0 1
0 0 0 46962 7 2 413535 0 1
0 1 0 55549 8 2 463786 0 1
0 0 0 47371 8 2 442089 0 1
0 0 0 47228 9 2 486412 0 1
0 1 0 31572 9 2 465355 0 1
0 0 0 34473 10 2 500777 0 1
0 1 0 42309 10 2 477395 0 1
0 0 0 47365 11 2 495409 0 1
0 1 0 62056 11 2 528227 0 1
0 0 0 56067 12 2 509625 0 1
0 1 0 51528 12 2 530065 0 1
0 1 0 31650 13 1 528276 1 0
0 0 0 23216 13 1 505593 1 0
0 0 0 25843 14 1 525720 1 0
0 1 0 53351 14 2 576314 0 1
0 0 0 41322 15 2 509453 0 1
0 1 0 62646 15 2 612727 0 1
0 0 0 64827 0 2 569538 0 1
0 1 0 48123 0 2 656314 0 1
0 0 0 40555 1 2 595139 0 1
0 1 0 48574 1 2 654616 0 1
0 0 0 25057 2 1 601933 1 0
0 1 0 37095 2 1 648022 1 0
0 0 0 42061 3 2 594533 0 1
0 1 0 54846 3 2 656201 0 1
0 0 0 18095 4 1 581208 1 0
0 1 0 41777 4 1 689630 1 0
0 0 0 29024 5 1 599114 1 0
0 1 0 19491 5 1 701844 1 0
0 0 0 21992 6 1 611458 1 0
0 1 0 7299 6 1 707445 1 0
0 1 0 23029 7 1 670895 1 0
0 0 0 54198 7 2 618694 0 1
0 1 0 59321 8 2 674667 0 1
0 0 0 14018 8 1 585341 1 0
0 1 0 34227 9 1 677322 1 0
0 0 0 4629 9 1 542742 1 0
0 1 0 65305 10 2 700318 0 1
0 0 0 3381 10 1 511650 1 0
0 1 0 36946 11 1 675208 1 0
0 0 0 30469 11 1 494754 1 0
0 0 0 44961 12 2 483648 0 1
0 1 0 25266 12 1 648946 1 0
0 1 0 11865 13 1 629161 1 0
0 0 0 18775 13 1 479207 1 0
0 0 0 54814 14 2 508178 0 1
0 1 0 40779 14 2 616589 0 1
0 1 0 63175 15 2 617118 0 1
0 0 0 2064 15 1 468920 1 0
0 0 0 5541 0 1 409634 1 0
0 1 0 54556 0 2 623551 0 1
0 0 0 27256 1 2 396335 0 1
0 1 0 9503 1 1 584480 1 0
0 1 0 51607 2 2 598992 0 1
0 0 0 1894 2 1 373172 1 0
0 0 0 6219 3 1 337330 1 0
0 1 0 51888 3 2 596034 0 1
0 0 0 30493 4 2 349728 0 1
0 1 0 18826 4 1 573083 1 0
0 0 0 53376 5 2 374080 0 1
0 1 0 9129 5 1 562721 1 0
0 1 0 10737 6 1 566159 1 0
0 0 0 53452 6 2 405540 0 1
0 1 0 42740 7 2 585870 0 1
0 0 0 52551 7 2 403893 0 1
0 0 0 18323 8 1 408198 1 0
0 1 0 958 8 1 527507 1 0
0 0 0 59084 9 2 462653 0 1
0 1 0 56711 9 2 549991 0 1
0 0 0 12571 10 1 471843 1 0
0 1 0 21399 10 1 506085 1 0
0 0 0 56377 11 2 497751 0 1
0 1 0 61243 11 2 530382 0 1
0 0 0 64314 12 2 517104 0 1
0 1 0 7263 12 1 512379 1 0
0 0 0 45542 13 2 543871 0 1
0 1 0 64861 13 2 565375 0 1
0 1 0 17425 14 1 542021 1 0
0 0 0 26734 14 1 515791 1 0
0 1 0 6704 15 1 485550 1 0
0 0 0 3422 15 1 517149 1 0
0 0 0 58548 0 2 570156 0 1
0 1 0 27601 0 1 458595 1 0
0 0 0 52040 1 2 594940 0 1
0 1 0 27118 1 1 476210 1 0
0 0 0 16992 2 1 610038 1 0
0 1 0 38405 2 2 463008 0 1
0 0 0 39790 3 1 643609 1 0
0 1 0 63045 3 2 474165 0 1
0 1 0 33996 4 2 489335 0 1
0 0 0 34343 4 1 647459 1 0
0 1 0 60193 5 2 540399 0 1
0 0 0 52765 5 2 646848 0 1
0 1 0 63673 6 2 593335 0 1
0 0 0 23032 6 1 616428 1 0
0 1 0 43924 7 2 594519 0 1
0 0 0 34924 7 1 598801 1 0
0 0 0 9064 8 1 589542 1 0
0 1 0 25757 8 1 619318 1 0
0 1 0 62900 9 2 625507 0 1
0 0 0 49856 9 2 580314 0 1
0 0 0 16102 10 1 583845 1 0
0 1 0 55763 10 2 659871 0 1
0 0 0 40423 11 2 567891 0 1
0 1 0 14679 11 1 613307 1 0
0 0 0 64785 12 2 568362 0 1
0 1 0 40233 12 1 646277 1 0
0 0 0 54397 13 2 577217 0 1
0 1 0 34630 13 1 616046 1 0
0 1 0 20185 14 1 618806 1 0
0 0 0 1971 14 1 552454 1 0
0 1 0 2699 15 1 614801 1 0
0 0 0 14108 15 1 563140 1 0
0 1 0 11220 0 1 598420 1 0
0 0 0 40136 0 2 544728 0 1
0 0 0 12149 1 1 504837 1 0
0 1 0 162 1 1 571464 1 0
0 0 0 15546 2 1 503391 1 0
0 1 0 26104 2 1 559163 1 0
0 0 0 55373 3 2 518974 0 1
0 1 0 35926 3 2 532044 0 1
0 1 0 16627 4 1 514675 1 0
0 0 0 17414 4 1 502045 1 0
0 1 0 51992 5 2 506474 0 1
0 0 0 44210 5 2 493490 0 1
0 1 0 58356 6 2 501157 0 1
0 0 0 11062 6 1 481520 1 0
0 0 0 24646 7 1 471242 1 0
0 1 0 22731 7 1 479964 1 0
0 0 0 24587 8 1 486765 1 0
0 1 0 696 8 1 454903 1 0
0 1 0 35072 9 2 427075 0 1
0 0 0 45738 9 2 482647 0 1
0 1 0 23674 10 1 394986 1 0
0 0 0 33139 10 2 499684 0 1
0 0 0 26306 11 1 485567 1 0
0 1 0 59185 11 2 439492 0 1
0 0 0 18910 12 1 439692 1 0
0 1 0 27554 12 2 426813 0 1
0 1 0 53791 13 2 445974 0 1
0 0 0 30902 13 2 416197 0 1
0 0 0 12642 14 1 426868 1 0
0 1 0 16853 14 1 442642 1 0
0 1 0 32834 15 2 472777 0 1
0 0 0 14930 15 1 427690 1 0
0 0 0 63556 0 2 451110 0 1
0 1 0 30302 0 1 491859 1 0
0 1 0 34401 1 2 526098 0 1
0 0 0 58292 1 2 497253 0 1
0 1 0 5332 2 1 505326 1 0
0 0 0 56340 2 2 538047 0 1
0 0 0 47814 3 2 530488 0 1
0 1 0 2822 3 1 472222 1 0
0 0 0 50437 4 2 563511 0 1
0 1 0 58243 4 2 513838 0 1
0 0 0 14907 5 1 534208 1 0
0 1 0 41720 5 2 503566 0 1
0 0 0 258 6 1 523404 1 0
0 1 0 14354 6 1 459564 1 0
0 1 0 17714 7 1 454547 1 0
0 0 0 46245 7 2 545003 0 1
0 0 0 16082 8 1 536498 1 0
0 1 0 31491 8 2 485342 0 1
0 1 0 39788 9 2 490058 0 1
0 0 0 35885 9 2 526645 0 1
0 1 0 65324 10 2 531708 0 1
0 0 0 20227 10 1 513733 1 0
0 0 0 63527 11 2 550954 0 1
0 1 0 22444 11 1 494967 1 0
0 1 0 16023 12 1 483436 1 0
0 0 0 36149 12 2 568193 0 1
0 1 0 34633 13 2 464278 0 1
0 0 0 22368 13 1 559659 1 0
0 0 0 14783 14 1 561800 1 0
0 1 0 57379 14 2 504804 0 1
0 1 0 25779 15 1 497749 1 0
0 0 0 59101 15 2 605971 0 1
0 0 0 41680 0 2 584095 0 1
0 1 0 43508 0 2 510955 0 1
0 0 0 3401 1 1 529204 1 0
0 1 0 584 1 1 477138 1 0
0 1 0 31116 2 1 502922 1 0
0 0 0 33456 2 2 506320 0 1
0 1 0 63734 3 2 563834 0 1
0 0 0 19326 3 1 477832 1 0
0 1 0 48653 4 2 554244 0 1
0 0 0 46835 4 2 474230 0 1
0 0 0 19161 5 1 478484 1 0
0 1 0 36720 5 2 549244 0 1
0 0 0 50597 6 2 528823 0 1
0 1 0 21534 6 1 556424 1 0
0 1 0 62424 7 2 601134 0 1
0 0 0 20239 7 1 502817 1 0
0 0 0 54902 8 2 541637 0 1
0 1 0 43383 8 2 613026 0 1
0 1 0 28878 9 1 602116 1 0
0 0 0 57034 9 2 562786 0 1
0 0 0 51127 10 2 593686 0 1
0 1 0 61159 10 2 597951 0 1
0 1 0 50329 11 2 625836 0 1
0 0 0 26897 11 1 557056 1 0
0 1 0 20919 12 1 630732 1 0
0 0 0 43314 12 2 564221 0 1
0 0 0 37359 13 2 579212 0 1
0 1 0 26106 13 1 622205 1 0
0 0 0 13217 14 1 577646 1 0
0 1 0 15591 14 1 580417 1 0
0 1 0 48648 15 2 603286 0 1
0 0 0 49249 15 2 567794 0 1
0 0 0 4011 0 1 530125 1 0
0 1 0 8613 0 1 568391 1 0
0 1 0 61845 1 2 629652 0 1
0 0 0 37089 1 2 563813 0 1
0 1 0 29016 2 1 627552 1 0
0 0 0 63432 2 2 593789 0 1
0 1 0 43049 3 2 606867 0 1
0 0 0 30966 3 1 605429 1 0
0 0 0 37501 4 2 596095 0 1
0 1 0 14938 4 1 573152 1 0
0 0 0 47979 5 2 624913 0 1
0 1 0 12917 5 1 549349 1 0
0 0 0 55437 6 2 629753 0 1
0 1 0 50018 6 2 577833 0 1
0 0 0 17431 7 1 626945 1 0
0 1 0 61703 7 2 577112 0 1
0 0 0 16396 8 1 588439 1 0
0 1 0 55233 8 2 588962 0 1
0 1 0 31771 9 1 591855 1 0
0 0 0 41102 9 2 572507 0 1
0 0 0 20013 10 1 541393 1 0
0 1 0 31847 10 1 562543 1 0
0 1 0 42682 11 2 554896 0 1
0 0 0 33398 11 1 547894 1 0
0 0 0 39215 12 2 543795 0 1
0 1 0 40379 12 2 574356 0 1
0 1 0 14174 13 1 562424 1 0
0 0 0 57743 13 2 564179 0 1
0 1 0 6041 14 1 552874 1 0
0 0 0 11292 14 1 562254 1 0
0 1 0 57757 15 2 561983 0 1
0 0 0 47375 15 2 560380 0 1
0 1 0 47162 0 2 600532 0 1
0 0 0 21398 0 1 577767 1 0
0 1 0 25786 1 1 564473 1 0
0 0 0 32648 1 1 573326 1 0
0 0 0 43657 2 2 553551 0 1
0 1 0 63363 2 2 598820 0 1
0 0 0 54346 3 2 576931 0 1
0 1 0 1129 3 1 556900 1 0
0 0 0 18251 4 1 557681 1 0
0 1 0 7098 4 1 549060 1 0
0 0 0 22898 5 1 532600 1 0
0 1 0 43128 5 2 579271 0 1
0 1 0 61138 6 2 590391 0 1
0 0 0 47355 6 2 524518 0 1
0 1 0 7280 7 1 535968 1 0
0 0 0 38028 7 2 545115 0 1
0 0 0 6078 8 1 534797 1 0
0 1 0 21611 8 1 502346 1 0
0 1 0 55878 9 2 526453 0 1
0 0 0 13631 9 1 507326 1 0
0 0 0 40609 10 2 527922 0 1
0 1 0 5058 10 1 499664 1 0
0 1 0 58576 11 2 515558 0 1
0 0 0 25722 11 1 520246 1 0
0 1 0 30669 12 1 505848 1 0
0 0 0 16940 12 1 497971 1 0
0 1 0 53292 13 2 544966 0 1
0 0 0 40719 13 2 480947 0 1
0 0 0 63454 14 2 533109 0 1
0 1 0 49211 14 2 588136 0 1
0 0 0 60967 15 2 546701 0 1
0 1 0 41074 15 2 571453 0 1
0 0 0 508 0 1 525811 1 0
0 1 0 39999 0 2 564290 0 1
0 1 0 16519 1 1 555023 1 0
0 0 0 54805 1 2 547968 0 1
0 0 0 39623 2 2 543934 0 1
0 1 0 7958 2 1 499618 1 0
0 1 0 26261 3 1 524750 1 0
0 0 0 63213 3 2 552801 0 1
0 0 0 23060 4 1 557610 1 0
0 1 0 14324 4 1 531976 1 0
0 1 0 320 5 1 489168 1 0
0 0 0 52153 5 2 586865 0 1
0 0 0 64460 6 2 603970 0 1
0 1 0 36930 6 2 464960 0 1
0 1 0 6240 7 1 463920 1 0
0 0 0 1314 7 1 567256 1 0
0 1 0 9533 8 1 451842 1 0
0 0 0 3757 8 1 564935 1 0
0 1 0 47989 9 2 443953 0 1
0 0 0 2762 9 1 554066 1 0
0 1 0 5389 10 1 444284 1 0
0 0 0 8207 10 1 521664 1 0
0 0 0 23088 11 1 519030 1 0
0 1 0 19114 11 1 404822 1 0
0 0 0 29981 12 1 532071 1 0
0 1 0 12667 12 1 386820 1 0
0 1 0 39643 13 2 373171 0 1
0 0 0 33076 13 2 524428 0 1
0 1 0 14320 14 1 338280 1 0
0 0 0 27962 14 1 488936 1 0
0 1 0 42139 15 2 339345 0 1
0 0 0 62906 15 2 490875 0 1
0 1 0 57959 0 2 357305 0 1
0 0 0 53264 0 2 543631 0 1
